root://dtn-eic.jlab.org//volatile/eic/EPIC/RECO/25.08.0/epic_craterlake/DIS/NC/5x41/minQ2=100/pythia8NCDIS_5x41_minQ2=100_beamEffects_xAngle=-0.025_hiDiv_1.0000.eicrecon.edm4eic.root,1438.0
root://dtn-eic.jlab.org//volatile/eic/EPIC/RECO/25.08.0/epic_craterlake/DIS/NC/5x41/minQ2=100/pythia8NCDIS_5x41_minQ2=100_beamEffects_xAngle=-0.025_hiDiv_1.0001.eicrecon.edm4eic.root,1438.0
root://dtn-eic.jlab.org//volatile/eic/EPIC/RECO/25.08.0/epic_craterlake/DIS/NC/5x41/minQ2=100/pythia8NCDIS_5x41_minQ2=100_beamEffects_xAngle=-0.025_hiDiv_1.0002.eicrecon.edm4eic.root,1438.0
root://dtn-eic.jlab.org//volatile/eic/EPIC/RECO/25.08.0/epic_craterlake/DIS/NC/5x41/minQ2=100/pythia8NCDIS_5x41_minQ2=100_beamEffects_xAngle=-0.025_hiDiv_1.0003.eicrecon.edm4eic.root,1438.0
root://dtn-eic.jlab.org//volatile/eic/EPIC/RECO/25.08.0/epic_craterlake/DIS/NC/5x41/minQ2=100/pythia8NCDIS_5x41_minQ2=100_beamEffects_xAngle=-0.025_hiDiv_1.0004.eicrecon.edm4eic.root,1438.0
root://dtn-eic.jlab.org//volatile/eic/EPIC/RECO/25.08.0/epic_craterlake/DIS/NC/5x41/minQ2=100/pythia8NCDIS_5x41_minQ2=100_beamEffects_xAngle=-0.025_hiDiv_1.0005.eicrecon.edm4eic.root,1438.0
root://dtn-eic.jlab.org//volatile/eic/EPIC/RECO/25.08.0/epic_craterlake/DIS/NC/5x41/minQ2=100/pythia8NCDIS_5x41_minQ2=100_beamEffects_xAngle=-0.025_hiDiv_1.0006.eicrecon.edm4eic.root,1438.0
root://dtn-eic.jlab.org//volatile/eic/EPIC/RECO/25.08.0/epic_craterlake/DIS/NC/5x41/minQ2=100/pythia8NCDIS_5x41_minQ2=100_beamEffects_xAngle=-0.025_hiDiv_1.0007.eicrecon.edm4eic.root,1438.0
root://dtn-eic.jlab.org//volatile/eic/EPIC/RECO/25.08.0/epic_craterlake/DIS/NC/5x41/minQ2=100/pythia8NCDIS_5x41_minQ2=100_beamEffects_xAngle=-0.025_hiDiv_1.0008.eicrecon.edm4eic.root,1438.0
root://dtn-eic.jlab.org//volatile/eic/EPIC/RECO/25.08.0/epic_craterlake/DIS/NC/5x41/minQ2=100/pythia8NCDIS_5x41_minQ2=100_beamEffects_xAngle=-0.025_hiDiv_1.0009.eicrecon.edm4eic.root,1438.0
root://dtn-eic.jlab.org//volatile/eic/EPIC/RECO/25.08.0/epic_craterlake/DIS/NC/5x41/minQ2=100/pythia8NCDIS_5x41_minQ2=100_beamEffects_xAngle=-0.025_hiDiv_1.0010.eicrecon.edm4eic.root,1438.0
root://dtn-eic.jlab.org//volatile/eic/EPIC/RECO/25.08.0/epic_craterlake/DIS/NC/5x41/minQ2=100/pythia8NCDIS_5x41_minQ2=100_beamEffects_xAngle=-0.025_hiDiv_1.0011.eicrecon.edm4eic.root,1438.0
root://dtn-eic.jlab.org//volatile/eic/EPIC/RECO/25.08.0/epic_craterlake/DIS/NC/5x41/minQ2=100/pythia8NCDIS_5x41_minQ2=100_beamEffects_xAngle=-0.025_hiDiv_1.0012.eicrecon.edm4eic.root,1438.0
root://dtn-eic.jlab.org//volatile/eic/EPIC/RECO/25.08.0/epic_craterlake/DIS/NC/5x41/minQ2=100/pythia8NCDIS_5x41_minQ2=100_beamEffects_xAngle=-0.025_hiDiv_1.0013.eicrecon.edm4eic.root,1438.0
root://dtn-eic.jlab.org//volatile/eic/EPIC/RECO/25.08.0/epic_craterlake/DIS/NC/5x41/minQ2=100/pythia8NCDIS_5x41_minQ2=100_beamEffects_xAngle=-0.025_hiDiv_1.0014.eicrecon.edm4eic.root,1438.0
root://dtn-eic.jlab.org//volatile/eic/EPIC/RECO/25.08.0/epic_craterlake/DIS/NC/5x41/minQ2=100/pythia8NCDIS_5x41_minQ2=100_beamEffects_xAngle=-0.025_hiDiv_1.0015.eicrecon.edm4eic.root,1438.0
root://dtn-eic.jlab.org//volatile/eic/EPIC/RECO/25.08.0/epic_craterlake/DIS/NC/5x41/minQ2=100/pythia8NCDIS_5x41_minQ2=100_beamEffects_xAngle=-0.025_hiDiv_1.0016.eicrecon.edm4eic.root,1438.0
root://dtn-eic.jlab.org//volatile/eic/EPIC/RECO/25.08.0/epic_craterlake/DIS/NC/5x41/minQ2=100/pythia8NCDIS_5x41_minQ2=100_beamEffects_xAngle=-0.025_hiDiv_1.0017.eicrecon.edm4eic.root,1438.0
root://dtn-eic.jlab.org//volatile/eic/EPIC/RECO/25.08.0/epic_craterlake/DIS/NC/5x41/minQ2=100/pythia8NCDIS_5x41_minQ2=100_beamEffects_xAngle=-0.025_hiDiv_1.0018.eicrecon.edm4eic.root,1438.0
root://dtn-eic.jlab.org//volatile/eic/EPIC/RECO/25.08.0/epic_craterlake/DIS/NC/5x41/minQ2=100/pythia8NCDIS_5x41_minQ2=100_beamEffects_xAngle=-0.025_hiDiv_1.0019.eicrecon.edm4eic.root,1438.0
root://dtn-eic.jlab.org//volatile/eic/EPIC/RECO/25.08.0/epic_craterlake/DIS/NC/5x41/minQ2=100/pythia8NCDIS_5x41_minQ2=100_beamEffects_xAngle=-0.025_hiDiv_1.0020.eicrecon.edm4eic.root,1438.0
root://dtn-eic.jlab.org//volatile/eic/EPIC/RECO/25.08.0/epic_craterlake/DIS/NC/5x41/minQ2=100/pythia8NCDIS_5x41_minQ2=100_beamEffects_xAngle=-0.025_hiDiv_1.0021.eicrecon.edm4eic.root,1438.0
root://dtn-eic.jlab.org//volatile/eic/EPIC/RECO/25.08.0/epic_craterlake/DIS/NC/5x41/minQ2=100/pythia8NCDIS_5x41_minQ2=100_beamEffects_xAngle=-0.025_hiDiv_1.0022.eicrecon.edm4eic.root,1438.0
root://dtn-eic.jlab.org//volatile/eic/EPIC/RECO/25.08.0/epic_craterlake/DIS/NC/5x41/minQ2=100/pythia8NCDIS_5x41_minQ2=100_beamEffects_xAngle=-0.025_hiDiv_1.0023.eicrecon.edm4eic.root,1438.0
root://dtn-eic.jlab.org//volatile/eic/EPIC/RECO/25.08.0/epic_craterlake/DIS/NC/5x41/minQ2=100/pythia8NCDIS_5x41_minQ2=100_beamEffects_xAngle=-0.025_hiDiv_1.0024.eicrecon.edm4eic.root,1438.0
root://dtn-eic.jlab.org//volatile/eic/EPIC/RECO/25.08.0/epic_craterlake/DIS/NC/5x41/minQ2=100/pythia8NCDIS_5x41_minQ2=100_beamEffects_xAngle=-0.025_hiDiv_1.0025.eicrecon.edm4eic.root,1438.0
root://dtn-eic.jlab.org//volatile/eic/EPIC/RECO/25.08.0/epic_craterlake/DIS/NC/5x41/minQ2=100/pythia8NCDIS_5x41_minQ2=100_beamEffects_xAngle=-0.025_hiDiv_1.0026.eicrecon.edm4eic.root,1438.0
root://dtn-eic.jlab.org//volatile/eic/EPIC/RECO/25.08.0/epic_craterlake/DIS/NC/5x41/minQ2=100/pythia8NCDIS_5x41_minQ2=100_beamEffects_xAngle=-0.025_hiDiv_1.0027.eicrecon.edm4eic.root,1438.0
root://dtn-eic.jlab.org//volatile/eic/EPIC/RECO/25.08.0/epic_craterlake/DIS/NC/5x41/minQ2=100/pythia8NCDIS_5x41_minQ2=100_beamEffects_xAngle=-0.025_hiDiv_1.0028.eicrecon.edm4eic.root,1438.0
root://dtn-eic.jlab.org//volatile/eic/EPIC/RECO/25.08.0/epic_craterlake/DIS/NC/5x41/minQ2=100/pythia8NCDIS_5x41_minQ2=100_beamEffects_xAngle=-0.025_hiDiv_1.0029.eicrecon.edm4eic.root,1438.0
root://dtn-eic.jlab.org//volatile/eic/EPIC/RECO/25.08.0/epic_craterlake/DIS/NC/5x41/minQ2=100/pythia8NCDIS_5x41_minQ2=100_beamEffects_xAngle=-0.025_hiDiv_1.0030.eicrecon.edm4eic.root,1438.0
root://dtn-eic.jlab.org//volatile/eic/EPIC/RECO/25.08.0/epic_craterlake/DIS/NC/5x41/minQ2=100/pythia8NCDIS_5x41_minQ2=100_beamEffects_xAngle=-0.025_hiDiv_1.0031.eicrecon.edm4eic.root,1438.0
root://dtn-eic.jlab.org//volatile/eic/EPIC/RECO/25.08.0/epic_craterlake/DIS/NC/5x41/minQ2=100/pythia8NCDIS_5x41_minQ2=100_beamEffects_xAngle=-0.025_hiDiv_1.0032.eicrecon.edm4eic.root,1438.0
root://dtn-eic.jlab.org//volatile/eic/EPIC/RECO/25.08.0/epic_craterlake/DIS/NC/5x41/minQ2=100/pythia8NCDIS_5x41_minQ2=100_beamEffects_xAngle=-0.025_hiDiv_1.0033.eicrecon.edm4eic.root,1438.0
root://dtn-eic.jlab.org//volatile/eic/EPIC/RECO/25.08.0/epic_craterlake/DIS/NC/5x41/minQ2=100/pythia8NCDIS_5x41_minQ2=100_beamEffects_xAngle=-0.025_hiDiv_1.0034.eicrecon.edm4eic.root,1438.0
root://dtn-eic.jlab.org//volatile/eic/EPIC/RECO/25.08.0/epic_craterlake/DIS/NC/5x41/minQ2=100/pythia8NCDIS_5x41_minQ2=100_beamEffects_xAngle=-0.025_hiDiv_1.0035.eicrecon.edm4eic.root,1438.0
root://dtn-eic.jlab.org//volatile/eic/EPIC/RECO/25.08.0/epic_craterlake/DIS/NC/5x41/minQ2=100/pythia8NCDIS_5x41_minQ2=100_beamEffects_xAngle=-0.025_hiDiv_1.0036.eicrecon.edm4eic.root,1438.0
root://dtn-eic.jlab.org//volatile/eic/EPIC/RECO/25.08.0/epic_craterlake/DIS/NC/5x41/minQ2=100/pythia8NCDIS_5x41_minQ2=100_beamEffects_xAngle=-0.025_hiDiv_1.0037.eicrecon.edm4eic.root,1438.0
root://dtn-eic.jlab.org//volatile/eic/EPIC/RECO/25.08.0/epic_craterlake/DIS/NC/5x41/minQ2=100/pythia8NCDIS_5x41_minQ2=100_beamEffects_xAngle=-0.025_hiDiv_1.0038.eicrecon.edm4eic.root,1438.0
root://dtn-eic.jlab.org//volatile/eic/EPIC/RECO/25.08.0/epic_craterlake/DIS/NC/5x41/minQ2=100/pythia8NCDIS_5x41_minQ2=100_beamEffects_xAngle=-0.025_hiDiv_1.0039.eicrecon.edm4eic.root,1438.0
root://dtn-eic.jlab.org//volatile/eic/EPIC/RECO/25.08.0/epic_craterlake/DIS/NC/5x41/minQ2=100/pythia8NCDIS_5x41_minQ2=100_beamEffects_xAngle=-0.025_hiDiv_1.0040.eicrecon.edm4eic.root,1438.0
root://dtn-eic.jlab.org//volatile/eic/EPIC/RECO/25.08.0/epic_craterlake/DIS/NC/5x41/minQ2=100/pythia8NCDIS_5x41_minQ2=100_beamEffects_xAngle=-0.025_hiDiv_1.0041.eicrecon.edm4eic.root,1438.0
root://dtn-eic.jlab.org//volatile/eic/EPIC/RECO/25.08.0/epic_craterlake/DIS/NC/5x41/minQ2=100/pythia8NCDIS_5x41_minQ2=100_beamEffects_xAngle=-0.025_hiDiv_1.0042.eicrecon.edm4eic.root,1438.0
root://dtn-eic.jlab.org//volatile/eic/EPIC/RECO/25.08.0/epic_craterlake/DIS/NC/5x41/minQ2=100/pythia8NCDIS_5x41_minQ2=100_beamEffects_xAngle=-0.025_hiDiv_1.0043.eicrecon.edm4eic.root,1438.0
root://dtn-eic.jlab.org//volatile/eic/EPIC/RECO/25.08.0/epic_craterlake/DIS/NC/5x41/minQ2=100/pythia8NCDIS_5x41_minQ2=100_beamEffects_xAngle=-0.025_hiDiv_1.0044.eicrecon.edm4eic.root,1438.0
root://dtn-eic.jlab.org//volatile/eic/EPIC/RECO/25.08.0/epic_craterlake/DIS/NC/5x41/minQ2=100/pythia8NCDIS_5x41_minQ2=100_beamEffects_xAngle=-0.025_hiDiv_1.0045.eicrecon.edm4eic.root,1438.0
root://dtn-eic.jlab.org//volatile/eic/EPIC/RECO/25.08.0/epic_craterlake/DIS/NC/5x41/minQ2=100/pythia8NCDIS_5x41_minQ2=100_beamEffects_xAngle=-0.025_hiDiv_1.0046.eicrecon.edm4eic.root,1438.0
root://dtn-eic.jlab.org//volatile/eic/EPIC/RECO/25.08.0/epic_craterlake/DIS/NC/5x41/minQ2=100/pythia8NCDIS_5x41_minQ2=100_beamEffects_xAngle=-0.025_hiDiv_1.0047.eicrecon.edm4eic.root,1438.0
root://dtn-eic.jlab.org//volatile/eic/EPIC/RECO/25.08.0/epic_craterlake/DIS/NC/5x41/minQ2=100/pythia8NCDIS_5x41_minQ2=100_beamEffects_xAngle=-0.025_hiDiv_1.0048.eicrecon.edm4eic.root,1438.0
root://dtn-eic.jlab.org//volatile/eic/EPIC/RECO/25.08.0/epic_craterlake/DIS/NC/5x41/minQ2=100/pythia8NCDIS_5x41_minQ2=100_beamEffects_xAngle=-0.025_hiDiv_1.0049.eicrecon.edm4eic.root,1438.0
root://dtn-eic.jlab.org//volatile/eic/EPIC/RECO/25.08.0/epic_craterlake/DIS/NC/5x41/minQ2=100/pythia8NCDIS_5x41_minQ2=100_beamEffects_xAngle=-0.025_hiDiv_1.0050.eicrecon.edm4eic.root,1438.0
root://dtn-eic.jlab.org//volatile/eic/EPIC/RECO/25.08.0/epic_craterlake/DIS/NC/5x41/minQ2=100/pythia8NCDIS_5x41_minQ2=100_beamEffects_xAngle=-0.025_hiDiv_1.0051.eicrecon.edm4eic.root,1438.0
root://dtn-eic.jlab.org//volatile/eic/EPIC/RECO/25.08.0/epic_craterlake/DIS/NC/5x41/minQ2=100/pythia8NCDIS_5x41_minQ2=100_beamEffects_xAngle=-0.025_hiDiv_1.0052.eicrecon.edm4eic.root,1438.0
root://dtn-eic.jlab.org//volatile/eic/EPIC/RECO/25.08.0/epic_craterlake/DIS/NC/5x41/minQ2=100/pythia8NCDIS_5x41_minQ2=100_beamEffects_xAngle=-0.025_hiDiv_1.0053.eicrecon.edm4eic.root,1438.0
root://dtn-eic.jlab.org//volatile/eic/EPIC/RECO/25.08.0/epic_craterlake/DIS/NC/5x41/minQ2=100/pythia8NCDIS_5x41_minQ2=100_beamEffects_xAngle=-0.025_hiDiv_1.0054.eicrecon.edm4eic.root,1438.0
root://dtn-eic.jlab.org//volatile/eic/EPIC/RECO/25.08.0/epic_craterlake/DIS/NC/5x41/minQ2=100/pythia8NCDIS_5x41_minQ2=100_beamEffects_xAngle=-0.025_hiDiv_1.0055.eicrecon.edm4eic.root,1438.0
root://dtn-eic.jlab.org//volatile/eic/EPIC/RECO/25.08.0/epic_craterlake/DIS/NC/5x41/minQ2=100/pythia8NCDIS_5x41_minQ2=100_beamEffects_xAngle=-0.025_hiDiv_1.0056.eicrecon.edm4eic.root,1438.0
root://dtn-eic.jlab.org//volatile/eic/EPIC/RECO/25.08.0/epic_craterlake/DIS/NC/5x41/minQ2=100/pythia8NCDIS_5x41_minQ2=100_beamEffects_xAngle=-0.025_hiDiv_1.0057.eicrecon.edm4eic.root,1438.0
root://dtn-eic.jlab.org//volatile/eic/EPIC/RECO/25.08.0/epic_craterlake/DIS/NC/5x41/minQ2=100/pythia8NCDIS_5x41_minQ2=100_beamEffects_xAngle=-0.025_hiDiv_1.0058.eicrecon.edm4eic.root,1438.0
root://dtn-eic.jlab.org//volatile/eic/EPIC/RECO/25.08.0/epic_craterlake/DIS/NC/5x41/minQ2=100/pythia8NCDIS_5x41_minQ2=100_beamEffects_xAngle=-0.025_hiDiv_1.0059.eicrecon.edm4eic.root,1438.0
root://dtn-eic.jlab.org//volatile/eic/EPIC/RECO/25.08.0/epic_craterlake/DIS/NC/5x41/minQ2=100/pythia8NCDIS_5x41_minQ2=100_beamEffects_xAngle=-0.025_hiDiv_1.0060.eicrecon.edm4eic.root,1438.0
root://dtn-eic.jlab.org//volatile/eic/EPIC/RECO/25.08.0/epic_craterlake/DIS/NC/5x41/minQ2=100/pythia8NCDIS_5x41_minQ2=100_beamEffects_xAngle=-0.025_hiDiv_1.0061.eicrecon.edm4eic.root,1438.0
root://dtn-eic.jlab.org//volatile/eic/EPIC/RECO/25.08.0/epic_craterlake/DIS/NC/5x41/minQ2=100/pythia8NCDIS_5x41_minQ2=100_beamEffects_xAngle=-0.025_hiDiv_1.0062.eicrecon.edm4eic.root,1438.0
root://dtn-eic.jlab.org//volatile/eic/EPIC/RECO/25.08.0/epic_craterlake/DIS/NC/5x41/minQ2=100/pythia8NCDIS_5x41_minQ2=100_beamEffects_xAngle=-0.025_hiDiv_1.0063.eicrecon.edm4eic.root,1438.0
root://dtn-eic.jlab.org//volatile/eic/EPIC/RECO/25.08.0/epic_craterlake/DIS/NC/5x41/minQ2=100/pythia8NCDIS_5x41_minQ2=100_beamEffects_xAngle=-0.025_hiDiv_1.0064.eicrecon.edm4eic.root,1438.0
root://dtn-eic.jlab.org//volatile/eic/EPIC/RECO/25.08.0/epic_craterlake/DIS/NC/5x41/minQ2=100/pythia8NCDIS_5x41_minQ2=100_beamEffects_xAngle=-0.025_hiDiv_1.0065.eicrecon.edm4eic.root,1438.0
root://dtn-eic.jlab.org//volatile/eic/EPIC/RECO/25.08.0/epic_craterlake/DIS/NC/5x41/minQ2=100/pythia8NCDIS_5x41_minQ2=100_beamEffects_xAngle=-0.025_hiDiv_1.0066.eicrecon.edm4eic.root,1438.0
root://dtn-eic.jlab.org//volatile/eic/EPIC/RECO/25.08.0/epic_craterlake/DIS/NC/5x41/minQ2=100/pythia8NCDIS_5x41_minQ2=100_beamEffects_xAngle=-0.025_hiDiv_1.0067.eicrecon.edm4eic.root,1438.0
root://dtn-eic.jlab.org//volatile/eic/EPIC/RECO/25.08.0/epic_craterlake/DIS/NC/5x41/minQ2=100/pythia8NCDIS_5x41_minQ2=100_beamEffects_xAngle=-0.025_hiDiv_1.0068.eicrecon.edm4eic.root,1438.0
root://dtn-eic.jlab.org//volatile/eic/EPIC/RECO/25.08.0/epic_craterlake/DIS/NC/5x41/minQ2=100/pythia8NCDIS_5x41_minQ2=100_beamEffects_xAngle=-0.025_hiDiv_1.0069.eicrecon.edm4eic.root,1438.0
root://dtn-eic.jlab.org//volatile/eic/EPIC/RECO/25.08.0/epic_craterlake/DIS/NC/5x41/minQ2=100/pythia8NCDIS_5x41_minQ2=100_beamEffects_xAngle=-0.025_hiDiv_1.0070.eicrecon.edm4eic.root,1438.0
root://dtn-eic.jlab.org//volatile/eic/EPIC/RECO/25.08.0/epic_craterlake/DIS/NC/5x41/minQ2=100/pythia8NCDIS_5x41_minQ2=100_beamEffects_xAngle=-0.025_hiDiv_1.0071.eicrecon.edm4eic.root,1438.0
root://dtn-eic.jlab.org//volatile/eic/EPIC/RECO/25.08.0/epic_craterlake/DIS/NC/5x41/minQ2=100/pythia8NCDIS_5x41_minQ2=100_beamEffects_xAngle=-0.025_hiDiv_1.0072.eicrecon.edm4eic.root,1438.0
root://dtn-eic.jlab.org//volatile/eic/EPIC/RECO/25.08.0/epic_craterlake/DIS/NC/5x41/minQ2=100/pythia8NCDIS_5x41_minQ2=100_beamEffects_xAngle=-0.025_hiDiv_1.0073.eicrecon.edm4eic.root,1438.0
root://dtn-eic.jlab.org//volatile/eic/EPIC/RECO/25.08.0/epic_craterlake/DIS/NC/5x41/minQ2=100/pythia8NCDIS_5x41_minQ2=100_beamEffects_xAngle=-0.025_hiDiv_1.0074.eicrecon.edm4eic.root,1438.0
root://dtn-eic.jlab.org//volatile/eic/EPIC/RECO/25.08.0/epic_craterlake/DIS/NC/5x41/minQ2=100/pythia8NCDIS_5x41_minQ2=100_beamEffects_xAngle=-0.025_hiDiv_1.0075.eicrecon.edm4eic.root,1438.0
root://dtn-eic.jlab.org//volatile/eic/EPIC/RECO/25.08.0/epic_craterlake/DIS/NC/5x41/minQ2=100/pythia8NCDIS_5x41_minQ2=100_beamEffects_xAngle=-0.025_hiDiv_1.0076.eicrecon.edm4eic.root,1438.0
root://dtn-eic.jlab.org//volatile/eic/EPIC/RECO/25.08.0/epic_craterlake/DIS/NC/5x41/minQ2=100/pythia8NCDIS_5x41_minQ2=100_beamEffects_xAngle=-0.025_hiDiv_1.0077.eicrecon.edm4eic.root,1438.0
root://dtn-eic.jlab.org//volatile/eic/EPIC/RECO/25.08.0/epic_craterlake/DIS/NC/5x41/minQ2=100/pythia8NCDIS_5x41_minQ2=100_beamEffects_xAngle=-0.025_hiDiv_1.0078.eicrecon.edm4eic.root,1438.0
root://dtn-eic.jlab.org//volatile/eic/EPIC/RECO/25.08.0/epic_craterlake/DIS/NC/5x41/minQ2=100/pythia8NCDIS_5x41_minQ2=100_beamEffects_xAngle=-0.025_hiDiv_1.0079.eicrecon.edm4eic.root,1438.0
root://dtn-eic.jlab.org//volatile/eic/EPIC/RECO/25.08.0/epic_craterlake/DIS/NC/5x41/minQ2=100/pythia8NCDIS_5x41_minQ2=100_beamEffects_xAngle=-0.025_hiDiv_1.0080.eicrecon.edm4eic.root,1438.0
root://dtn-eic.jlab.org//volatile/eic/EPIC/RECO/25.08.0/epic_craterlake/DIS/NC/5x41/minQ2=100/pythia8NCDIS_5x41_minQ2=100_beamEffects_xAngle=-0.025_hiDiv_1.0081.eicrecon.edm4eic.root,1438.0
root://dtn-eic.jlab.org//volatile/eic/EPIC/RECO/25.08.0/epic_craterlake/DIS/NC/5x41/minQ2=100/pythia8NCDIS_5x41_minQ2=100_beamEffects_xAngle=-0.025_hiDiv_1.0082.eicrecon.edm4eic.root,1438.0
root://dtn-eic.jlab.org//volatile/eic/EPIC/RECO/25.08.0/epic_craterlake/DIS/NC/5x41/minQ2=100/pythia8NCDIS_5x41_minQ2=100_beamEffects_xAngle=-0.025_hiDiv_1.0083.eicrecon.edm4eic.root,1438.0
root://dtn-eic.jlab.org//volatile/eic/EPIC/RECO/25.08.0/epic_craterlake/DIS/NC/5x41/minQ2=100/pythia8NCDIS_5x41_minQ2=100_beamEffects_xAngle=-0.025_hiDiv_1.0084.eicrecon.edm4eic.root,1438.0
root://dtn-eic.jlab.org//volatile/eic/EPIC/RECO/25.08.0/epic_craterlake/DIS/NC/5x41/minQ2=100/pythia8NCDIS_5x41_minQ2=100_beamEffects_xAngle=-0.025_hiDiv_1.0085.eicrecon.edm4eic.root,1438.0
root://dtn-eic.jlab.org//volatile/eic/EPIC/RECO/25.08.0/epic_craterlake/DIS/NC/5x41/minQ2=100/pythia8NCDIS_5x41_minQ2=100_beamEffects_xAngle=-0.025_hiDiv_1.0086.eicrecon.edm4eic.root,1438.0
root://dtn-eic.jlab.org//volatile/eic/EPIC/RECO/25.08.0/epic_craterlake/DIS/NC/5x41/minQ2=100/pythia8NCDIS_5x41_minQ2=100_beamEffects_xAngle=-0.025_hiDiv_1.0087.eicrecon.edm4eic.root,1438.0
root://dtn-eic.jlab.org//volatile/eic/EPIC/RECO/25.08.0/epic_craterlake/DIS/NC/5x41/minQ2=100/pythia8NCDIS_5x41_minQ2=100_beamEffects_xAngle=-0.025_hiDiv_1.0088.eicrecon.edm4eic.root,1438.0
root://dtn-eic.jlab.org//volatile/eic/EPIC/RECO/25.08.0/epic_craterlake/DIS/NC/5x41/minQ2=100/pythia8NCDIS_5x41_minQ2=100_beamEffects_xAngle=-0.025_hiDiv_1.0089.eicrecon.edm4eic.root,1438.0
root://dtn-eic.jlab.org//volatile/eic/EPIC/RECO/25.08.0/epic_craterlake/DIS/NC/5x41/minQ2=100/pythia8NCDIS_5x41_minQ2=100_beamEffects_xAngle=-0.025_hiDiv_1.0090.eicrecon.edm4eic.root,1438.0
root://dtn-eic.jlab.org//volatile/eic/EPIC/RECO/25.08.0/epic_craterlake/DIS/NC/5x41/minQ2=100/pythia8NCDIS_5x41_minQ2=100_beamEffects_xAngle=-0.025_hiDiv_1.0091.eicrecon.edm4eic.root,1438.0
root://dtn-eic.jlab.org//volatile/eic/EPIC/RECO/25.08.0/epic_craterlake/DIS/NC/5x41/minQ2=100/pythia8NCDIS_5x41_minQ2=100_beamEffects_xAngle=-0.025_hiDiv_1.0092.eicrecon.edm4eic.root,1438.0
root://dtn-eic.jlab.org//volatile/eic/EPIC/RECO/25.08.0/epic_craterlake/DIS/NC/5x41/minQ2=100/pythia8NCDIS_5x41_minQ2=100_beamEffects_xAngle=-0.025_hiDiv_1.0093.eicrecon.edm4eic.root,1438.0
root://dtn-eic.jlab.org//volatile/eic/EPIC/RECO/25.08.0/epic_craterlake/DIS/NC/5x41/minQ2=100/pythia8NCDIS_5x41_minQ2=100_beamEffects_xAngle=-0.025_hiDiv_1.0094.eicrecon.edm4eic.root,1438.0
root://dtn-eic.jlab.org//volatile/eic/EPIC/RECO/25.08.0/epic_craterlake/DIS/NC/5x41/minQ2=100/pythia8NCDIS_5x41_minQ2=100_beamEffects_xAngle=-0.025_hiDiv_1.0095.eicrecon.edm4eic.root,1438.0
root://dtn-eic.jlab.org//volatile/eic/EPIC/RECO/25.08.0/epic_craterlake/DIS/NC/5x41/minQ2=100/pythia8NCDIS_5x41_minQ2=100_beamEffects_xAngle=-0.025_hiDiv_1.0096.eicrecon.edm4eic.root,1438.0
root://dtn-eic.jlab.org//volatile/eic/EPIC/RECO/25.08.0/epic_craterlake/DIS/NC/5x41/minQ2=100/pythia8NCDIS_5x41_minQ2=100_beamEffects_xAngle=-0.025_hiDiv_1.0097.eicrecon.edm4eic.root,1438.0
root://dtn-eic.jlab.org//volatile/eic/EPIC/RECO/25.08.0/epic_craterlake/DIS/NC/5x41/minQ2=100/pythia8NCDIS_5x41_minQ2=100_beamEffects_xAngle=-0.025_hiDiv_1.0098.eicrecon.edm4eic.root,1438.0
root://dtn-eic.jlab.org//volatile/eic/EPIC/RECO/25.08.0/epic_craterlake/DIS/NC/5x41/minQ2=100/pythia8NCDIS_5x41_minQ2=100_beamEffects_xAngle=-0.025_hiDiv_1.0099.eicrecon.edm4eic.root,1438.0
root://dtn-eic.jlab.org//volatile/eic/EPIC/RECO/25.08.0/epic_craterlake/DIS/NC/5x41/minQ2=100/pythia8NCDIS_5x41_minQ2=100_beamEffects_xAngle=-0.025_hiDiv_1.0100.eicrecon.edm4eic.root,1438.0
root://dtn-eic.jlab.org//volatile/eic/EPIC/RECO/25.08.0/epic_craterlake/DIS/NC/5x41/minQ2=100/pythia8NCDIS_5x41_minQ2=100_beamEffects_xAngle=-0.025_hiDiv_1.0101.eicrecon.edm4eic.root,1438.0
root://dtn-eic.jlab.org//volatile/eic/EPIC/RECO/25.08.0/epic_craterlake/DIS/NC/5x41/minQ2=100/pythia8NCDIS_5x41_minQ2=100_beamEffects_xAngle=-0.025_hiDiv_1.0102.eicrecon.edm4eic.root,1438.0
root://dtn-eic.jlab.org//volatile/eic/EPIC/RECO/25.08.0/epic_craterlake/DIS/NC/5x41/minQ2=100/pythia8NCDIS_5x41_minQ2=100_beamEffects_xAngle=-0.025_hiDiv_1.0103.eicrecon.edm4eic.root,1438.0
root://dtn-eic.jlab.org//volatile/eic/EPIC/RECO/25.08.0/epic_craterlake/DIS/NC/5x41/minQ2=100/pythia8NCDIS_5x41_minQ2=100_beamEffects_xAngle=-0.025_hiDiv_1.0104.eicrecon.edm4eic.root,1438.0
root://dtn-eic.jlab.org//volatile/eic/EPIC/RECO/25.08.0/epic_craterlake/DIS/NC/5x41/minQ2=100/pythia8NCDIS_5x41_minQ2=100_beamEffects_xAngle=-0.025_hiDiv_1.0105.eicrecon.edm4eic.root,1438.0
root://dtn-eic.jlab.org//volatile/eic/EPIC/RECO/25.08.0/epic_craterlake/DIS/NC/5x41/minQ2=100/pythia8NCDIS_5x41_minQ2=100_beamEffects_xAngle=-0.025_hiDiv_1.0106.eicrecon.edm4eic.root,1438.0
root://dtn-eic.jlab.org//volatile/eic/EPIC/RECO/25.08.0/epic_craterlake/DIS/NC/5x41/minQ2=100/pythia8NCDIS_5x41_minQ2=100_beamEffects_xAngle=-0.025_hiDiv_1.0107.eicrecon.edm4eic.root,1438.0
root://dtn-eic.jlab.org//volatile/eic/EPIC/RECO/25.08.0/epic_craterlake/DIS/NC/5x41/minQ2=100/pythia8NCDIS_5x41_minQ2=100_beamEffects_xAngle=-0.025_hiDiv_1.0108.eicrecon.edm4eic.root,1438.0
root://dtn-eic.jlab.org//volatile/eic/EPIC/RECO/25.08.0/epic_craterlake/DIS/NC/5x41/minQ2=100/pythia8NCDIS_5x41_minQ2=100_beamEffects_xAngle=-0.025_hiDiv_1.0109.eicrecon.edm4eic.root,1438.0
root://dtn-eic.jlab.org//volatile/eic/EPIC/RECO/25.08.0/epic_craterlake/DIS/NC/5x41/minQ2=100/pythia8NCDIS_5x41_minQ2=100_beamEffects_xAngle=-0.025_hiDiv_1.0110.eicrecon.edm4eic.root,1438.0
root://dtn-eic.jlab.org//volatile/eic/EPIC/RECO/25.08.0/epic_craterlake/DIS/NC/5x41/minQ2=100/pythia8NCDIS_5x41_minQ2=100_beamEffects_xAngle=-0.025_hiDiv_1.0111.eicrecon.edm4eic.root,1438.0
root://dtn-eic.jlab.org//volatile/eic/EPIC/RECO/25.08.0/epic_craterlake/DIS/NC/5x41/minQ2=100/pythia8NCDIS_5x41_minQ2=100_beamEffects_xAngle=-0.025_hiDiv_1.0112.eicrecon.edm4eic.root,1438.0
root://dtn-eic.jlab.org//volatile/eic/EPIC/RECO/25.08.0/epic_craterlake/DIS/NC/5x41/minQ2=100/pythia8NCDIS_5x41_minQ2=100_beamEffects_xAngle=-0.025_hiDiv_1.0113.eicrecon.edm4eic.root,1438.0
root://dtn-eic.jlab.org//volatile/eic/EPIC/RECO/25.08.0/epic_craterlake/DIS/NC/5x41/minQ2=100/pythia8NCDIS_5x41_minQ2=100_beamEffects_xAngle=-0.025_hiDiv_1.0114.eicrecon.edm4eic.root,1438.0
root://dtn-eic.jlab.org//volatile/eic/EPIC/RECO/25.08.0/epic_craterlake/DIS/NC/5x41/minQ2=100/pythia8NCDIS_5x41_minQ2=100_beamEffects_xAngle=-0.025_hiDiv_1.0115.eicrecon.edm4eic.root,1438.0
root://dtn-eic.jlab.org//volatile/eic/EPIC/RECO/25.08.0/epic_craterlake/DIS/NC/5x41/minQ2=100/pythia8NCDIS_5x41_minQ2=100_beamEffects_xAngle=-0.025_hiDiv_1.0116.eicrecon.edm4eic.root,1438.0
root://dtn-eic.jlab.org//volatile/eic/EPIC/RECO/25.08.0/epic_craterlake/DIS/NC/5x41/minQ2=100/pythia8NCDIS_5x41_minQ2=100_beamEffects_xAngle=-0.025_hiDiv_1.0117.eicrecon.edm4eic.root,1438.0
root://dtn-eic.jlab.org//volatile/eic/EPIC/RECO/25.08.0/epic_craterlake/DIS/NC/5x41/minQ2=100/pythia8NCDIS_5x41_minQ2=100_beamEffects_xAngle=-0.025_hiDiv_1.0118.eicrecon.edm4eic.root,1438.0
root://dtn-eic.jlab.org//volatile/eic/EPIC/RECO/25.08.0/epic_craterlake/DIS/NC/5x41/minQ2=100/pythia8NCDIS_5x41_minQ2=100_beamEffects_xAngle=-0.025_hiDiv_1.0119.eicrecon.edm4eic.root,1438.0
root://dtn-eic.jlab.org//volatile/eic/EPIC/RECO/25.08.0/epic_craterlake/DIS/NC/5x41/minQ2=100/pythia8NCDIS_5x41_minQ2=100_beamEffects_xAngle=-0.025_hiDiv_1.0120.eicrecon.edm4eic.root,1438.0
root://dtn-eic.jlab.org//volatile/eic/EPIC/RECO/25.08.0/epic_craterlake/DIS/NC/5x41/minQ2=100/pythia8NCDIS_5x41_minQ2=100_beamEffects_xAngle=-0.025_hiDiv_1.0121.eicrecon.edm4eic.root,1438.0
root://dtn-eic.jlab.org//volatile/eic/EPIC/RECO/25.08.0/epic_craterlake/DIS/NC/5x41/minQ2=100/pythia8NCDIS_5x41_minQ2=100_beamEffects_xAngle=-0.025_hiDiv_1.0122.eicrecon.edm4eic.root,1438.0
root://dtn-eic.jlab.org//volatile/eic/EPIC/RECO/25.08.0/epic_craterlake/DIS/NC/5x41/minQ2=100/pythia8NCDIS_5x41_minQ2=100_beamEffects_xAngle=-0.025_hiDiv_1.0123.eicrecon.edm4eic.root,1438.0
root://dtn-eic.jlab.org//volatile/eic/EPIC/RECO/25.08.0/epic_craterlake/DIS/NC/5x41/minQ2=100/pythia8NCDIS_5x41_minQ2=100_beamEffects_xAngle=-0.025_hiDiv_1.0124.eicrecon.edm4eic.root,1438.0
root://dtn-eic.jlab.org//volatile/eic/EPIC/RECO/25.08.0/epic_craterlake/DIS/NC/5x41/minQ2=100/pythia8NCDIS_5x41_minQ2=100_beamEffects_xAngle=-0.025_hiDiv_1.0125.eicrecon.edm4eic.root,1438.0
root://dtn-eic.jlab.org//volatile/eic/EPIC/RECO/25.08.0/epic_craterlake/DIS/NC/5x41/minQ2=100/pythia8NCDIS_5x41_minQ2=100_beamEffects_xAngle=-0.025_hiDiv_1.0126.eicrecon.edm4eic.root,1438.0
root://dtn-eic.jlab.org//volatile/eic/EPIC/RECO/25.08.0/epic_craterlake/DIS/NC/5x41/minQ2=100/pythia8NCDIS_5x41_minQ2=100_beamEffects_xAngle=-0.025_hiDiv_1.0127.eicrecon.edm4eic.root,1438.0
root://dtn-eic.jlab.org//volatile/eic/EPIC/RECO/25.08.0/epic_craterlake/DIS/NC/5x41/minQ2=100/pythia8NCDIS_5x41_minQ2=100_beamEffects_xAngle=-0.025_hiDiv_1.0128.eicrecon.edm4eic.root,1438.0
root://dtn-eic.jlab.org//volatile/eic/EPIC/RECO/25.08.0/epic_craterlake/DIS/NC/5x41/minQ2=100/pythia8NCDIS_5x41_minQ2=100_beamEffects_xAngle=-0.025_hiDiv_1.0129.eicrecon.edm4eic.root,1438.0
root://dtn-eic.jlab.org//volatile/eic/EPIC/RECO/25.08.0/epic_craterlake/DIS/NC/5x41/minQ2=100/pythia8NCDIS_5x41_minQ2=100_beamEffects_xAngle=-0.025_hiDiv_1.0130.eicrecon.edm4eic.root,1438.0
root://dtn-eic.jlab.org//volatile/eic/EPIC/RECO/25.08.0/epic_craterlake/DIS/NC/5x41/minQ2=100/pythia8NCDIS_5x41_minQ2=100_beamEffects_xAngle=-0.025_hiDiv_1.0131.eicrecon.edm4eic.root,1438.0
root://dtn-eic.jlab.org//volatile/eic/EPIC/RECO/25.08.0/epic_craterlake/DIS/NC/5x41/minQ2=100/pythia8NCDIS_5x41_minQ2=100_beamEffects_xAngle=-0.025_hiDiv_1.0132.eicrecon.edm4eic.root,1438.0
root://dtn-eic.jlab.org//volatile/eic/EPIC/RECO/25.08.0/epic_craterlake/DIS/NC/5x41/minQ2=100/pythia8NCDIS_5x41_minQ2=100_beamEffects_xAngle=-0.025_hiDiv_1.0133.eicrecon.edm4eic.root,1438.0
root://dtn-eic.jlab.org//volatile/eic/EPIC/RECO/25.08.0/epic_craterlake/DIS/NC/5x41/minQ2=100/pythia8NCDIS_5x41_minQ2=100_beamEffects_xAngle=-0.025_hiDiv_1.0134.eicrecon.edm4eic.root,1438.0
root://dtn-eic.jlab.org//volatile/eic/EPIC/RECO/25.08.0/epic_craterlake/DIS/NC/5x41/minQ2=100/pythia8NCDIS_5x41_minQ2=100_beamEffects_xAngle=-0.025_hiDiv_1.0135.eicrecon.edm4eic.root,1438.0
root://dtn-eic.jlab.org//volatile/eic/EPIC/RECO/25.08.0/epic_craterlake/DIS/NC/5x41/minQ2=100/pythia8NCDIS_5x41_minQ2=100_beamEffects_xAngle=-0.025_hiDiv_1.0136.eicrecon.edm4eic.root,1438.0
root://dtn-eic.jlab.org//volatile/eic/EPIC/RECO/25.08.0/epic_craterlake/DIS/NC/5x41/minQ2=100/pythia8NCDIS_5x41_minQ2=100_beamEffects_xAngle=-0.025_hiDiv_1.0137.eicrecon.edm4eic.root,1438.0
root://dtn-eic.jlab.org//volatile/eic/EPIC/RECO/25.08.0/epic_craterlake/DIS/NC/5x41/minQ2=100/pythia8NCDIS_5x41_minQ2=100_beamEffects_xAngle=-0.025_hiDiv_1.0138.eicrecon.edm4eic.root,1438.0
root://dtn-eic.jlab.org//volatile/eic/EPIC/RECO/25.08.0/epic_craterlake/DIS/NC/5x41/minQ2=100/pythia8NCDIS_5x41_minQ2=100_beamEffects_xAngle=-0.025_hiDiv_1.0139.eicrecon.edm4eic.root,1438.0
root://dtn-eic.jlab.org//volatile/eic/EPIC/RECO/25.08.0/epic_craterlake/DIS/NC/5x41/minQ2=100/pythia8NCDIS_5x41_minQ2=100_beamEffects_xAngle=-0.025_hiDiv_1.0140.eicrecon.edm4eic.root,1438.0
root://dtn-eic.jlab.org//volatile/eic/EPIC/RECO/25.08.0/epic_craterlake/DIS/NC/5x41/minQ2=100/pythia8NCDIS_5x41_minQ2=100_beamEffects_xAngle=-0.025_hiDiv_1.0141.eicrecon.edm4eic.root,1438.0
root://dtn-eic.jlab.org//volatile/eic/EPIC/RECO/25.08.0/epic_craterlake/DIS/NC/5x41/minQ2=100/pythia8NCDIS_5x41_minQ2=100_beamEffects_xAngle=-0.025_hiDiv_1.0142.eicrecon.edm4eic.root,1438.0
root://dtn-eic.jlab.org//volatile/eic/EPIC/RECO/25.08.0/epic_craterlake/DIS/NC/5x41/minQ2=100/pythia8NCDIS_5x41_minQ2=100_beamEffects_xAngle=-0.025_hiDiv_1.0143.eicrecon.edm4eic.root,1438.0
root://dtn-eic.jlab.org//volatile/eic/EPIC/RECO/25.08.0/epic_craterlake/DIS/NC/5x41/minQ2=100/pythia8NCDIS_5x41_minQ2=100_beamEffects_xAngle=-0.025_hiDiv_1.0144.eicrecon.edm4eic.root,1438.0
root://dtn-eic.jlab.org//volatile/eic/EPIC/RECO/25.08.0/epic_craterlake/DIS/NC/5x41/minQ2=100/pythia8NCDIS_5x41_minQ2=100_beamEffects_xAngle=-0.025_hiDiv_1.0145.eicrecon.edm4eic.root,1438.0
root://dtn-eic.jlab.org//volatile/eic/EPIC/RECO/25.08.0/epic_craterlake/DIS/NC/5x41/minQ2=100/pythia8NCDIS_5x41_minQ2=100_beamEffects_xAngle=-0.025_hiDiv_1.0146.eicrecon.edm4eic.root,1438.0
root://dtn-eic.jlab.org//volatile/eic/EPIC/RECO/25.08.0/epic_craterlake/DIS/NC/5x41/minQ2=100/pythia8NCDIS_5x41_minQ2=100_beamEffects_xAngle=-0.025_hiDiv_1.0147.eicrecon.edm4eic.root,1438.0
root://dtn-eic.jlab.org//volatile/eic/EPIC/RECO/25.08.0/epic_craterlake/DIS/NC/5x41/minQ2=100/pythia8NCDIS_5x41_minQ2=100_beamEffects_xAngle=-0.025_hiDiv_1.0148.eicrecon.edm4eic.root,1438.0
root://dtn-eic.jlab.org//volatile/eic/EPIC/RECO/25.08.0/epic_craterlake/DIS/NC/5x41/minQ2=100/pythia8NCDIS_5x41_minQ2=100_beamEffects_xAngle=-0.025_hiDiv_1.0149.eicrecon.edm4eic.root,1438.0
root://dtn-eic.jlab.org//volatile/eic/EPIC/RECO/25.08.0/epic_craterlake/DIS/NC/5x41/minQ2=100/pythia8NCDIS_5x41_minQ2=100_beamEffects_xAngle=-0.025_hiDiv_1.0150.eicrecon.edm4eic.root,1438.0
root://dtn-eic.jlab.org//volatile/eic/EPIC/RECO/25.08.0/epic_craterlake/DIS/NC/5x41/minQ2=100/pythia8NCDIS_5x41_minQ2=100_beamEffects_xAngle=-0.025_hiDiv_1.0151.eicrecon.edm4eic.root,1438.0
root://dtn-eic.jlab.org//volatile/eic/EPIC/RECO/25.08.0/epic_craterlake/DIS/NC/5x41/minQ2=100/pythia8NCDIS_5x41_minQ2=100_beamEffects_xAngle=-0.025_hiDiv_1.0152.eicrecon.edm4eic.root,1438.0
root://dtn-eic.jlab.org//volatile/eic/EPIC/RECO/25.08.0/epic_craterlake/DIS/NC/5x41/minQ2=100/pythia8NCDIS_5x41_minQ2=100_beamEffects_xAngle=-0.025_hiDiv_1.0153.eicrecon.edm4eic.root,1438.0
root://dtn-eic.jlab.org//volatile/eic/EPIC/RECO/25.08.0/epic_craterlake/DIS/NC/5x41/minQ2=100/pythia8NCDIS_5x41_minQ2=100_beamEffects_xAngle=-0.025_hiDiv_1.0154.eicrecon.edm4eic.root,1438.0
root://dtn-eic.jlab.org//volatile/eic/EPIC/RECO/25.08.0/epic_craterlake/DIS/NC/5x41/minQ2=100/pythia8NCDIS_5x41_minQ2=100_beamEffects_xAngle=-0.025_hiDiv_1.0155.eicrecon.edm4eic.root,1438.0
root://dtn-eic.jlab.org//volatile/eic/EPIC/RECO/25.08.0/epic_craterlake/DIS/NC/5x41/minQ2=100/pythia8NCDIS_5x41_minQ2=100_beamEffects_xAngle=-0.025_hiDiv_1.0156.eicrecon.edm4eic.root,1438.0
root://dtn-eic.jlab.org//volatile/eic/EPIC/RECO/25.08.0/epic_craterlake/DIS/NC/5x41/minQ2=100/pythia8NCDIS_5x41_minQ2=100_beamEffects_xAngle=-0.025_hiDiv_1.0157.eicrecon.edm4eic.root,1438.0
root://dtn-eic.jlab.org//volatile/eic/EPIC/RECO/25.08.0/epic_craterlake/DIS/NC/5x41/minQ2=100/pythia8NCDIS_5x41_minQ2=100_beamEffects_xAngle=-0.025_hiDiv_1.0158.eicrecon.edm4eic.root,1438.0
root://dtn-eic.jlab.org//volatile/eic/EPIC/RECO/25.08.0/epic_craterlake/DIS/NC/5x41/minQ2=100/pythia8NCDIS_5x41_minQ2=100_beamEffects_xAngle=-0.025_hiDiv_1.0159.eicrecon.edm4eic.root,1438.0
root://dtn-eic.jlab.org//volatile/eic/EPIC/RECO/25.08.0/epic_craterlake/DIS/NC/5x41/minQ2=100/pythia8NCDIS_5x41_minQ2=100_beamEffects_xAngle=-0.025_hiDiv_1.0160.eicrecon.edm4eic.root,1438.0
root://dtn-eic.jlab.org//volatile/eic/EPIC/RECO/25.08.0/epic_craterlake/DIS/NC/5x41/minQ2=100/pythia8NCDIS_5x41_minQ2=100_beamEffects_xAngle=-0.025_hiDiv_1.0161.eicrecon.edm4eic.root,1438.0
root://dtn-eic.jlab.org//volatile/eic/EPIC/RECO/25.08.0/epic_craterlake/DIS/NC/5x41/minQ2=100/pythia8NCDIS_5x41_minQ2=100_beamEffects_xAngle=-0.025_hiDiv_1.0162.eicrecon.edm4eic.root,1438.0
root://dtn-eic.jlab.org//volatile/eic/EPIC/RECO/25.08.0/epic_craterlake/DIS/NC/5x41/minQ2=100/pythia8NCDIS_5x41_minQ2=100_beamEffects_xAngle=-0.025_hiDiv_1.0163.eicrecon.edm4eic.root,1438.0
root://dtn-eic.jlab.org//volatile/eic/EPIC/RECO/25.08.0/epic_craterlake/DIS/NC/5x41/minQ2=100/pythia8NCDIS_5x41_minQ2=100_beamEffects_xAngle=-0.025_hiDiv_1.0164.eicrecon.edm4eic.root,1438.0
root://dtn-eic.jlab.org//volatile/eic/EPIC/RECO/25.08.0/epic_craterlake/DIS/NC/5x41/minQ2=100/pythia8NCDIS_5x41_minQ2=100_beamEffects_xAngle=-0.025_hiDiv_1.0165.eicrecon.edm4eic.root,1438.0
root://dtn-eic.jlab.org//volatile/eic/EPIC/RECO/25.08.0/epic_craterlake/DIS/NC/5x41/minQ2=100/pythia8NCDIS_5x41_minQ2=100_beamEffects_xAngle=-0.025_hiDiv_1.0166.eicrecon.edm4eic.root,1438.0
root://dtn-eic.jlab.org//volatile/eic/EPIC/RECO/25.08.0/epic_craterlake/DIS/NC/5x41/minQ2=100/pythia8NCDIS_5x41_minQ2=100_beamEffects_xAngle=-0.025_hiDiv_1.0167.eicrecon.edm4eic.root,1438.0
root://dtn-eic.jlab.org//volatile/eic/EPIC/RECO/25.08.0/epic_craterlake/DIS/NC/5x41/minQ2=100/pythia8NCDIS_5x41_minQ2=100_beamEffects_xAngle=-0.025_hiDiv_1.0168.eicrecon.edm4eic.root,1438.0
root://dtn-eic.jlab.org//volatile/eic/EPIC/RECO/25.08.0/epic_craterlake/DIS/NC/5x41/minQ2=100/pythia8NCDIS_5x41_minQ2=100_beamEffects_xAngle=-0.025_hiDiv_1.0169.eicrecon.edm4eic.root,1438.0
root://dtn-eic.jlab.org//volatile/eic/EPIC/RECO/25.08.0/epic_craterlake/DIS/NC/5x41/minQ2=100/pythia8NCDIS_5x41_minQ2=100_beamEffects_xAngle=-0.025_hiDiv_1.0170.eicrecon.edm4eic.root,1438.0
root://dtn-eic.jlab.org//volatile/eic/EPIC/RECO/25.08.0/epic_craterlake/DIS/NC/5x41/minQ2=100/pythia8NCDIS_5x41_minQ2=100_beamEffects_xAngle=-0.025_hiDiv_1.0171.eicrecon.edm4eic.root,1438.0
root://dtn-eic.jlab.org//volatile/eic/EPIC/RECO/25.08.0/epic_craterlake/DIS/NC/5x41/minQ2=100/pythia8NCDIS_5x41_minQ2=100_beamEffects_xAngle=-0.025_hiDiv_1.0172.eicrecon.edm4eic.root,1438.0
root://dtn-eic.jlab.org//volatile/eic/EPIC/RECO/25.08.0/epic_craterlake/DIS/NC/5x41/minQ2=100/pythia8NCDIS_5x41_minQ2=100_beamEffects_xAngle=-0.025_hiDiv_1.0173.eicrecon.edm4eic.root,1438.0
root://dtn-eic.jlab.org//volatile/eic/EPIC/RECO/25.08.0/epic_craterlake/DIS/NC/5x41/minQ2=100/pythia8NCDIS_5x41_minQ2=100_beamEffects_xAngle=-0.025_hiDiv_1.0174.eicrecon.edm4eic.root,1438.0
root://dtn-eic.jlab.org//volatile/eic/EPIC/RECO/25.08.0/epic_craterlake/DIS/NC/5x41/minQ2=100/pythia8NCDIS_5x41_minQ2=100_beamEffects_xAngle=-0.025_hiDiv_1.0175.eicrecon.edm4eic.root,1438.0
root://dtn-eic.jlab.org//volatile/eic/EPIC/RECO/25.08.0/epic_craterlake/DIS/NC/5x41/minQ2=100/pythia8NCDIS_5x41_minQ2=100_beamEffects_xAngle=-0.025_hiDiv_1.0176.eicrecon.edm4eic.root,1438.0
root://dtn-eic.jlab.org//volatile/eic/EPIC/RECO/25.08.0/epic_craterlake/DIS/NC/5x41/minQ2=100/pythia8NCDIS_5x41_minQ2=100_beamEffects_xAngle=-0.025_hiDiv_1.0177.eicrecon.edm4eic.root,1438.0
root://dtn-eic.jlab.org//volatile/eic/EPIC/RECO/25.08.0/epic_craterlake/DIS/NC/5x41/minQ2=100/pythia8NCDIS_5x41_minQ2=100_beamEffects_xAngle=-0.025_hiDiv_1.0178.eicrecon.edm4eic.root,1438.0
root://dtn-eic.jlab.org//volatile/eic/EPIC/RECO/25.08.0/epic_craterlake/DIS/NC/5x41/minQ2=100/pythia8NCDIS_5x41_minQ2=100_beamEffects_xAngle=-0.025_hiDiv_1.0179.eicrecon.edm4eic.root,1438.0
root://dtn-eic.jlab.org//volatile/eic/EPIC/RECO/25.08.0/epic_craterlake/DIS/NC/5x41/minQ2=100/pythia8NCDIS_5x41_minQ2=100_beamEffects_xAngle=-0.025_hiDiv_1.0180.eicrecon.edm4eic.root,1438.0
root://dtn-eic.jlab.org//volatile/eic/EPIC/RECO/25.08.0/epic_craterlake/DIS/NC/5x41/minQ2=100/pythia8NCDIS_5x41_minQ2=100_beamEffects_xAngle=-0.025_hiDiv_1.0181.eicrecon.edm4eic.root,1438.0
root://dtn-eic.jlab.org//volatile/eic/EPIC/RECO/25.08.0/epic_craterlake/DIS/NC/5x41/minQ2=100/pythia8NCDIS_5x41_minQ2=100_beamEffects_xAngle=-0.025_hiDiv_1.0182.eicrecon.edm4eic.root,1438.0
root://dtn-eic.jlab.org//volatile/eic/EPIC/RECO/25.08.0/epic_craterlake/DIS/NC/5x41/minQ2=100/pythia8NCDIS_5x41_minQ2=100_beamEffects_xAngle=-0.025_hiDiv_1.0183.eicrecon.edm4eic.root,1438.0
root://dtn-eic.jlab.org//volatile/eic/EPIC/RECO/25.08.0/epic_craterlake/DIS/NC/5x41/minQ2=100/pythia8NCDIS_5x41_minQ2=100_beamEffects_xAngle=-0.025_hiDiv_1.0184.eicrecon.edm4eic.root,1438.0
root://dtn-eic.jlab.org//volatile/eic/EPIC/RECO/25.08.0/epic_craterlake/DIS/NC/5x41/minQ2=100/pythia8NCDIS_5x41_minQ2=100_beamEffects_xAngle=-0.025_hiDiv_1.0185.eicrecon.edm4eic.root,1438.0
root://dtn-eic.jlab.org//volatile/eic/EPIC/RECO/25.08.0/epic_craterlake/DIS/NC/5x41/minQ2=100/pythia8NCDIS_5x41_minQ2=100_beamEffects_xAngle=-0.025_hiDiv_1.0186.eicrecon.edm4eic.root,1438.0
root://dtn-eic.jlab.org//volatile/eic/EPIC/RECO/25.08.0/epic_craterlake/DIS/NC/5x41/minQ2=100/pythia8NCDIS_5x41_minQ2=100_beamEffects_xAngle=-0.025_hiDiv_1.0187.eicrecon.edm4eic.root,1438.0
root://dtn-eic.jlab.org//volatile/eic/EPIC/RECO/25.08.0/epic_craterlake/DIS/NC/5x41/minQ2=100/pythia8NCDIS_5x41_minQ2=100_beamEffects_xAngle=-0.025_hiDiv_1.0188.eicrecon.edm4eic.root,1438.0
root://dtn-eic.jlab.org//volatile/eic/EPIC/RECO/25.08.0/epic_craterlake/DIS/NC/5x41/minQ2=100/pythia8NCDIS_5x41_minQ2=100_beamEffects_xAngle=-0.025_hiDiv_1.0189.eicrecon.edm4eic.root,1438.0
root://dtn-eic.jlab.org//volatile/eic/EPIC/RECO/25.08.0/epic_craterlake/DIS/NC/5x41/minQ2=100/pythia8NCDIS_5x41_minQ2=100_beamEffects_xAngle=-0.025_hiDiv_1.0190.eicrecon.edm4eic.root,1438.0
root://dtn-eic.jlab.org//volatile/eic/EPIC/RECO/25.08.0/epic_craterlake/DIS/NC/5x41/minQ2=100/pythia8NCDIS_5x41_minQ2=100_beamEffects_xAngle=-0.025_hiDiv_1.0191.eicrecon.edm4eic.root,1438.0
root://dtn-eic.jlab.org//volatile/eic/EPIC/RECO/25.08.0/epic_craterlake/DIS/NC/5x41/minQ2=100/pythia8NCDIS_5x41_minQ2=100_beamEffects_xAngle=-0.025_hiDiv_1.0192.eicrecon.edm4eic.root,1438.0
root://dtn-eic.jlab.org//volatile/eic/EPIC/RECO/25.08.0/epic_craterlake/DIS/NC/5x41/minQ2=100/pythia8NCDIS_5x41_minQ2=100_beamEffects_xAngle=-0.025_hiDiv_1.0193.eicrecon.edm4eic.root,1438.0
root://dtn-eic.jlab.org//volatile/eic/EPIC/RECO/25.08.0/epic_craterlake/DIS/NC/5x41/minQ2=100/pythia8NCDIS_5x41_minQ2=100_beamEffects_xAngle=-0.025_hiDiv_1.0194.eicrecon.edm4eic.root,1438.0
root://dtn-eic.jlab.org//volatile/eic/EPIC/RECO/25.08.0/epic_craterlake/DIS/NC/5x41/minQ2=100/pythia8NCDIS_5x41_minQ2=100_beamEffects_xAngle=-0.025_hiDiv_1.0195.eicrecon.edm4eic.root,1438.0
root://dtn-eic.jlab.org//volatile/eic/EPIC/RECO/25.08.0/epic_craterlake/DIS/NC/5x41/minQ2=100/pythia8NCDIS_5x41_minQ2=100_beamEffects_xAngle=-0.025_hiDiv_1.0196.eicrecon.edm4eic.root,1438.0
root://dtn-eic.jlab.org//volatile/eic/EPIC/RECO/25.08.0/epic_craterlake/DIS/NC/5x41/minQ2=100/pythia8NCDIS_5x41_minQ2=100_beamEffects_xAngle=-0.025_hiDiv_1.0197.eicrecon.edm4eic.root,1438.0
root://dtn-eic.jlab.org//volatile/eic/EPIC/RECO/25.08.0/epic_craterlake/DIS/NC/5x41/minQ2=100/pythia8NCDIS_5x41_minQ2=100_beamEffects_xAngle=-0.025_hiDiv_1.0198.eicrecon.edm4eic.root,1438.0
root://dtn-eic.jlab.org//volatile/eic/EPIC/RECO/25.08.0/epic_craterlake/DIS/NC/5x41/minQ2=100/pythia8NCDIS_5x41_minQ2=100_beamEffects_xAngle=-0.025_hiDiv_1.0199.eicrecon.edm4eic.root,1438.0
root://dtn-eic.jlab.org//volatile/eic/EPIC/RECO/25.08.0/epic_craterlake/DIS/NC/5x41/minQ2=100/pythia8NCDIS_5x41_minQ2=100_beamEffects_xAngle=-0.025_hiDiv_1.0200.eicrecon.edm4eic.root,1438.0
root://dtn-eic.jlab.org//volatile/eic/EPIC/RECO/25.08.0/epic_craterlake/DIS/NC/5x41/minQ2=100/pythia8NCDIS_5x41_minQ2=100_beamEffects_xAngle=-0.025_hiDiv_1.0201.eicrecon.edm4eic.root,1438.0
root://dtn-eic.jlab.org//volatile/eic/EPIC/RECO/25.08.0/epic_craterlake/DIS/NC/5x41/minQ2=100/pythia8NCDIS_5x41_minQ2=100_beamEffects_xAngle=-0.025_hiDiv_1.0202.eicrecon.edm4eic.root,1438.0
root://dtn-eic.jlab.org//volatile/eic/EPIC/RECO/25.08.0/epic_craterlake/DIS/NC/5x41/minQ2=100/pythia8NCDIS_5x41_minQ2=100_beamEffects_xAngle=-0.025_hiDiv_1.0203.eicrecon.edm4eic.root,1438.0
root://dtn-eic.jlab.org//volatile/eic/EPIC/RECO/25.08.0/epic_craterlake/DIS/NC/5x41/minQ2=100/pythia8NCDIS_5x41_minQ2=100_beamEffects_xAngle=-0.025_hiDiv_1.0204.eicrecon.edm4eic.root,1438.0
root://dtn-eic.jlab.org//volatile/eic/EPIC/RECO/25.08.0/epic_craterlake/DIS/NC/5x41/minQ2=100/pythia8NCDIS_5x41_minQ2=100_beamEffects_xAngle=-0.025_hiDiv_1.0205.eicrecon.edm4eic.root,1438.0
root://dtn-eic.jlab.org//volatile/eic/EPIC/RECO/25.08.0/epic_craterlake/DIS/NC/5x41/minQ2=100/pythia8NCDIS_5x41_minQ2=100_beamEffects_xAngle=-0.025_hiDiv_1.0206.eicrecon.edm4eic.root,1438.0
root://dtn-eic.jlab.org//volatile/eic/EPIC/RECO/25.08.0/epic_craterlake/DIS/NC/5x41/minQ2=100/pythia8NCDIS_5x41_minQ2=100_beamEffects_xAngle=-0.025_hiDiv_1.0207.eicrecon.edm4eic.root,1438.0
root://dtn-eic.jlab.org//volatile/eic/EPIC/RECO/25.08.0/epic_craterlake/DIS/NC/5x41/minQ2=100/pythia8NCDIS_5x41_minQ2=100_beamEffects_xAngle=-0.025_hiDiv_1.0208.eicrecon.edm4eic.root,1438.0
root://dtn-eic.jlab.org//volatile/eic/EPIC/RECO/25.08.0/epic_craterlake/DIS/NC/5x41/minQ2=100/pythia8NCDIS_5x41_minQ2=100_beamEffects_xAngle=-0.025_hiDiv_1.0209.eicrecon.edm4eic.root,1438.0
root://dtn-eic.jlab.org//volatile/eic/EPIC/RECO/25.08.0/epic_craterlake/DIS/NC/5x41/minQ2=100/pythia8NCDIS_5x41_minQ2=100_beamEffects_xAngle=-0.025_hiDiv_1.0210.eicrecon.edm4eic.root,1438.0
root://dtn-eic.jlab.org//volatile/eic/EPIC/RECO/25.08.0/epic_craterlake/DIS/NC/5x41/minQ2=100/pythia8NCDIS_5x41_minQ2=100_beamEffects_xAngle=-0.025_hiDiv_1.0211.eicrecon.edm4eic.root,1438.0
root://dtn-eic.jlab.org//volatile/eic/EPIC/RECO/25.08.0/epic_craterlake/DIS/NC/5x41/minQ2=100/pythia8NCDIS_5x41_minQ2=100_beamEffects_xAngle=-0.025_hiDiv_1.0212.eicrecon.edm4eic.root,1438.0
root://dtn-eic.jlab.org//volatile/eic/EPIC/RECO/25.08.0/epic_craterlake/DIS/NC/5x41/minQ2=100/pythia8NCDIS_5x41_minQ2=100_beamEffects_xAngle=-0.025_hiDiv_1.0213.eicrecon.edm4eic.root,1438.0
root://dtn-eic.jlab.org//volatile/eic/EPIC/RECO/25.08.0/epic_craterlake/DIS/NC/5x41/minQ2=100/pythia8NCDIS_5x41_minQ2=100_beamEffects_xAngle=-0.025_hiDiv_1.0214.eicrecon.edm4eic.root,1438.0
root://dtn-eic.jlab.org//volatile/eic/EPIC/RECO/25.08.0/epic_craterlake/DIS/NC/5x41/minQ2=100/pythia8NCDIS_5x41_minQ2=100_beamEffects_xAngle=-0.025_hiDiv_1.0215.eicrecon.edm4eic.root,1438.0
root://dtn-eic.jlab.org//volatile/eic/EPIC/RECO/25.08.0/epic_craterlake/DIS/NC/5x41/minQ2=100/pythia8NCDIS_5x41_minQ2=100_beamEffects_xAngle=-0.025_hiDiv_1.0216.eicrecon.edm4eic.root,1438.0
root://dtn-eic.jlab.org//volatile/eic/EPIC/RECO/25.08.0/epic_craterlake/DIS/NC/5x41/minQ2=100/pythia8NCDIS_5x41_minQ2=100_beamEffects_xAngle=-0.025_hiDiv_1.0217.eicrecon.edm4eic.root,1438.0
root://dtn-eic.jlab.org//volatile/eic/EPIC/RECO/25.08.0/epic_craterlake/DIS/NC/5x41/minQ2=100/pythia8NCDIS_5x41_minQ2=100_beamEffects_xAngle=-0.025_hiDiv_1.0218.eicrecon.edm4eic.root,1438.0
root://dtn-eic.jlab.org//volatile/eic/EPIC/RECO/25.08.0/epic_craterlake/DIS/NC/5x41/minQ2=100/pythia8NCDIS_5x41_minQ2=100_beamEffects_xAngle=-0.025_hiDiv_1.0219.eicrecon.edm4eic.root,1438.0
root://dtn-eic.jlab.org//volatile/eic/EPIC/RECO/25.08.0/epic_craterlake/DIS/NC/5x41/minQ2=100/pythia8NCDIS_5x41_minQ2=100_beamEffects_xAngle=-0.025_hiDiv_1.0220.eicrecon.edm4eic.root,1438.0
root://dtn-eic.jlab.org//volatile/eic/EPIC/RECO/25.08.0/epic_craterlake/DIS/NC/5x41/minQ2=100/pythia8NCDIS_5x41_minQ2=100_beamEffects_xAngle=-0.025_hiDiv_1.0221.eicrecon.edm4eic.root,1438.0
root://dtn-eic.jlab.org//volatile/eic/EPIC/RECO/25.08.0/epic_craterlake/DIS/NC/5x41/minQ2=100/pythia8NCDIS_5x41_minQ2=100_beamEffects_xAngle=-0.025_hiDiv_1.0222.eicrecon.edm4eic.root,1438.0
root://dtn-eic.jlab.org//volatile/eic/EPIC/RECO/25.08.0/epic_craterlake/DIS/NC/5x41/minQ2=100/pythia8NCDIS_5x41_minQ2=100_beamEffects_xAngle=-0.025_hiDiv_1.0223.eicrecon.edm4eic.root,1438.0
root://dtn-eic.jlab.org//volatile/eic/EPIC/RECO/25.08.0/epic_craterlake/DIS/NC/5x41/minQ2=100/pythia8NCDIS_5x41_minQ2=100_beamEffects_xAngle=-0.025_hiDiv_1.0224.eicrecon.edm4eic.root,1438.0
root://dtn-eic.jlab.org//volatile/eic/EPIC/RECO/25.08.0/epic_craterlake/DIS/NC/5x41/minQ2=100/pythia8NCDIS_5x41_minQ2=100_beamEffects_xAngle=-0.025_hiDiv_1.0225.eicrecon.edm4eic.root,1438.0
root://dtn-eic.jlab.org//volatile/eic/EPIC/RECO/25.08.0/epic_craterlake/DIS/NC/5x41/minQ2=100/pythia8NCDIS_5x41_minQ2=100_beamEffects_xAngle=-0.025_hiDiv_1.0226.eicrecon.edm4eic.root,1438.0
root://dtn-eic.jlab.org//volatile/eic/EPIC/RECO/25.08.0/epic_craterlake/DIS/NC/5x41/minQ2=100/pythia8NCDIS_5x41_minQ2=100_beamEffects_xAngle=-0.025_hiDiv_1.0227.eicrecon.edm4eic.root,1438.0
root://dtn-eic.jlab.org//volatile/eic/EPIC/RECO/25.08.0/epic_craterlake/DIS/NC/5x41/minQ2=100/pythia8NCDIS_5x41_minQ2=100_beamEffects_xAngle=-0.025_hiDiv_1.0228.eicrecon.edm4eic.root,1438.0
root://dtn-eic.jlab.org//volatile/eic/EPIC/RECO/25.08.0/epic_craterlake/DIS/NC/5x41/minQ2=100/pythia8NCDIS_5x41_minQ2=100_beamEffects_xAngle=-0.025_hiDiv_1.0229.eicrecon.edm4eic.root,1438.0
root://dtn-eic.jlab.org//volatile/eic/EPIC/RECO/25.08.0/epic_craterlake/DIS/NC/5x41/minQ2=100/pythia8NCDIS_5x41_minQ2=100_beamEffects_xAngle=-0.025_hiDiv_1.0230.eicrecon.edm4eic.root,1438.0
root://dtn-eic.jlab.org//volatile/eic/EPIC/RECO/25.08.0/epic_craterlake/DIS/NC/5x41/minQ2=100/pythia8NCDIS_5x41_minQ2=100_beamEffects_xAngle=-0.025_hiDiv_1.0232.eicrecon.edm4eic.root,1438.0
root://dtn-eic.jlab.org//volatile/eic/EPIC/RECO/25.08.0/epic_craterlake/DIS/NC/5x41/minQ2=100/pythia8NCDIS_5x41_minQ2=100_beamEffects_xAngle=-0.025_hiDiv_1.0233.eicrecon.edm4eic.root,1438.0
root://dtn-eic.jlab.org//volatile/eic/EPIC/RECO/25.08.0/epic_craterlake/DIS/NC/5x41/minQ2=100/pythia8NCDIS_5x41_minQ2=100_beamEffects_xAngle=-0.025_hiDiv_1.0234.eicrecon.edm4eic.root,1438.0
root://dtn-eic.jlab.org//volatile/eic/EPIC/RECO/25.08.0/epic_craterlake/DIS/NC/5x41/minQ2=100/pythia8NCDIS_5x41_minQ2=100_beamEffects_xAngle=-0.025_hiDiv_1.0235.eicrecon.edm4eic.root,1438.0
root://dtn-eic.jlab.org//volatile/eic/EPIC/RECO/25.08.0/epic_craterlake/DIS/NC/5x41/minQ2=100/pythia8NCDIS_5x41_minQ2=100_beamEffects_xAngle=-0.025_hiDiv_1.0236.eicrecon.edm4eic.root,1438.0
root://dtn-eic.jlab.org//volatile/eic/EPIC/RECO/25.08.0/epic_craterlake/DIS/NC/5x41/minQ2=100/pythia8NCDIS_5x41_minQ2=100_beamEffects_xAngle=-0.025_hiDiv_1.0237.eicrecon.edm4eic.root,1438.0
root://dtn-eic.jlab.org//volatile/eic/EPIC/RECO/25.08.0/epic_craterlake/DIS/NC/5x41/minQ2=100/pythia8NCDIS_5x41_minQ2=100_beamEffects_xAngle=-0.025_hiDiv_1.0238.eicrecon.edm4eic.root,1438.0
root://dtn-eic.jlab.org//volatile/eic/EPIC/RECO/25.08.0/epic_craterlake/DIS/NC/5x41/minQ2=100/pythia8NCDIS_5x41_minQ2=100_beamEffects_xAngle=-0.025_hiDiv_1.0239.eicrecon.edm4eic.root,1438.0
root://dtn-eic.jlab.org//volatile/eic/EPIC/RECO/25.08.0/epic_craterlake/DIS/NC/5x41/minQ2=100/pythia8NCDIS_5x41_minQ2=100_beamEffects_xAngle=-0.025_hiDiv_1.0240.eicrecon.edm4eic.root,1438.0
root://dtn-eic.jlab.org//volatile/eic/EPIC/RECO/25.08.0/epic_craterlake/DIS/NC/5x41/minQ2=100/pythia8NCDIS_5x41_minQ2=100_beamEffects_xAngle=-0.025_hiDiv_1.0241.eicrecon.edm4eic.root,1438.0
root://dtn-eic.jlab.org//volatile/eic/EPIC/RECO/25.08.0/epic_craterlake/DIS/NC/5x41/minQ2=100/pythia8NCDIS_5x41_minQ2=100_beamEffects_xAngle=-0.025_hiDiv_1.0242.eicrecon.edm4eic.root,1438.0
root://dtn-eic.jlab.org//volatile/eic/EPIC/RECO/25.08.0/epic_craterlake/DIS/NC/5x41/minQ2=100/pythia8NCDIS_5x41_minQ2=100_beamEffects_xAngle=-0.025_hiDiv_1.0243.eicrecon.edm4eic.root,1438.0
root://dtn-eic.jlab.org//volatile/eic/EPIC/RECO/25.08.0/epic_craterlake/DIS/NC/5x41/minQ2=100/pythia8NCDIS_5x41_minQ2=100_beamEffects_xAngle=-0.025_hiDiv_1.0244.eicrecon.edm4eic.root,1438.0
root://dtn-eic.jlab.org//volatile/eic/EPIC/RECO/25.08.0/epic_craterlake/DIS/NC/5x41/minQ2=100/pythia8NCDIS_5x41_minQ2=100_beamEffects_xAngle=-0.025_hiDiv_1.0245.eicrecon.edm4eic.root,1438.0
root://dtn-eic.jlab.org//volatile/eic/EPIC/RECO/25.08.0/epic_craterlake/DIS/NC/5x41/minQ2=100/pythia8NCDIS_5x41_minQ2=100_beamEffects_xAngle=-0.025_hiDiv_1.0246.eicrecon.edm4eic.root,1438.0
root://dtn-eic.jlab.org//volatile/eic/EPIC/RECO/25.08.0/epic_craterlake/DIS/NC/5x41/minQ2=100/pythia8NCDIS_5x41_minQ2=100_beamEffects_xAngle=-0.025_hiDiv_1.0247.eicrecon.edm4eic.root,1438.0
root://dtn-eic.jlab.org//volatile/eic/EPIC/RECO/25.08.0/epic_craterlake/DIS/NC/5x41/minQ2=100/pythia8NCDIS_5x41_minQ2=100_beamEffects_xAngle=-0.025_hiDiv_1.0248.eicrecon.edm4eic.root,1438.0
root://dtn-eic.jlab.org//volatile/eic/EPIC/RECO/25.08.0/epic_craterlake/DIS/NC/5x41/minQ2=100/pythia8NCDIS_5x41_minQ2=100_beamEffects_xAngle=-0.025_hiDiv_1.0249.eicrecon.edm4eic.root,1438.0
root://dtn-eic.jlab.org//volatile/eic/EPIC/RECO/25.08.0/epic_craterlake/DIS/NC/5x41/minQ2=100/pythia8NCDIS_5x41_minQ2=100_beamEffects_xAngle=-0.025_hiDiv_1.0250.eicrecon.edm4eic.root,1438.0
root://dtn-eic.jlab.org//volatile/eic/EPIC/RECO/25.08.0/epic_craterlake/DIS/NC/5x41/minQ2=100/pythia8NCDIS_5x41_minQ2=100_beamEffects_xAngle=-0.025_hiDiv_1.0251.eicrecon.edm4eic.root,1438.0
root://dtn-eic.jlab.org//volatile/eic/EPIC/RECO/25.08.0/epic_craterlake/DIS/NC/5x41/minQ2=100/pythia8NCDIS_5x41_minQ2=100_beamEffects_xAngle=-0.025_hiDiv_1.0252.eicrecon.edm4eic.root,1438.0
root://dtn-eic.jlab.org//volatile/eic/EPIC/RECO/25.08.0/epic_craterlake/DIS/NC/5x41/minQ2=100/pythia8NCDIS_5x41_minQ2=100_beamEffects_xAngle=-0.025_hiDiv_1.0253.eicrecon.edm4eic.root,1438.0
root://dtn-eic.jlab.org//volatile/eic/EPIC/RECO/25.08.0/epic_craterlake/DIS/NC/5x41/minQ2=100/pythia8NCDIS_5x41_minQ2=100_beamEffects_xAngle=-0.025_hiDiv_1.0254.eicrecon.edm4eic.root,1438.0
root://dtn-eic.jlab.org//volatile/eic/EPIC/RECO/25.08.0/epic_craterlake/DIS/NC/5x41/minQ2=100/pythia8NCDIS_5x41_minQ2=100_beamEffects_xAngle=-0.025_hiDiv_1.0255.eicrecon.edm4eic.root,1438.0
root://dtn-eic.jlab.org//volatile/eic/EPIC/RECO/25.08.0/epic_craterlake/DIS/NC/5x41/minQ2=100/pythia8NCDIS_5x41_minQ2=100_beamEffects_xAngle=-0.025_hiDiv_1.0256.eicrecon.edm4eic.root,1438.0
root://dtn-eic.jlab.org//volatile/eic/EPIC/RECO/25.08.0/epic_craterlake/DIS/NC/5x41/minQ2=100/pythia8NCDIS_5x41_minQ2=100_beamEffects_xAngle=-0.025_hiDiv_1.0257.eicrecon.edm4eic.root,1438.0
root://dtn-eic.jlab.org//volatile/eic/EPIC/RECO/25.08.0/epic_craterlake/DIS/NC/5x41/minQ2=100/pythia8NCDIS_5x41_minQ2=100_beamEffects_xAngle=-0.025_hiDiv_1.0258.eicrecon.edm4eic.root,1438.0
root://dtn-eic.jlab.org//volatile/eic/EPIC/RECO/25.08.0/epic_craterlake/DIS/NC/5x41/minQ2=100/pythia8NCDIS_5x41_minQ2=100_beamEffects_xAngle=-0.025_hiDiv_1.0259.eicrecon.edm4eic.root,1438.0
root://dtn-eic.jlab.org//volatile/eic/EPIC/RECO/25.08.0/epic_craterlake/DIS/NC/5x41/minQ2=100/pythia8NCDIS_5x41_minQ2=100_beamEffects_xAngle=-0.025_hiDiv_1.0260.eicrecon.edm4eic.root,1438.0
root://dtn-eic.jlab.org//volatile/eic/EPIC/RECO/25.08.0/epic_craterlake/DIS/NC/5x41/minQ2=100/pythia8NCDIS_5x41_minQ2=100_beamEffects_xAngle=-0.025_hiDiv_1.0261.eicrecon.edm4eic.root,1438.0
root://dtn-eic.jlab.org//volatile/eic/EPIC/RECO/25.08.0/epic_craterlake/DIS/NC/5x41/minQ2=100/pythia8NCDIS_5x41_minQ2=100_beamEffects_xAngle=-0.025_hiDiv_1.0262.eicrecon.edm4eic.root,1438.0
root://dtn-eic.jlab.org//volatile/eic/EPIC/RECO/25.08.0/epic_craterlake/DIS/NC/5x41/minQ2=100/pythia8NCDIS_5x41_minQ2=100_beamEffects_xAngle=-0.025_hiDiv_1.0263.eicrecon.edm4eic.root,1438.0
root://dtn-eic.jlab.org//volatile/eic/EPIC/RECO/25.08.0/epic_craterlake/DIS/NC/5x41/minQ2=100/pythia8NCDIS_5x41_minQ2=100_beamEffects_xAngle=-0.025_hiDiv_1.0264.eicrecon.edm4eic.root,1438.0
root://dtn-eic.jlab.org//volatile/eic/EPIC/RECO/25.08.0/epic_craterlake/DIS/NC/5x41/minQ2=100/pythia8NCDIS_5x41_minQ2=100_beamEffects_xAngle=-0.025_hiDiv_1.0265.eicrecon.edm4eic.root,1438.0
root://dtn-eic.jlab.org//volatile/eic/EPIC/RECO/25.08.0/epic_craterlake/DIS/NC/5x41/minQ2=100/pythia8NCDIS_5x41_minQ2=100_beamEffects_xAngle=-0.025_hiDiv_1.0266.eicrecon.edm4eic.root,1438.0
root://dtn-eic.jlab.org//volatile/eic/EPIC/RECO/25.08.0/epic_craterlake/DIS/NC/5x41/minQ2=100/pythia8NCDIS_5x41_minQ2=100_beamEffects_xAngle=-0.025_hiDiv_1.0267.eicrecon.edm4eic.root,1438.0
root://dtn-eic.jlab.org//volatile/eic/EPIC/RECO/25.08.0/epic_craterlake/DIS/NC/5x41/minQ2=100/pythia8NCDIS_5x41_minQ2=100_beamEffects_xAngle=-0.025_hiDiv_1.0268.eicrecon.edm4eic.root,1438.0
root://dtn-eic.jlab.org//volatile/eic/EPIC/RECO/25.08.0/epic_craterlake/DIS/NC/5x41/minQ2=100/pythia8NCDIS_5x41_minQ2=100_beamEffects_xAngle=-0.025_hiDiv_1.0269.eicrecon.edm4eic.root,1438.0
root://dtn-eic.jlab.org//volatile/eic/EPIC/RECO/25.08.0/epic_craterlake/DIS/NC/5x41/minQ2=100/pythia8NCDIS_5x41_minQ2=100_beamEffects_xAngle=-0.025_hiDiv_1.0270.eicrecon.edm4eic.root,1438.0
root://dtn-eic.jlab.org//volatile/eic/EPIC/RECO/25.08.0/epic_craterlake/DIS/NC/5x41/minQ2=100/pythia8NCDIS_5x41_minQ2=100_beamEffects_xAngle=-0.025_hiDiv_1.0271.eicrecon.edm4eic.root,1438.0
root://dtn-eic.jlab.org//volatile/eic/EPIC/RECO/25.08.0/epic_craterlake/DIS/NC/5x41/minQ2=100/pythia8NCDIS_5x41_minQ2=100_beamEffects_xAngle=-0.025_hiDiv_1.0272.eicrecon.edm4eic.root,1438.0
root://dtn-eic.jlab.org//volatile/eic/EPIC/RECO/25.08.0/epic_craterlake/DIS/NC/5x41/minQ2=100/pythia8NCDIS_5x41_minQ2=100_beamEffects_xAngle=-0.025_hiDiv_1.0273.eicrecon.edm4eic.root,1438.0
root://dtn-eic.jlab.org//volatile/eic/EPIC/RECO/25.08.0/epic_craterlake/DIS/NC/5x41/minQ2=100/pythia8NCDIS_5x41_minQ2=100_beamEffects_xAngle=-0.025_hiDiv_1.0274.eicrecon.edm4eic.root,1438.0
root://dtn-eic.jlab.org//volatile/eic/EPIC/RECO/25.08.0/epic_craterlake/DIS/NC/5x41/minQ2=100/pythia8NCDIS_5x41_minQ2=100_beamEffects_xAngle=-0.025_hiDiv_1.0275.eicrecon.edm4eic.root,1438.0
root://dtn-eic.jlab.org//volatile/eic/EPIC/RECO/25.08.0/epic_craterlake/DIS/NC/5x41/minQ2=100/pythia8NCDIS_5x41_minQ2=100_beamEffects_xAngle=-0.025_hiDiv_1.0276.eicrecon.edm4eic.root,1438.0
root://dtn-eic.jlab.org//volatile/eic/EPIC/RECO/25.08.0/epic_craterlake/DIS/NC/5x41/minQ2=100/pythia8NCDIS_5x41_minQ2=100_beamEffects_xAngle=-0.025_hiDiv_1.0277.eicrecon.edm4eic.root,1438.0
root://dtn-eic.jlab.org//volatile/eic/EPIC/RECO/25.08.0/epic_craterlake/DIS/NC/5x41/minQ2=100/pythia8NCDIS_5x41_minQ2=100_beamEffects_xAngle=-0.025_hiDiv_1.0278.eicrecon.edm4eic.root,1438.0
root://dtn-eic.jlab.org//volatile/eic/EPIC/RECO/25.08.0/epic_craterlake/DIS/NC/5x41/minQ2=100/pythia8NCDIS_5x41_minQ2=100_beamEffects_xAngle=-0.025_hiDiv_1.0279.eicrecon.edm4eic.root,1438.0
root://dtn-eic.jlab.org//volatile/eic/EPIC/RECO/25.08.0/epic_craterlake/DIS/NC/5x41/minQ2=100/pythia8NCDIS_5x41_minQ2=100_beamEffects_xAngle=-0.025_hiDiv_1.0280.eicrecon.edm4eic.root,1438.0
root://dtn-eic.jlab.org//volatile/eic/EPIC/RECO/25.08.0/epic_craterlake/DIS/NC/5x41/minQ2=100/pythia8NCDIS_5x41_minQ2=100_beamEffects_xAngle=-0.025_hiDiv_1.0281.eicrecon.edm4eic.root,1438.0
root://dtn-eic.jlab.org//volatile/eic/EPIC/RECO/25.08.0/epic_craterlake/DIS/NC/5x41/minQ2=100/pythia8NCDIS_5x41_minQ2=100_beamEffects_xAngle=-0.025_hiDiv_1.0282.eicrecon.edm4eic.root,1438.0
root://dtn-eic.jlab.org//volatile/eic/EPIC/RECO/25.08.0/epic_craterlake/DIS/NC/5x41/minQ2=100/pythia8NCDIS_5x41_minQ2=100_beamEffects_xAngle=-0.025_hiDiv_1.0283.eicrecon.edm4eic.root,1438.0
root://dtn-eic.jlab.org//volatile/eic/EPIC/RECO/25.08.0/epic_craterlake/DIS/NC/5x41/minQ2=100/pythia8NCDIS_5x41_minQ2=100_beamEffects_xAngle=-0.025_hiDiv_1.0284.eicrecon.edm4eic.root,1438.0
root://dtn-eic.jlab.org//volatile/eic/EPIC/RECO/25.08.0/epic_craterlake/DIS/NC/5x41/minQ2=100/pythia8NCDIS_5x41_minQ2=100_beamEffects_xAngle=-0.025_hiDiv_1.0285.eicrecon.edm4eic.root,1438.0
root://dtn-eic.jlab.org//volatile/eic/EPIC/RECO/25.08.0/epic_craterlake/DIS/NC/5x41/minQ2=100/pythia8NCDIS_5x41_minQ2=100_beamEffects_xAngle=-0.025_hiDiv_1.0286.eicrecon.edm4eic.root,1438.0
root://dtn-eic.jlab.org//volatile/eic/EPIC/RECO/25.08.0/epic_craterlake/DIS/NC/5x41/minQ2=100/pythia8NCDIS_5x41_minQ2=100_beamEffects_xAngle=-0.025_hiDiv_1.0287.eicrecon.edm4eic.root,1438.0
root://dtn-eic.jlab.org//volatile/eic/EPIC/RECO/25.08.0/epic_craterlake/DIS/NC/5x41/minQ2=100/pythia8NCDIS_5x41_minQ2=100_beamEffects_xAngle=-0.025_hiDiv_1.0288.eicrecon.edm4eic.root,1438.0
root://dtn-eic.jlab.org//volatile/eic/EPIC/RECO/25.08.0/epic_craterlake/DIS/NC/5x41/minQ2=100/pythia8NCDIS_5x41_minQ2=100_beamEffects_xAngle=-0.025_hiDiv_1.0289.eicrecon.edm4eic.root,1438.0
root://dtn-eic.jlab.org//volatile/eic/EPIC/RECO/25.08.0/epic_craterlake/DIS/NC/5x41/minQ2=100/pythia8NCDIS_5x41_minQ2=100_beamEffects_xAngle=-0.025_hiDiv_1.0290.eicrecon.edm4eic.root,1438.0
root://dtn-eic.jlab.org//volatile/eic/EPIC/RECO/25.08.0/epic_craterlake/DIS/NC/5x41/minQ2=100/pythia8NCDIS_5x41_minQ2=100_beamEffects_xAngle=-0.025_hiDiv_1.0291.eicrecon.edm4eic.root,1438.0
root://dtn-eic.jlab.org//volatile/eic/EPIC/RECO/25.08.0/epic_craterlake/DIS/NC/5x41/minQ2=100/pythia8NCDIS_5x41_minQ2=100_beamEffects_xAngle=-0.025_hiDiv_1.0292.eicrecon.edm4eic.root,1438.0
root://dtn-eic.jlab.org//volatile/eic/EPIC/RECO/25.08.0/epic_craterlake/DIS/NC/5x41/minQ2=100/pythia8NCDIS_5x41_minQ2=100_beamEffects_xAngle=-0.025_hiDiv_1.0293.eicrecon.edm4eic.root,1438.0
root://dtn-eic.jlab.org//volatile/eic/EPIC/RECO/25.08.0/epic_craterlake/DIS/NC/5x41/minQ2=100/pythia8NCDIS_5x41_minQ2=100_beamEffects_xAngle=-0.025_hiDiv_1.0294.eicrecon.edm4eic.root,1438.0
root://dtn-eic.jlab.org//volatile/eic/EPIC/RECO/25.08.0/epic_craterlake/DIS/NC/5x41/minQ2=100/pythia8NCDIS_5x41_minQ2=100_beamEffects_xAngle=-0.025_hiDiv_1.0295.eicrecon.edm4eic.root,1438.0
root://dtn-eic.jlab.org//volatile/eic/EPIC/RECO/25.08.0/epic_craterlake/DIS/NC/5x41/minQ2=100/pythia8NCDIS_5x41_minQ2=100_beamEffects_xAngle=-0.025_hiDiv_1.0296.eicrecon.edm4eic.root,1438.0
root://dtn-eic.jlab.org//volatile/eic/EPIC/RECO/25.08.0/epic_craterlake/DIS/NC/5x41/minQ2=100/pythia8NCDIS_5x41_minQ2=100_beamEffects_xAngle=-0.025_hiDiv_1.0297.eicrecon.edm4eic.root,1438.0
root://dtn-eic.jlab.org//volatile/eic/EPIC/RECO/25.08.0/epic_craterlake/DIS/NC/5x41/minQ2=100/pythia8NCDIS_5x41_minQ2=100_beamEffects_xAngle=-0.025_hiDiv_1.0298.eicrecon.edm4eic.root,1438.0
root://dtn-eic.jlab.org//volatile/eic/EPIC/RECO/25.08.0/epic_craterlake/DIS/NC/5x41/minQ2=100/pythia8NCDIS_5x41_minQ2=100_beamEffects_xAngle=-0.025_hiDiv_1.0299.eicrecon.edm4eic.root,1438.0
root://dtn-eic.jlab.org//volatile/eic/EPIC/RECO/25.08.0/epic_craterlake/DIS/NC/5x41/minQ2=100/pythia8NCDIS_5x41_minQ2=100_beamEffects_xAngle=-0.025_hiDiv_1.0300.eicrecon.edm4eic.root,1438.0
root://dtn-eic.jlab.org//volatile/eic/EPIC/RECO/25.08.0/epic_craterlake/DIS/NC/5x41/minQ2=100/pythia8NCDIS_5x41_minQ2=100_beamEffects_xAngle=-0.025_hiDiv_1.0301.eicrecon.edm4eic.root,1438.0
root://dtn-eic.jlab.org//volatile/eic/EPIC/RECO/25.08.0/epic_craterlake/DIS/NC/5x41/minQ2=100/pythia8NCDIS_5x41_minQ2=100_beamEffects_xAngle=-0.025_hiDiv_1.0302.eicrecon.edm4eic.root,1438.0
root://dtn-eic.jlab.org//volatile/eic/EPIC/RECO/25.08.0/epic_craterlake/DIS/NC/5x41/minQ2=100/pythia8NCDIS_5x41_minQ2=100_beamEffects_xAngle=-0.025_hiDiv_1.0303.eicrecon.edm4eic.root,1438.0
root://dtn-eic.jlab.org//volatile/eic/EPIC/RECO/25.08.0/epic_craterlake/DIS/NC/5x41/minQ2=100/pythia8NCDIS_5x41_minQ2=100_beamEffects_xAngle=-0.025_hiDiv_1.0304.eicrecon.edm4eic.root,1438.0
root://dtn-eic.jlab.org//volatile/eic/EPIC/RECO/25.08.0/epic_craterlake/DIS/NC/5x41/minQ2=100/pythia8NCDIS_5x41_minQ2=100_beamEffects_xAngle=-0.025_hiDiv_1.0305.eicrecon.edm4eic.root,1438.0
root://dtn-eic.jlab.org//volatile/eic/EPIC/RECO/25.08.0/epic_craterlake/DIS/NC/5x41/minQ2=100/pythia8NCDIS_5x41_minQ2=100_beamEffects_xAngle=-0.025_hiDiv_1.0306.eicrecon.edm4eic.root,1438.0
root://dtn-eic.jlab.org//volatile/eic/EPIC/RECO/25.08.0/epic_craterlake/DIS/NC/5x41/minQ2=100/pythia8NCDIS_5x41_minQ2=100_beamEffects_xAngle=-0.025_hiDiv_1.0307.eicrecon.edm4eic.root,1438.0
root://dtn-eic.jlab.org//volatile/eic/EPIC/RECO/25.08.0/epic_craterlake/DIS/NC/5x41/minQ2=100/pythia8NCDIS_5x41_minQ2=100_beamEffects_xAngle=-0.025_hiDiv_1.0308.eicrecon.edm4eic.root,1438.0
root://dtn-eic.jlab.org//volatile/eic/EPIC/RECO/25.08.0/epic_craterlake/DIS/NC/5x41/minQ2=100/pythia8NCDIS_5x41_minQ2=100_beamEffects_xAngle=-0.025_hiDiv_1.0309.eicrecon.edm4eic.root,1438.0
root://dtn-eic.jlab.org//volatile/eic/EPIC/RECO/25.08.0/epic_craterlake/DIS/NC/5x41/minQ2=100/pythia8NCDIS_5x41_minQ2=100_beamEffects_xAngle=-0.025_hiDiv_1.0310.eicrecon.edm4eic.root,1438.0
root://dtn-eic.jlab.org//volatile/eic/EPIC/RECO/25.08.0/epic_craterlake/DIS/NC/5x41/minQ2=100/pythia8NCDIS_5x41_minQ2=100_beamEffects_xAngle=-0.025_hiDiv_1.0311.eicrecon.edm4eic.root,1438.0
root://dtn-eic.jlab.org//volatile/eic/EPIC/RECO/25.08.0/epic_craterlake/DIS/NC/5x41/minQ2=100/pythia8NCDIS_5x41_minQ2=100_beamEffects_xAngle=-0.025_hiDiv_1.0312.eicrecon.edm4eic.root,1438.0
root://dtn-eic.jlab.org//volatile/eic/EPIC/RECO/25.08.0/epic_craterlake/DIS/NC/5x41/minQ2=100/pythia8NCDIS_5x41_minQ2=100_beamEffects_xAngle=-0.025_hiDiv_1.0313.eicrecon.edm4eic.root,1438.0
root://dtn-eic.jlab.org//volatile/eic/EPIC/RECO/25.08.0/epic_craterlake/DIS/NC/5x41/minQ2=100/pythia8NCDIS_5x41_minQ2=100_beamEffects_xAngle=-0.025_hiDiv_1.0314.eicrecon.edm4eic.root,1438.0
root://dtn-eic.jlab.org//volatile/eic/EPIC/RECO/25.08.0/epic_craterlake/DIS/NC/5x41/minQ2=100/pythia8NCDIS_5x41_minQ2=100_beamEffects_xAngle=-0.025_hiDiv_1.0315.eicrecon.edm4eic.root,1438.0
root://dtn-eic.jlab.org//volatile/eic/EPIC/RECO/25.08.0/epic_craterlake/DIS/NC/5x41/minQ2=100/pythia8NCDIS_5x41_minQ2=100_beamEffects_xAngle=-0.025_hiDiv_1.0316.eicrecon.edm4eic.root,1438.0
root://dtn-eic.jlab.org//volatile/eic/EPIC/RECO/25.08.0/epic_craterlake/DIS/NC/5x41/minQ2=100/pythia8NCDIS_5x41_minQ2=100_beamEffects_xAngle=-0.025_hiDiv_1.0317.eicrecon.edm4eic.root,1438.0
root://dtn-eic.jlab.org//volatile/eic/EPIC/RECO/25.08.0/epic_craterlake/DIS/NC/5x41/minQ2=100/pythia8NCDIS_5x41_minQ2=100_beamEffects_xAngle=-0.025_hiDiv_1.0318.eicrecon.edm4eic.root,1438.0
root://dtn-eic.jlab.org//volatile/eic/EPIC/RECO/25.08.0/epic_craterlake/DIS/NC/5x41/minQ2=100/pythia8NCDIS_5x41_minQ2=100_beamEffects_xAngle=-0.025_hiDiv_1.0319.eicrecon.edm4eic.root,1438.0
root://dtn-eic.jlab.org//volatile/eic/EPIC/RECO/25.08.0/epic_craterlake/DIS/NC/5x41/minQ2=100/pythia8NCDIS_5x41_minQ2=100_beamEffects_xAngle=-0.025_hiDiv_1.0320.eicrecon.edm4eic.root,1438.0
root://dtn-eic.jlab.org//volatile/eic/EPIC/RECO/25.08.0/epic_craterlake/DIS/NC/5x41/minQ2=100/pythia8NCDIS_5x41_minQ2=100_beamEffects_xAngle=-0.025_hiDiv_1.0321.eicrecon.edm4eic.root,1438.0
root://dtn-eic.jlab.org//volatile/eic/EPIC/RECO/25.08.0/epic_craterlake/DIS/NC/5x41/minQ2=100/pythia8NCDIS_5x41_minQ2=100_beamEffects_xAngle=-0.025_hiDiv_1.0322.eicrecon.edm4eic.root,1438.0
root://dtn-eic.jlab.org//volatile/eic/EPIC/RECO/25.08.0/epic_craterlake/DIS/NC/5x41/minQ2=100/pythia8NCDIS_5x41_minQ2=100_beamEffects_xAngle=-0.025_hiDiv_1.0323.eicrecon.edm4eic.root,1438.0
root://dtn-eic.jlab.org//volatile/eic/EPIC/RECO/25.08.0/epic_craterlake/DIS/NC/5x41/minQ2=100/pythia8NCDIS_5x41_minQ2=100_beamEffects_xAngle=-0.025_hiDiv_1.0324.eicrecon.edm4eic.root,1438.0
root://dtn-eic.jlab.org//volatile/eic/EPIC/RECO/25.08.0/epic_craterlake/DIS/NC/5x41/minQ2=100/pythia8NCDIS_5x41_minQ2=100_beamEffects_xAngle=-0.025_hiDiv_1.0325.eicrecon.edm4eic.root,1438.0
root://dtn-eic.jlab.org//volatile/eic/EPIC/RECO/25.08.0/epic_craterlake/DIS/NC/5x41/minQ2=100/pythia8NCDIS_5x41_minQ2=100_beamEffects_xAngle=-0.025_hiDiv_1.0326.eicrecon.edm4eic.root,1438.0
root://dtn-eic.jlab.org//volatile/eic/EPIC/RECO/25.08.0/epic_craterlake/DIS/NC/5x41/minQ2=100/pythia8NCDIS_5x41_minQ2=100_beamEffects_xAngle=-0.025_hiDiv_1.0327.eicrecon.edm4eic.root,1438.0
root://dtn-eic.jlab.org//volatile/eic/EPIC/RECO/25.08.0/epic_craterlake/DIS/NC/5x41/minQ2=100/pythia8NCDIS_5x41_minQ2=100_beamEffects_xAngle=-0.025_hiDiv_1.0328.eicrecon.edm4eic.root,1438.0
root://dtn-eic.jlab.org//volatile/eic/EPIC/RECO/25.08.0/epic_craterlake/DIS/NC/5x41/minQ2=100/pythia8NCDIS_5x41_minQ2=100_beamEffects_xAngle=-0.025_hiDiv_1.0329.eicrecon.edm4eic.root,1438.0
root://dtn-eic.jlab.org//volatile/eic/EPIC/RECO/25.08.0/epic_craterlake/DIS/NC/5x41/minQ2=100/pythia8NCDIS_5x41_minQ2=100_beamEffects_xAngle=-0.025_hiDiv_1.0330.eicrecon.edm4eic.root,1438.0
root://dtn-eic.jlab.org//volatile/eic/EPIC/RECO/25.08.0/epic_craterlake/DIS/NC/5x41/minQ2=100/pythia8NCDIS_5x41_minQ2=100_beamEffects_xAngle=-0.025_hiDiv_1.0331.eicrecon.edm4eic.root,1438.0
root://dtn-eic.jlab.org//volatile/eic/EPIC/RECO/25.08.0/epic_craterlake/DIS/NC/5x41/minQ2=100/pythia8NCDIS_5x41_minQ2=100_beamEffects_xAngle=-0.025_hiDiv_1.0332.eicrecon.edm4eic.root,1438.0
root://dtn-eic.jlab.org//volatile/eic/EPIC/RECO/25.08.0/epic_craterlake/DIS/NC/5x41/minQ2=100/pythia8NCDIS_5x41_minQ2=100_beamEffects_xAngle=-0.025_hiDiv_1.0333.eicrecon.edm4eic.root,1438.0
root://dtn-eic.jlab.org//volatile/eic/EPIC/RECO/25.08.0/epic_craterlake/DIS/NC/5x41/minQ2=100/pythia8NCDIS_5x41_minQ2=100_beamEffects_xAngle=-0.025_hiDiv_1.0334.eicrecon.edm4eic.root,1438.0
root://dtn-eic.jlab.org//volatile/eic/EPIC/RECO/25.08.0/epic_craterlake/DIS/NC/5x41/minQ2=100/pythia8NCDIS_5x41_minQ2=100_beamEffects_xAngle=-0.025_hiDiv_1.0335.eicrecon.edm4eic.root,1438.0
root://dtn-eic.jlab.org//volatile/eic/EPIC/RECO/25.08.0/epic_craterlake/DIS/NC/5x41/minQ2=100/pythia8NCDIS_5x41_minQ2=100_beamEffects_xAngle=-0.025_hiDiv_1.0336.eicrecon.edm4eic.root,1438.0
root://dtn-eic.jlab.org//volatile/eic/EPIC/RECO/25.08.0/epic_craterlake/DIS/NC/5x41/minQ2=100/pythia8NCDIS_5x41_minQ2=100_beamEffects_xAngle=-0.025_hiDiv_1.0337.eicrecon.edm4eic.root,1438.0
root://dtn-eic.jlab.org//volatile/eic/EPIC/RECO/25.08.0/epic_craterlake/DIS/NC/5x41/minQ2=100/pythia8NCDIS_5x41_minQ2=100_beamEffects_xAngle=-0.025_hiDiv_1.0338.eicrecon.edm4eic.root,1438.0
root://dtn-eic.jlab.org//volatile/eic/EPIC/RECO/25.08.0/epic_craterlake/DIS/NC/5x41/minQ2=100/pythia8NCDIS_5x41_minQ2=100_beamEffects_xAngle=-0.025_hiDiv_1.0339.eicrecon.edm4eic.root,1438.0
root://dtn-eic.jlab.org//volatile/eic/EPIC/RECO/25.08.0/epic_craterlake/DIS/NC/5x41/minQ2=100/pythia8NCDIS_5x41_minQ2=100_beamEffects_xAngle=-0.025_hiDiv_1.0340.eicrecon.edm4eic.root,1438.0
root://dtn-eic.jlab.org//volatile/eic/EPIC/RECO/25.08.0/epic_craterlake/DIS/NC/5x41/minQ2=100/pythia8NCDIS_5x41_minQ2=100_beamEffects_xAngle=-0.025_hiDiv_1.0341.eicrecon.edm4eic.root,1438.0
root://dtn-eic.jlab.org//volatile/eic/EPIC/RECO/25.08.0/epic_craterlake/DIS/NC/5x41/minQ2=100/pythia8NCDIS_5x41_minQ2=100_beamEffects_xAngle=-0.025_hiDiv_1.0342.eicrecon.edm4eic.root,1438.0
root://dtn-eic.jlab.org//volatile/eic/EPIC/RECO/25.08.0/epic_craterlake/DIS/NC/5x41/minQ2=100/pythia8NCDIS_5x41_minQ2=100_beamEffects_xAngle=-0.025_hiDiv_1.0343.eicrecon.edm4eic.root,1438.0
root://dtn-eic.jlab.org//volatile/eic/EPIC/RECO/25.08.0/epic_craterlake/DIS/NC/5x41/minQ2=100/pythia8NCDIS_5x41_minQ2=100_beamEffects_xAngle=-0.025_hiDiv_1.0344.eicrecon.edm4eic.root,1438.0
root://dtn-eic.jlab.org//volatile/eic/EPIC/RECO/25.08.0/epic_craterlake/DIS/NC/5x41/minQ2=100/pythia8NCDIS_5x41_minQ2=100_beamEffects_xAngle=-0.025_hiDiv_1.0345.eicrecon.edm4eic.root,1438.0
root://dtn-eic.jlab.org//volatile/eic/EPIC/RECO/25.08.0/epic_craterlake/DIS/NC/5x41/minQ2=100/pythia8NCDIS_5x41_minQ2=100_beamEffects_xAngle=-0.025_hiDiv_1.0346.eicrecon.edm4eic.root,1438.0
root://dtn-eic.jlab.org//volatile/eic/EPIC/RECO/25.08.0/epic_craterlake/DIS/NC/5x41/minQ2=100/pythia8NCDIS_5x41_minQ2=100_beamEffects_xAngle=-0.025_hiDiv_1.0347.eicrecon.edm4eic.root,1438.0
root://dtn-eic.jlab.org//volatile/eic/EPIC/RECO/25.08.0/epic_craterlake/DIS/NC/5x41/minQ2=100/pythia8NCDIS_5x41_minQ2=100_beamEffects_xAngle=-0.025_hiDiv_1.0348.eicrecon.edm4eic.root,1438.0
root://dtn-eic.jlab.org//volatile/eic/EPIC/RECO/25.08.0/epic_craterlake/DIS/NC/5x41/minQ2=100/pythia8NCDIS_5x41_minQ2=100_beamEffects_xAngle=-0.025_hiDiv_1.0349.eicrecon.edm4eic.root,1438.0
root://dtn-eic.jlab.org//volatile/eic/EPIC/RECO/25.08.0/epic_craterlake/DIS/NC/5x41/minQ2=100/pythia8NCDIS_5x41_minQ2=100_beamEffects_xAngle=-0.025_hiDiv_1.0350.eicrecon.edm4eic.root,1438.0
root://dtn-eic.jlab.org//volatile/eic/EPIC/RECO/25.08.0/epic_craterlake/DIS/NC/5x41/minQ2=100/pythia8NCDIS_5x41_minQ2=100_beamEffects_xAngle=-0.025_hiDiv_1.0351.eicrecon.edm4eic.root,1438.0
root://dtn-eic.jlab.org//volatile/eic/EPIC/RECO/25.08.0/epic_craterlake/DIS/NC/5x41/minQ2=100/pythia8NCDIS_5x41_minQ2=100_beamEffects_xAngle=-0.025_hiDiv_1.0352.eicrecon.edm4eic.root,1438.0
root://dtn-eic.jlab.org//volatile/eic/EPIC/RECO/25.08.0/epic_craterlake/DIS/NC/5x41/minQ2=100/pythia8NCDIS_5x41_minQ2=100_beamEffects_xAngle=-0.025_hiDiv_1.0353.eicrecon.edm4eic.root,1438.0
root://dtn-eic.jlab.org//volatile/eic/EPIC/RECO/25.08.0/epic_craterlake/DIS/NC/5x41/minQ2=100/pythia8NCDIS_5x41_minQ2=100_beamEffects_xAngle=-0.025_hiDiv_1.0354.eicrecon.edm4eic.root,1438.0
root://dtn-eic.jlab.org//volatile/eic/EPIC/RECO/25.08.0/epic_craterlake/DIS/NC/5x41/minQ2=100/pythia8NCDIS_5x41_minQ2=100_beamEffects_xAngle=-0.025_hiDiv_1.0355.eicrecon.edm4eic.root,1438.0
root://dtn-eic.jlab.org//volatile/eic/EPIC/RECO/25.08.0/epic_craterlake/DIS/NC/5x41/minQ2=100/pythia8NCDIS_5x41_minQ2=100_beamEffects_xAngle=-0.025_hiDiv_1.0356.eicrecon.edm4eic.root,1438.0
root://dtn-eic.jlab.org//volatile/eic/EPIC/RECO/25.08.0/epic_craterlake/DIS/NC/5x41/minQ2=100/pythia8NCDIS_5x41_minQ2=100_beamEffects_xAngle=-0.025_hiDiv_1.0357.eicrecon.edm4eic.root,1438.0
root://dtn-eic.jlab.org//volatile/eic/EPIC/RECO/25.08.0/epic_craterlake/DIS/NC/5x41/minQ2=100/pythia8NCDIS_5x41_minQ2=100_beamEffects_xAngle=-0.025_hiDiv_1.0358.eicrecon.edm4eic.root,1438.0
root://dtn-eic.jlab.org//volatile/eic/EPIC/RECO/25.08.0/epic_craterlake/DIS/NC/5x41/minQ2=100/pythia8NCDIS_5x41_minQ2=100_beamEffects_xAngle=-0.025_hiDiv_1.0359.eicrecon.edm4eic.root,1438.0
root://dtn-eic.jlab.org//volatile/eic/EPIC/RECO/25.08.0/epic_craterlake/DIS/NC/5x41/minQ2=100/pythia8NCDIS_5x41_minQ2=100_beamEffects_xAngle=-0.025_hiDiv_1.0360.eicrecon.edm4eic.root,1438.0
root://dtn-eic.jlab.org//volatile/eic/EPIC/RECO/25.08.0/epic_craterlake/DIS/NC/5x41/minQ2=100/pythia8NCDIS_5x41_minQ2=100_beamEffects_xAngle=-0.025_hiDiv_1.0361.eicrecon.edm4eic.root,1438.0
root://dtn-eic.jlab.org//volatile/eic/EPIC/RECO/25.08.0/epic_craterlake/DIS/NC/5x41/minQ2=100/pythia8NCDIS_5x41_minQ2=100_beamEffects_xAngle=-0.025_hiDiv_1.0362.eicrecon.edm4eic.root,1438.0
root://dtn-eic.jlab.org//volatile/eic/EPIC/RECO/25.08.0/epic_craterlake/DIS/NC/5x41/minQ2=100/pythia8NCDIS_5x41_minQ2=100_beamEffects_xAngle=-0.025_hiDiv_1.0363.eicrecon.edm4eic.root,1438.0
root://dtn-eic.jlab.org//volatile/eic/EPIC/RECO/25.08.0/epic_craterlake/DIS/NC/5x41/minQ2=100/pythia8NCDIS_5x41_minQ2=100_beamEffects_xAngle=-0.025_hiDiv_1.0364.eicrecon.edm4eic.root,1438.0
root://dtn-eic.jlab.org//volatile/eic/EPIC/RECO/25.08.0/epic_craterlake/DIS/NC/5x41/minQ2=100/pythia8NCDIS_5x41_minQ2=100_beamEffects_xAngle=-0.025_hiDiv_1.0365.eicrecon.edm4eic.root,1438.0
root://dtn-eic.jlab.org//volatile/eic/EPIC/RECO/25.08.0/epic_craterlake/DIS/NC/5x41/minQ2=100/pythia8NCDIS_5x41_minQ2=100_beamEffects_xAngle=-0.025_hiDiv_1.0366.eicrecon.edm4eic.root,1438.0
root://dtn-eic.jlab.org//volatile/eic/EPIC/RECO/25.08.0/epic_craterlake/DIS/NC/5x41/minQ2=100/pythia8NCDIS_5x41_minQ2=100_beamEffects_xAngle=-0.025_hiDiv_1.0367.eicrecon.edm4eic.root,1438.0
root://dtn-eic.jlab.org//volatile/eic/EPIC/RECO/25.08.0/epic_craterlake/DIS/NC/5x41/minQ2=100/pythia8NCDIS_5x41_minQ2=100_beamEffects_xAngle=-0.025_hiDiv_1.0368.eicrecon.edm4eic.root,1438.0
root://dtn-eic.jlab.org//volatile/eic/EPIC/RECO/25.08.0/epic_craterlake/DIS/NC/5x41/minQ2=100/pythia8NCDIS_5x41_minQ2=100_beamEffects_xAngle=-0.025_hiDiv_1.0369.eicrecon.edm4eic.root,1438.0
root://dtn-eic.jlab.org//volatile/eic/EPIC/RECO/25.08.0/epic_craterlake/DIS/NC/5x41/minQ2=100/pythia8NCDIS_5x41_minQ2=100_beamEffects_xAngle=-0.025_hiDiv_1.0370.eicrecon.edm4eic.root,1438.0
root://dtn-eic.jlab.org//volatile/eic/EPIC/RECO/25.08.0/epic_craterlake/DIS/NC/5x41/minQ2=100/pythia8NCDIS_5x41_minQ2=100_beamEffects_xAngle=-0.025_hiDiv_1.0371.eicrecon.edm4eic.root,1438.0
root://dtn-eic.jlab.org//volatile/eic/EPIC/RECO/25.08.0/epic_craterlake/DIS/NC/5x41/minQ2=100/pythia8NCDIS_5x41_minQ2=100_beamEffects_xAngle=-0.025_hiDiv_1.0372.eicrecon.edm4eic.root,1438.0
root://dtn-eic.jlab.org//volatile/eic/EPIC/RECO/25.08.0/epic_craterlake/DIS/NC/5x41/minQ2=100/pythia8NCDIS_5x41_minQ2=100_beamEffects_xAngle=-0.025_hiDiv_1.0373.eicrecon.edm4eic.root,1438.0
root://dtn-eic.jlab.org//volatile/eic/EPIC/RECO/25.08.0/epic_craterlake/DIS/NC/5x41/minQ2=100/pythia8NCDIS_5x41_minQ2=100_beamEffects_xAngle=-0.025_hiDiv_1.0374.eicrecon.edm4eic.root,1438.0
root://dtn-eic.jlab.org//volatile/eic/EPIC/RECO/25.08.0/epic_craterlake/DIS/NC/5x41/minQ2=100/pythia8NCDIS_5x41_minQ2=100_beamEffects_xAngle=-0.025_hiDiv_1.0375.eicrecon.edm4eic.root,1438.0
root://dtn-eic.jlab.org//volatile/eic/EPIC/RECO/25.08.0/epic_craterlake/DIS/NC/5x41/minQ2=100/pythia8NCDIS_5x41_minQ2=100_beamEffects_xAngle=-0.025_hiDiv_1.0376.eicrecon.edm4eic.root,1438.0
root://dtn-eic.jlab.org//volatile/eic/EPIC/RECO/25.08.0/epic_craterlake/DIS/NC/5x41/minQ2=100/pythia8NCDIS_5x41_minQ2=100_beamEffects_xAngle=-0.025_hiDiv_1.0377.eicrecon.edm4eic.root,1438.0
root://dtn-eic.jlab.org//volatile/eic/EPIC/RECO/25.08.0/epic_craterlake/DIS/NC/5x41/minQ2=100/pythia8NCDIS_5x41_minQ2=100_beamEffects_xAngle=-0.025_hiDiv_1.0378.eicrecon.edm4eic.root,1438.0
root://dtn-eic.jlab.org//volatile/eic/EPIC/RECO/25.08.0/epic_craterlake/DIS/NC/5x41/minQ2=100/pythia8NCDIS_5x41_minQ2=100_beamEffects_xAngle=-0.025_hiDiv_1.0379.eicrecon.edm4eic.root,1438.0
root://dtn-eic.jlab.org//volatile/eic/EPIC/RECO/25.08.0/epic_craterlake/DIS/NC/5x41/minQ2=100/pythia8NCDIS_5x41_minQ2=100_beamEffects_xAngle=-0.025_hiDiv_1.0380.eicrecon.edm4eic.root,1438.0
root://dtn-eic.jlab.org//volatile/eic/EPIC/RECO/25.08.0/epic_craterlake/DIS/NC/5x41/minQ2=100/pythia8NCDIS_5x41_minQ2=100_beamEffects_xAngle=-0.025_hiDiv_1.0381.eicrecon.edm4eic.root,1438.0
root://dtn-eic.jlab.org//volatile/eic/EPIC/RECO/25.08.0/epic_craterlake/DIS/NC/5x41/minQ2=100/pythia8NCDIS_5x41_minQ2=100_beamEffects_xAngle=-0.025_hiDiv_1.0382.eicrecon.edm4eic.root,1438.0
root://dtn-eic.jlab.org//volatile/eic/EPIC/RECO/25.08.0/epic_craterlake/DIS/NC/5x41/minQ2=100/pythia8NCDIS_5x41_minQ2=100_beamEffects_xAngle=-0.025_hiDiv_1.0383.eicrecon.edm4eic.root,1438.0
root://dtn-eic.jlab.org//volatile/eic/EPIC/RECO/25.08.0/epic_craterlake/DIS/NC/5x41/minQ2=100/pythia8NCDIS_5x41_minQ2=100_beamEffects_xAngle=-0.025_hiDiv_1.0384.eicrecon.edm4eic.root,1438.0
root://dtn-eic.jlab.org//volatile/eic/EPIC/RECO/25.08.0/epic_craterlake/DIS/NC/5x41/minQ2=100/pythia8NCDIS_5x41_minQ2=100_beamEffects_xAngle=-0.025_hiDiv_1.0385.eicrecon.edm4eic.root,1438.0
root://dtn-eic.jlab.org//volatile/eic/EPIC/RECO/25.08.0/epic_craterlake/DIS/NC/5x41/minQ2=100/pythia8NCDIS_5x41_minQ2=100_beamEffects_xAngle=-0.025_hiDiv_1.0386.eicrecon.edm4eic.root,1438.0
root://dtn-eic.jlab.org//volatile/eic/EPIC/RECO/25.08.0/epic_craterlake/DIS/NC/5x41/minQ2=100/pythia8NCDIS_5x41_minQ2=100_beamEffects_xAngle=-0.025_hiDiv_1.0387.eicrecon.edm4eic.root,1438.0
root://dtn-eic.jlab.org//volatile/eic/EPIC/RECO/25.08.0/epic_craterlake/DIS/NC/5x41/minQ2=100/pythia8NCDIS_5x41_minQ2=100_beamEffects_xAngle=-0.025_hiDiv_1.0388.eicrecon.edm4eic.root,1438.0
root://dtn-eic.jlab.org//volatile/eic/EPIC/RECO/25.08.0/epic_craterlake/DIS/NC/5x41/minQ2=100/pythia8NCDIS_5x41_minQ2=100_beamEffects_xAngle=-0.025_hiDiv_1.0389.eicrecon.edm4eic.root,1438.0
root://dtn-eic.jlab.org//volatile/eic/EPIC/RECO/25.08.0/epic_craterlake/DIS/NC/5x41/minQ2=100/pythia8NCDIS_5x41_minQ2=100_beamEffects_xAngle=-0.025_hiDiv_1.0390.eicrecon.edm4eic.root,1438.0
root://dtn-eic.jlab.org//volatile/eic/EPIC/RECO/25.08.0/epic_craterlake/DIS/NC/5x41/minQ2=100/pythia8NCDIS_5x41_minQ2=100_beamEffects_xAngle=-0.025_hiDiv_1.0391.eicrecon.edm4eic.root,1438.0
root://dtn-eic.jlab.org//volatile/eic/EPIC/RECO/25.08.0/epic_craterlake/DIS/NC/5x41/minQ2=100/pythia8NCDIS_5x41_minQ2=100_beamEffects_xAngle=-0.025_hiDiv_1.0392.eicrecon.edm4eic.root,1438.0
root://dtn-eic.jlab.org//volatile/eic/EPIC/RECO/25.08.0/epic_craterlake/DIS/NC/5x41/minQ2=100/pythia8NCDIS_5x41_minQ2=100_beamEffects_xAngle=-0.025_hiDiv_1.0393.eicrecon.edm4eic.root,1438.0
root://dtn-eic.jlab.org//volatile/eic/EPIC/RECO/25.08.0/epic_craterlake/DIS/NC/5x41/minQ2=100/pythia8NCDIS_5x41_minQ2=100_beamEffects_xAngle=-0.025_hiDiv_1.0394.eicrecon.edm4eic.root,1438.0
root://dtn-eic.jlab.org//volatile/eic/EPIC/RECO/25.08.0/epic_craterlake/DIS/NC/5x41/minQ2=100/pythia8NCDIS_5x41_minQ2=100_beamEffects_xAngle=-0.025_hiDiv_1.0395.eicrecon.edm4eic.root,1438.0
root://dtn-eic.jlab.org//volatile/eic/EPIC/RECO/25.08.0/epic_craterlake/DIS/NC/5x41/minQ2=100/pythia8NCDIS_5x41_minQ2=100_beamEffects_xAngle=-0.025_hiDiv_1.0396.eicrecon.edm4eic.root,1438.0
root://dtn-eic.jlab.org//volatile/eic/EPIC/RECO/25.08.0/epic_craterlake/DIS/NC/5x41/minQ2=100/pythia8NCDIS_5x41_minQ2=100_beamEffects_xAngle=-0.025_hiDiv_1.0397.eicrecon.edm4eic.root,1438.0
root://dtn-eic.jlab.org//volatile/eic/EPIC/RECO/25.08.0/epic_craterlake/DIS/NC/5x41/minQ2=100/pythia8NCDIS_5x41_minQ2=100_beamEffects_xAngle=-0.025_hiDiv_1.0398.eicrecon.edm4eic.root,1438.0
root://dtn-eic.jlab.org//volatile/eic/EPIC/RECO/25.08.0/epic_craterlake/DIS/NC/5x41/minQ2=100/pythia8NCDIS_5x41_minQ2=100_beamEffects_xAngle=-0.025_hiDiv_1.0399.eicrecon.edm4eic.root,1438.0
root://dtn-eic.jlab.org//volatile/eic/EPIC/RECO/25.08.0/epic_craterlake/DIS/NC/5x41/minQ2=100/pythia8NCDIS_5x41_minQ2=100_beamEffects_xAngle=-0.025_hiDiv_1.0400.eicrecon.edm4eic.root,1438.0
root://dtn-eic.jlab.org//volatile/eic/EPIC/RECO/25.08.0/epic_craterlake/DIS/NC/5x41/minQ2=100/pythia8NCDIS_5x41_minQ2=100_beamEffects_xAngle=-0.025_hiDiv_1.0401.eicrecon.edm4eic.root,1438.0
root://dtn-eic.jlab.org//volatile/eic/EPIC/RECO/25.08.0/epic_craterlake/DIS/NC/5x41/minQ2=100/pythia8NCDIS_5x41_minQ2=100_beamEffects_xAngle=-0.025_hiDiv_1.0402.eicrecon.edm4eic.root,1438.0
root://dtn-eic.jlab.org//volatile/eic/EPIC/RECO/25.08.0/epic_craterlake/DIS/NC/5x41/minQ2=100/pythia8NCDIS_5x41_minQ2=100_beamEffects_xAngle=-0.025_hiDiv_1.0403.eicrecon.edm4eic.root,1438.0
root://dtn-eic.jlab.org//volatile/eic/EPIC/RECO/25.08.0/epic_craterlake/DIS/NC/5x41/minQ2=100/pythia8NCDIS_5x41_minQ2=100_beamEffects_xAngle=-0.025_hiDiv_1.0404.eicrecon.edm4eic.root,1438.0
root://dtn-eic.jlab.org//volatile/eic/EPIC/RECO/25.08.0/epic_craterlake/DIS/NC/5x41/minQ2=100/pythia8NCDIS_5x41_minQ2=100_beamEffects_xAngle=-0.025_hiDiv_1.0405.eicrecon.edm4eic.root,1438.0
root://dtn-eic.jlab.org//volatile/eic/EPIC/RECO/25.08.0/epic_craterlake/DIS/NC/5x41/minQ2=100/pythia8NCDIS_5x41_minQ2=100_beamEffects_xAngle=-0.025_hiDiv_1.0406.eicrecon.edm4eic.root,1438.0
root://dtn-eic.jlab.org//volatile/eic/EPIC/RECO/25.08.0/epic_craterlake/DIS/NC/5x41/minQ2=100/pythia8NCDIS_5x41_minQ2=100_beamEffects_xAngle=-0.025_hiDiv_1.0407.eicrecon.edm4eic.root,1438.0
root://dtn-eic.jlab.org//volatile/eic/EPIC/RECO/25.08.0/epic_craterlake/DIS/NC/5x41/minQ2=100/pythia8NCDIS_5x41_minQ2=100_beamEffects_xAngle=-0.025_hiDiv_1.0408.eicrecon.edm4eic.root,1438.0
root://dtn-eic.jlab.org//volatile/eic/EPIC/RECO/25.08.0/epic_craterlake/DIS/NC/5x41/minQ2=100/pythia8NCDIS_5x41_minQ2=100_beamEffects_xAngle=-0.025_hiDiv_1.0409.eicrecon.edm4eic.root,1438.0
root://dtn-eic.jlab.org//volatile/eic/EPIC/RECO/25.08.0/epic_craterlake/DIS/NC/5x41/minQ2=100/pythia8NCDIS_5x41_minQ2=100_beamEffects_xAngle=-0.025_hiDiv_1.0410.eicrecon.edm4eic.root,1438.0
root://dtn-eic.jlab.org//volatile/eic/EPIC/RECO/25.08.0/epic_craterlake/DIS/NC/5x41/minQ2=100/pythia8NCDIS_5x41_minQ2=100_beamEffects_xAngle=-0.025_hiDiv_1.0411.eicrecon.edm4eic.root,1438.0
root://dtn-eic.jlab.org//volatile/eic/EPIC/RECO/25.08.0/epic_craterlake/DIS/NC/5x41/minQ2=100/pythia8NCDIS_5x41_minQ2=100_beamEffects_xAngle=-0.025_hiDiv_1.0412.eicrecon.edm4eic.root,1438.0
root://dtn-eic.jlab.org//volatile/eic/EPIC/RECO/25.08.0/epic_craterlake/DIS/NC/5x41/minQ2=100/pythia8NCDIS_5x41_minQ2=100_beamEffects_xAngle=-0.025_hiDiv_1.0413.eicrecon.edm4eic.root,1438.0
root://dtn-eic.jlab.org//volatile/eic/EPIC/RECO/25.08.0/epic_craterlake/DIS/NC/5x41/minQ2=100/pythia8NCDIS_5x41_minQ2=100_beamEffects_xAngle=-0.025_hiDiv_1.0414.eicrecon.edm4eic.root,1438.0
root://dtn-eic.jlab.org//volatile/eic/EPIC/RECO/25.08.0/epic_craterlake/DIS/NC/5x41/minQ2=100/pythia8NCDIS_5x41_minQ2=100_beamEffects_xAngle=-0.025_hiDiv_1.0415.eicrecon.edm4eic.root,1438.0
root://dtn-eic.jlab.org//volatile/eic/EPIC/RECO/25.08.0/epic_craterlake/DIS/NC/5x41/minQ2=100/pythia8NCDIS_5x41_minQ2=100_beamEffects_xAngle=-0.025_hiDiv_1.0416.eicrecon.edm4eic.root,1438.0
root://dtn-eic.jlab.org//volatile/eic/EPIC/RECO/25.08.0/epic_craterlake/DIS/NC/5x41/minQ2=100/pythia8NCDIS_5x41_minQ2=100_beamEffects_xAngle=-0.025_hiDiv_1.0417.eicrecon.edm4eic.root,1438.0
root://dtn-eic.jlab.org//volatile/eic/EPIC/RECO/25.08.0/epic_craterlake/DIS/NC/5x41/minQ2=100/pythia8NCDIS_5x41_minQ2=100_beamEffects_xAngle=-0.025_hiDiv_1.0418.eicrecon.edm4eic.root,1438.0
root://dtn-eic.jlab.org//volatile/eic/EPIC/RECO/25.08.0/epic_craterlake/DIS/NC/5x41/minQ2=100/pythia8NCDIS_5x41_minQ2=100_beamEffects_xAngle=-0.025_hiDiv_1.0419.eicrecon.edm4eic.root,1438.0
root://dtn-eic.jlab.org//volatile/eic/EPIC/RECO/25.08.0/epic_craterlake/DIS/NC/5x41/minQ2=100/pythia8NCDIS_5x41_minQ2=100_beamEffects_xAngle=-0.025_hiDiv_1.0420.eicrecon.edm4eic.root,1438.0
root://dtn-eic.jlab.org//volatile/eic/EPIC/RECO/25.08.0/epic_craterlake/DIS/NC/5x41/minQ2=100/pythia8NCDIS_5x41_minQ2=100_beamEffects_xAngle=-0.025_hiDiv_1.0421.eicrecon.edm4eic.root,1438.0
root://dtn-eic.jlab.org//volatile/eic/EPIC/RECO/25.08.0/epic_craterlake/DIS/NC/5x41/minQ2=100/pythia8NCDIS_5x41_minQ2=100_beamEffects_xAngle=-0.025_hiDiv_1.0422.eicrecon.edm4eic.root,1438.0
root://dtn-eic.jlab.org//volatile/eic/EPIC/RECO/25.08.0/epic_craterlake/DIS/NC/5x41/minQ2=100/pythia8NCDIS_5x41_minQ2=100_beamEffects_xAngle=-0.025_hiDiv_1.0423.eicrecon.edm4eic.root,1438.0
root://dtn-eic.jlab.org//volatile/eic/EPIC/RECO/25.08.0/epic_craterlake/DIS/NC/5x41/minQ2=100/pythia8NCDIS_5x41_minQ2=100_beamEffects_xAngle=-0.025_hiDiv_1.0424.eicrecon.edm4eic.root,1438.0
root://dtn-eic.jlab.org//volatile/eic/EPIC/RECO/25.08.0/epic_craterlake/DIS/NC/5x41/minQ2=100/pythia8NCDIS_5x41_minQ2=100_beamEffects_xAngle=-0.025_hiDiv_1.0425.eicrecon.edm4eic.root,1438.0
root://dtn-eic.jlab.org//volatile/eic/EPIC/RECO/25.08.0/epic_craterlake/DIS/NC/5x41/minQ2=100/pythia8NCDIS_5x41_minQ2=100_beamEffects_xAngle=-0.025_hiDiv_1.0426.eicrecon.edm4eic.root,1438.0
root://dtn-eic.jlab.org//volatile/eic/EPIC/RECO/25.08.0/epic_craterlake/DIS/NC/5x41/minQ2=100/pythia8NCDIS_5x41_minQ2=100_beamEffects_xAngle=-0.025_hiDiv_1.0427.eicrecon.edm4eic.root,1438.0
root://dtn-eic.jlab.org//volatile/eic/EPIC/RECO/25.08.0/epic_craterlake/DIS/NC/5x41/minQ2=100/pythia8NCDIS_5x41_minQ2=100_beamEffects_xAngle=-0.025_hiDiv_1.0428.eicrecon.edm4eic.root,1438.0
root://dtn-eic.jlab.org//volatile/eic/EPIC/RECO/25.08.0/epic_craterlake/DIS/NC/5x41/minQ2=100/pythia8NCDIS_5x41_minQ2=100_beamEffects_xAngle=-0.025_hiDiv_1.0429.eicrecon.edm4eic.root,1438.0
root://dtn-eic.jlab.org//volatile/eic/EPIC/RECO/25.08.0/epic_craterlake/DIS/NC/5x41/minQ2=100/pythia8NCDIS_5x41_minQ2=100_beamEffects_xAngle=-0.025_hiDiv_1.0430.eicrecon.edm4eic.root,1438.0
root://dtn-eic.jlab.org//volatile/eic/EPIC/RECO/25.08.0/epic_craterlake/DIS/NC/5x41/minQ2=100/pythia8NCDIS_5x41_minQ2=100_beamEffects_xAngle=-0.025_hiDiv_1.0431.eicrecon.edm4eic.root,1438.0
root://dtn-eic.jlab.org//volatile/eic/EPIC/RECO/25.08.0/epic_craterlake/DIS/NC/5x41/minQ2=100/pythia8NCDIS_5x41_minQ2=100_beamEffects_xAngle=-0.025_hiDiv_1.0432.eicrecon.edm4eic.root,1438.0
root://dtn-eic.jlab.org//volatile/eic/EPIC/RECO/25.08.0/epic_craterlake/DIS/NC/5x41/minQ2=100/pythia8NCDIS_5x41_minQ2=100_beamEffects_xAngle=-0.025_hiDiv_1.0433.eicrecon.edm4eic.root,1438.0
root://dtn-eic.jlab.org//volatile/eic/EPIC/RECO/25.08.0/epic_craterlake/DIS/NC/5x41/minQ2=100/pythia8NCDIS_5x41_minQ2=100_beamEffects_xAngle=-0.025_hiDiv_1.0434.eicrecon.edm4eic.root,1438.0
root://dtn-eic.jlab.org//volatile/eic/EPIC/RECO/25.08.0/epic_craterlake/DIS/NC/5x41/minQ2=100/pythia8NCDIS_5x41_minQ2=100_beamEffects_xAngle=-0.025_hiDiv_1.0435.eicrecon.edm4eic.root,1438.0
root://dtn-eic.jlab.org//volatile/eic/EPIC/RECO/25.08.0/epic_craterlake/DIS/NC/5x41/minQ2=100/pythia8NCDIS_5x41_minQ2=100_beamEffects_xAngle=-0.025_hiDiv_1.0436.eicrecon.edm4eic.root,1438.0
root://dtn-eic.jlab.org//volatile/eic/EPIC/RECO/25.08.0/epic_craterlake/DIS/NC/5x41/minQ2=100/pythia8NCDIS_5x41_minQ2=100_beamEffects_xAngle=-0.025_hiDiv_1.0437.eicrecon.edm4eic.root,1438.0
root://dtn-eic.jlab.org//volatile/eic/EPIC/RECO/25.08.0/epic_craterlake/DIS/NC/5x41/minQ2=100/pythia8NCDIS_5x41_minQ2=100_beamEffects_xAngle=-0.025_hiDiv_1.0438.eicrecon.edm4eic.root,1438.0
root://dtn-eic.jlab.org//volatile/eic/EPIC/RECO/25.08.0/epic_craterlake/DIS/NC/5x41/minQ2=100/pythia8NCDIS_5x41_minQ2=100_beamEffects_xAngle=-0.025_hiDiv_1.0439.eicrecon.edm4eic.root,1438.0
root://dtn-eic.jlab.org//volatile/eic/EPIC/RECO/25.08.0/epic_craterlake/DIS/NC/5x41/minQ2=100/pythia8NCDIS_5x41_minQ2=100_beamEffects_xAngle=-0.025_hiDiv_1.0440.eicrecon.edm4eic.root,1438.0
root://dtn-eic.jlab.org//volatile/eic/EPIC/RECO/25.08.0/epic_craterlake/DIS/NC/5x41/minQ2=100/pythia8NCDIS_5x41_minQ2=100_beamEffects_xAngle=-0.025_hiDiv_1.0441.eicrecon.edm4eic.root,1438.0
root://dtn-eic.jlab.org//volatile/eic/EPIC/RECO/25.08.0/epic_craterlake/DIS/NC/5x41/minQ2=100/pythia8NCDIS_5x41_minQ2=100_beamEffects_xAngle=-0.025_hiDiv_1.0442.eicrecon.edm4eic.root,1438.0
root://dtn-eic.jlab.org//volatile/eic/EPIC/RECO/25.08.0/epic_craterlake/DIS/NC/5x41/minQ2=100/pythia8NCDIS_5x41_minQ2=100_beamEffects_xAngle=-0.025_hiDiv_1.0443.eicrecon.edm4eic.root,1438.0
root://dtn-eic.jlab.org//volatile/eic/EPIC/RECO/25.08.0/epic_craterlake/DIS/NC/5x41/minQ2=100/pythia8NCDIS_5x41_minQ2=100_beamEffects_xAngle=-0.025_hiDiv_1.0444.eicrecon.edm4eic.root,1438.0
root://dtn-eic.jlab.org//volatile/eic/EPIC/RECO/25.08.0/epic_craterlake/DIS/NC/5x41/minQ2=100/pythia8NCDIS_5x41_minQ2=100_beamEffects_xAngle=-0.025_hiDiv_1.0445.eicrecon.edm4eic.root,1438.0
root://dtn-eic.jlab.org//volatile/eic/EPIC/RECO/25.08.0/epic_craterlake/DIS/NC/5x41/minQ2=100/pythia8NCDIS_5x41_minQ2=100_beamEffects_xAngle=-0.025_hiDiv_1.0446.eicrecon.edm4eic.root,1438.0
root://dtn-eic.jlab.org//volatile/eic/EPIC/RECO/25.08.0/epic_craterlake/DIS/NC/5x41/minQ2=100/pythia8NCDIS_5x41_minQ2=100_beamEffects_xAngle=-0.025_hiDiv_1.0447.eicrecon.edm4eic.root,1438.0
root://dtn-eic.jlab.org//volatile/eic/EPIC/RECO/25.08.0/epic_craterlake/DIS/NC/5x41/minQ2=100/pythia8NCDIS_5x41_minQ2=100_beamEffects_xAngle=-0.025_hiDiv_1.0448.eicrecon.edm4eic.root,1438.0
root://dtn-eic.jlab.org//volatile/eic/EPIC/RECO/25.08.0/epic_craterlake/DIS/NC/5x41/minQ2=100/pythia8NCDIS_5x41_minQ2=100_beamEffects_xAngle=-0.025_hiDiv_1.0449.eicrecon.edm4eic.root,1438.0
root://dtn-eic.jlab.org//volatile/eic/EPIC/RECO/25.08.0/epic_craterlake/DIS/NC/5x41/minQ2=100/pythia8NCDIS_5x41_minQ2=100_beamEffects_xAngle=-0.025_hiDiv_1.0450.eicrecon.edm4eic.root,1438.0
root://dtn-eic.jlab.org//volatile/eic/EPIC/RECO/25.08.0/epic_craterlake/DIS/NC/5x41/minQ2=100/pythia8NCDIS_5x41_minQ2=100_beamEffects_xAngle=-0.025_hiDiv_1.0451.eicrecon.edm4eic.root,1438.0
root://dtn-eic.jlab.org//volatile/eic/EPIC/RECO/25.08.0/epic_craterlake/DIS/NC/5x41/minQ2=100/pythia8NCDIS_5x41_minQ2=100_beamEffects_xAngle=-0.025_hiDiv_1.0452.eicrecon.edm4eic.root,1438.0
root://dtn-eic.jlab.org//volatile/eic/EPIC/RECO/25.08.0/epic_craterlake/DIS/NC/5x41/minQ2=100/pythia8NCDIS_5x41_minQ2=100_beamEffects_xAngle=-0.025_hiDiv_1.0453.eicrecon.edm4eic.root,1438.0
root://dtn-eic.jlab.org//volatile/eic/EPIC/RECO/25.08.0/epic_craterlake/DIS/NC/5x41/minQ2=100/pythia8NCDIS_5x41_minQ2=100_beamEffects_xAngle=-0.025_hiDiv_1.0454.eicrecon.edm4eic.root,1438.0
root://dtn-eic.jlab.org//volatile/eic/EPIC/RECO/25.08.0/epic_craterlake/DIS/NC/5x41/minQ2=100/pythia8NCDIS_5x41_minQ2=100_beamEffects_xAngle=-0.025_hiDiv_1.0455.eicrecon.edm4eic.root,1438.0
root://dtn-eic.jlab.org//volatile/eic/EPIC/RECO/25.08.0/epic_craterlake/DIS/NC/5x41/minQ2=100/pythia8NCDIS_5x41_minQ2=100_beamEffects_xAngle=-0.025_hiDiv_1.0456.eicrecon.edm4eic.root,1438.0
root://dtn-eic.jlab.org//volatile/eic/EPIC/RECO/25.08.0/epic_craterlake/DIS/NC/5x41/minQ2=100/pythia8NCDIS_5x41_minQ2=100_beamEffects_xAngle=-0.025_hiDiv_1.0457.eicrecon.edm4eic.root,1438.0
root://dtn-eic.jlab.org//volatile/eic/EPIC/RECO/25.08.0/epic_craterlake/DIS/NC/5x41/minQ2=100/pythia8NCDIS_5x41_minQ2=100_beamEffects_xAngle=-0.025_hiDiv_1.0458.eicrecon.edm4eic.root,1438.0
root://dtn-eic.jlab.org//volatile/eic/EPIC/RECO/25.08.0/epic_craterlake/DIS/NC/5x41/minQ2=100/pythia8NCDIS_5x41_minQ2=100_beamEffects_xAngle=-0.025_hiDiv_1.0459.eicrecon.edm4eic.root,1438.0
root://dtn-eic.jlab.org//volatile/eic/EPIC/RECO/25.08.0/epic_craterlake/DIS/NC/5x41/minQ2=100/pythia8NCDIS_5x41_minQ2=100_beamEffects_xAngle=-0.025_hiDiv_1.0460.eicrecon.edm4eic.root,1438.0
root://dtn-eic.jlab.org//volatile/eic/EPIC/RECO/25.08.0/epic_craterlake/DIS/NC/5x41/minQ2=100/pythia8NCDIS_5x41_minQ2=100_beamEffects_xAngle=-0.025_hiDiv_1.0461.eicrecon.edm4eic.root,1438.0
root://dtn-eic.jlab.org//volatile/eic/EPIC/RECO/25.08.0/epic_craterlake/DIS/NC/5x41/minQ2=100/pythia8NCDIS_5x41_minQ2=100_beamEffects_xAngle=-0.025_hiDiv_1.0462.eicrecon.edm4eic.root,1438.0
root://dtn-eic.jlab.org//volatile/eic/EPIC/RECO/25.08.0/epic_craterlake/DIS/NC/5x41/minQ2=100/pythia8NCDIS_5x41_minQ2=100_beamEffects_xAngle=-0.025_hiDiv_1.0463.eicrecon.edm4eic.root,1438.0
root://dtn-eic.jlab.org//volatile/eic/EPIC/RECO/25.08.0/epic_craterlake/DIS/NC/5x41/minQ2=100/pythia8NCDIS_5x41_minQ2=100_beamEffects_xAngle=-0.025_hiDiv_1.0464.eicrecon.edm4eic.root,1438.0
root://dtn-eic.jlab.org//volatile/eic/EPIC/RECO/25.08.0/epic_craterlake/DIS/NC/5x41/minQ2=100/pythia8NCDIS_5x41_minQ2=100_beamEffects_xAngle=-0.025_hiDiv_1.0465.eicrecon.edm4eic.root,1438.0
root://dtn-eic.jlab.org//volatile/eic/EPIC/RECO/25.08.0/epic_craterlake/DIS/NC/5x41/minQ2=100/pythia8NCDIS_5x41_minQ2=100_beamEffects_xAngle=-0.025_hiDiv_1.0466.eicrecon.edm4eic.root,1438.0
root://dtn-eic.jlab.org//volatile/eic/EPIC/RECO/25.08.0/epic_craterlake/DIS/NC/5x41/minQ2=100/pythia8NCDIS_5x41_minQ2=100_beamEffects_xAngle=-0.025_hiDiv_1.0467.eicrecon.edm4eic.root,1438.0
root://dtn-eic.jlab.org//volatile/eic/EPIC/RECO/25.08.0/epic_craterlake/DIS/NC/5x41/minQ2=100/pythia8NCDIS_5x41_minQ2=100_beamEffects_xAngle=-0.025_hiDiv_1.0468.eicrecon.edm4eic.root,1438.0
root://dtn-eic.jlab.org//volatile/eic/EPIC/RECO/25.08.0/epic_craterlake/DIS/NC/5x41/minQ2=100/pythia8NCDIS_5x41_minQ2=100_beamEffects_xAngle=-0.025_hiDiv_1.0469.eicrecon.edm4eic.root,1438.0
root://dtn-eic.jlab.org//volatile/eic/EPIC/RECO/25.08.0/epic_craterlake/DIS/NC/5x41/minQ2=100/pythia8NCDIS_5x41_minQ2=100_beamEffects_xAngle=-0.025_hiDiv_1.0470.eicrecon.edm4eic.root,1438.0
root://dtn-eic.jlab.org//volatile/eic/EPIC/RECO/25.08.0/epic_craterlake/DIS/NC/5x41/minQ2=100/pythia8NCDIS_5x41_minQ2=100_beamEffects_xAngle=-0.025_hiDiv_1.0471.eicrecon.edm4eic.root,1438.0
root://dtn-eic.jlab.org//volatile/eic/EPIC/RECO/25.08.0/epic_craterlake/DIS/NC/5x41/minQ2=100/pythia8NCDIS_5x41_minQ2=100_beamEffects_xAngle=-0.025_hiDiv_1.0472.eicrecon.edm4eic.root,1438.0
root://dtn-eic.jlab.org//volatile/eic/EPIC/RECO/25.08.0/epic_craterlake/DIS/NC/5x41/minQ2=100/pythia8NCDIS_5x41_minQ2=100_beamEffects_xAngle=-0.025_hiDiv_1.0473.eicrecon.edm4eic.root,1438.0
root://dtn-eic.jlab.org//volatile/eic/EPIC/RECO/25.08.0/epic_craterlake/DIS/NC/5x41/minQ2=100/pythia8NCDIS_5x41_minQ2=100_beamEffects_xAngle=-0.025_hiDiv_1.0474.eicrecon.edm4eic.root,1438.0
root://dtn-eic.jlab.org//volatile/eic/EPIC/RECO/25.08.0/epic_craterlake/DIS/NC/5x41/minQ2=100/pythia8NCDIS_5x41_minQ2=100_beamEffects_xAngle=-0.025_hiDiv_1.0475.eicrecon.edm4eic.root,1438.0
root://dtn-eic.jlab.org//volatile/eic/EPIC/RECO/25.08.0/epic_craterlake/DIS/NC/5x41/minQ2=100/pythia8NCDIS_5x41_minQ2=100_beamEffects_xAngle=-0.025_hiDiv_1.0476.eicrecon.edm4eic.root,1438.0
root://dtn-eic.jlab.org//volatile/eic/EPIC/RECO/25.08.0/epic_craterlake/DIS/NC/5x41/minQ2=100/pythia8NCDIS_5x41_minQ2=100_beamEffects_xAngle=-0.025_hiDiv_1.0477.eicrecon.edm4eic.root,1438.0
root://dtn-eic.jlab.org//volatile/eic/EPIC/RECO/25.08.0/epic_craterlake/DIS/NC/5x41/minQ2=100/pythia8NCDIS_5x41_minQ2=100_beamEffects_xAngle=-0.025_hiDiv_1.0478.eicrecon.edm4eic.root,1438.0
root://dtn-eic.jlab.org//volatile/eic/EPIC/RECO/25.08.0/epic_craterlake/DIS/NC/5x41/minQ2=100/pythia8NCDIS_5x41_minQ2=100_beamEffects_xAngle=-0.025_hiDiv_1.0479.eicrecon.edm4eic.root,1438.0
root://dtn-eic.jlab.org//volatile/eic/EPIC/RECO/25.08.0/epic_craterlake/DIS/NC/5x41/minQ2=100/pythia8NCDIS_5x41_minQ2=100_beamEffects_xAngle=-0.025_hiDiv_1.0480.eicrecon.edm4eic.root,1438.0
root://dtn-eic.jlab.org//volatile/eic/EPIC/RECO/25.08.0/epic_craterlake/DIS/NC/5x41/minQ2=100/pythia8NCDIS_5x41_minQ2=100_beamEffects_xAngle=-0.025_hiDiv_1.0481.eicrecon.edm4eic.root,1438.0
root://dtn-eic.jlab.org//volatile/eic/EPIC/RECO/25.08.0/epic_craterlake/DIS/NC/5x41/minQ2=100/pythia8NCDIS_5x41_minQ2=100_beamEffects_xAngle=-0.025_hiDiv_1.0482.eicrecon.edm4eic.root,1438.0
root://dtn-eic.jlab.org//volatile/eic/EPIC/RECO/25.08.0/epic_craterlake/DIS/NC/5x41/minQ2=100/pythia8NCDIS_5x41_minQ2=100_beamEffects_xAngle=-0.025_hiDiv_1.0483.eicrecon.edm4eic.root,1438.0
root://dtn-eic.jlab.org//volatile/eic/EPIC/RECO/25.08.0/epic_craterlake/DIS/NC/5x41/minQ2=100/pythia8NCDIS_5x41_minQ2=100_beamEffects_xAngle=-0.025_hiDiv_1.0484.eicrecon.edm4eic.root,1438.0
root://dtn-eic.jlab.org//volatile/eic/EPIC/RECO/25.08.0/epic_craterlake/DIS/NC/5x41/minQ2=100/pythia8NCDIS_5x41_minQ2=100_beamEffects_xAngle=-0.025_hiDiv_1.0485.eicrecon.edm4eic.root,1438.0
root://dtn-eic.jlab.org//volatile/eic/EPIC/RECO/25.08.0/epic_craterlake/DIS/NC/5x41/minQ2=100/pythia8NCDIS_5x41_minQ2=100_beamEffects_xAngle=-0.025_hiDiv_1.0486.eicrecon.edm4eic.root,1438.0
root://dtn-eic.jlab.org//volatile/eic/EPIC/RECO/25.08.0/epic_craterlake/DIS/NC/5x41/minQ2=100/pythia8NCDIS_5x41_minQ2=100_beamEffects_xAngle=-0.025_hiDiv_1.0487.eicrecon.edm4eic.root,1438.0
root://dtn-eic.jlab.org//volatile/eic/EPIC/RECO/25.08.0/epic_craterlake/DIS/NC/5x41/minQ2=100/pythia8NCDIS_5x41_minQ2=100_beamEffects_xAngle=-0.025_hiDiv_1.0488.eicrecon.edm4eic.root,1438.0
root://dtn-eic.jlab.org//volatile/eic/EPIC/RECO/25.08.0/epic_craterlake/DIS/NC/5x41/minQ2=100/pythia8NCDIS_5x41_minQ2=100_beamEffects_xAngle=-0.025_hiDiv_1.0489.eicrecon.edm4eic.root,1438.0
root://dtn-eic.jlab.org//volatile/eic/EPIC/RECO/25.08.0/epic_craterlake/DIS/NC/5x41/minQ2=100/pythia8NCDIS_5x41_minQ2=100_beamEffects_xAngle=-0.025_hiDiv_1.0490.eicrecon.edm4eic.root,1438.0
root://dtn-eic.jlab.org//volatile/eic/EPIC/RECO/25.08.0/epic_craterlake/DIS/NC/5x41/minQ2=100/pythia8NCDIS_5x41_minQ2=100_beamEffects_xAngle=-0.025_hiDiv_1.0491.eicrecon.edm4eic.root,1438.0
root://dtn-eic.jlab.org//volatile/eic/EPIC/RECO/25.08.0/epic_craterlake/DIS/NC/5x41/minQ2=100/pythia8NCDIS_5x41_minQ2=100_beamEffects_xAngle=-0.025_hiDiv_1.0492.eicrecon.edm4eic.root,1438.0
root://dtn-eic.jlab.org//volatile/eic/EPIC/RECO/25.08.0/epic_craterlake/DIS/NC/5x41/minQ2=100/pythia8NCDIS_5x41_minQ2=100_beamEffects_xAngle=-0.025_hiDiv_1.0493.eicrecon.edm4eic.root,1438.0
root://dtn-eic.jlab.org//volatile/eic/EPIC/RECO/25.08.0/epic_craterlake/DIS/NC/5x41/minQ2=100/pythia8NCDIS_5x41_minQ2=100_beamEffects_xAngle=-0.025_hiDiv_1.0494.eicrecon.edm4eic.root,1438.0
root://dtn-eic.jlab.org//volatile/eic/EPIC/RECO/25.08.0/epic_craterlake/DIS/NC/5x41/minQ2=100/pythia8NCDIS_5x41_minQ2=100_beamEffects_xAngle=-0.025_hiDiv_1.0495.eicrecon.edm4eic.root,1438.0
root://dtn-eic.jlab.org//volatile/eic/EPIC/RECO/25.08.0/epic_craterlake/DIS/NC/5x41/minQ2=100/pythia8NCDIS_5x41_minQ2=100_beamEffects_xAngle=-0.025_hiDiv_1.0496.eicrecon.edm4eic.root,1438.0
root://dtn-eic.jlab.org//volatile/eic/EPIC/RECO/25.08.0/epic_craterlake/DIS/NC/5x41/minQ2=100/pythia8NCDIS_5x41_minQ2=100_beamEffects_xAngle=-0.025_hiDiv_1.0497.eicrecon.edm4eic.root,1438.0
root://dtn-eic.jlab.org//volatile/eic/EPIC/RECO/25.08.0/epic_craterlake/DIS/NC/5x41/minQ2=100/pythia8NCDIS_5x41_minQ2=100_beamEffects_xAngle=-0.025_hiDiv_1.0498.eicrecon.edm4eic.root,1438.0
root://dtn-eic.jlab.org//volatile/eic/EPIC/RECO/25.08.0/epic_craterlake/DIS/NC/5x41/minQ2=100/pythia8NCDIS_5x41_minQ2=100_beamEffects_xAngle=-0.025_hiDiv_1.0499.eicrecon.edm4eic.root,1438.0
root://dtn-eic.jlab.org//volatile/eic/EPIC/RECO/25.08.0/epic_craterlake/DIS/NC/5x41/minQ2=100/pythia8NCDIS_5x41_minQ2=100_beamEffects_xAngle=-0.025_hiDiv_1.0500.eicrecon.edm4eic.root,1438.0
root://dtn-eic.jlab.org//volatile/eic/EPIC/RECO/25.08.0/epic_craterlake/DIS/NC/5x41/minQ2=100/pythia8NCDIS_5x41_minQ2=100_beamEffects_xAngle=-0.025_hiDiv_1.0501.eicrecon.edm4eic.root,1438.0
root://dtn-eic.jlab.org//volatile/eic/EPIC/RECO/25.08.0/epic_craterlake/DIS/NC/5x41/minQ2=100/pythia8NCDIS_5x41_minQ2=100_beamEffects_xAngle=-0.025_hiDiv_1.0502.eicrecon.edm4eic.root,1438.0
root://dtn-eic.jlab.org//volatile/eic/EPIC/RECO/25.08.0/epic_craterlake/DIS/NC/5x41/minQ2=100/pythia8NCDIS_5x41_minQ2=100_beamEffects_xAngle=-0.025_hiDiv_1.0503.eicrecon.edm4eic.root,1438.0
root://dtn-eic.jlab.org//volatile/eic/EPIC/RECO/25.08.0/epic_craterlake/DIS/NC/5x41/minQ2=100/pythia8NCDIS_5x41_minQ2=100_beamEffects_xAngle=-0.025_hiDiv_1.0504.eicrecon.edm4eic.root,1438.0
root://dtn-eic.jlab.org//volatile/eic/EPIC/RECO/25.08.0/epic_craterlake/DIS/NC/5x41/minQ2=100/pythia8NCDIS_5x41_minQ2=100_beamEffects_xAngle=-0.025_hiDiv_1.0505.eicrecon.edm4eic.root,1438.0
root://dtn-eic.jlab.org//volatile/eic/EPIC/RECO/25.08.0/epic_craterlake/DIS/NC/5x41/minQ2=100/pythia8NCDIS_5x41_minQ2=100_beamEffects_xAngle=-0.025_hiDiv_1.0506.eicrecon.edm4eic.root,1438.0
root://dtn-eic.jlab.org//volatile/eic/EPIC/RECO/25.08.0/epic_craterlake/DIS/NC/5x41/minQ2=100/pythia8NCDIS_5x41_minQ2=100_beamEffects_xAngle=-0.025_hiDiv_1.0507.eicrecon.edm4eic.root,1438.0
root://dtn-eic.jlab.org//volatile/eic/EPIC/RECO/25.08.0/epic_craterlake/DIS/NC/5x41/minQ2=100/pythia8NCDIS_5x41_minQ2=100_beamEffects_xAngle=-0.025_hiDiv_1.0508.eicrecon.edm4eic.root,1438.0
root://dtn-eic.jlab.org//volatile/eic/EPIC/RECO/25.08.0/epic_craterlake/DIS/NC/5x41/minQ2=100/pythia8NCDIS_5x41_minQ2=100_beamEffects_xAngle=-0.025_hiDiv_1.0509.eicrecon.edm4eic.root,1438.0
root://dtn-eic.jlab.org//volatile/eic/EPIC/RECO/25.08.0/epic_craterlake/DIS/NC/5x41/minQ2=100/pythia8NCDIS_5x41_minQ2=100_beamEffects_xAngle=-0.025_hiDiv_1.0510.eicrecon.edm4eic.root,1438.0
root://dtn-eic.jlab.org//volatile/eic/EPIC/RECO/25.08.0/epic_craterlake/DIS/NC/5x41/minQ2=100/pythia8NCDIS_5x41_minQ2=100_beamEffects_xAngle=-0.025_hiDiv_1.0511.eicrecon.edm4eic.root,1438.0
root://dtn-eic.jlab.org//volatile/eic/EPIC/RECO/25.08.0/epic_craterlake/DIS/NC/5x41/minQ2=100/pythia8NCDIS_5x41_minQ2=100_beamEffects_xAngle=-0.025_hiDiv_1.0512.eicrecon.edm4eic.root,1438.0
root://dtn-eic.jlab.org//volatile/eic/EPIC/RECO/25.08.0/epic_craterlake/DIS/NC/5x41/minQ2=100/pythia8NCDIS_5x41_minQ2=100_beamEffects_xAngle=-0.025_hiDiv_1.0513.eicrecon.edm4eic.root,1438.0
root://dtn-eic.jlab.org//volatile/eic/EPIC/RECO/25.08.0/epic_craterlake/DIS/NC/5x41/minQ2=100/pythia8NCDIS_5x41_minQ2=100_beamEffects_xAngle=-0.025_hiDiv_1.0514.eicrecon.edm4eic.root,1438.0
root://dtn-eic.jlab.org//volatile/eic/EPIC/RECO/25.08.0/epic_craterlake/DIS/NC/5x41/minQ2=100/pythia8NCDIS_5x41_minQ2=100_beamEffects_xAngle=-0.025_hiDiv_1.0515.eicrecon.edm4eic.root,1438.0
root://dtn-eic.jlab.org//volatile/eic/EPIC/RECO/25.08.0/epic_craterlake/DIS/NC/5x41/minQ2=100/pythia8NCDIS_5x41_minQ2=100_beamEffects_xAngle=-0.025_hiDiv_1.0516.eicrecon.edm4eic.root,1438.0
root://dtn-eic.jlab.org//volatile/eic/EPIC/RECO/25.08.0/epic_craterlake/DIS/NC/5x41/minQ2=100/pythia8NCDIS_5x41_minQ2=100_beamEffects_xAngle=-0.025_hiDiv_1.0517.eicrecon.edm4eic.root,1438.0
root://dtn-eic.jlab.org//volatile/eic/EPIC/RECO/25.08.0/epic_craterlake/DIS/NC/5x41/minQ2=100/pythia8NCDIS_5x41_minQ2=100_beamEffects_xAngle=-0.025_hiDiv_1.0518.eicrecon.edm4eic.root,1438.0
root://dtn-eic.jlab.org//volatile/eic/EPIC/RECO/25.08.0/epic_craterlake/DIS/NC/5x41/minQ2=100/pythia8NCDIS_5x41_minQ2=100_beamEffects_xAngle=-0.025_hiDiv_1.0519.eicrecon.edm4eic.root,1438.0
root://dtn-eic.jlab.org//volatile/eic/EPIC/RECO/25.08.0/epic_craterlake/DIS/NC/5x41/minQ2=100/pythia8NCDIS_5x41_minQ2=100_beamEffects_xAngle=-0.025_hiDiv_1.0520.eicrecon.edm4eic.root,1438.0
root://dtn-eic.jlab.org//volatile/eic/EPIC/RECO/25.08.0/epic_craterlake/DIS/NC/5x41/minQ2=100/pythia8NCDIS_5x41_minQ2=100_beamEffects_xAngle=-0.025_hiDiv_1.0521.eicrecon.edm4eic.root,1438.0
root://dtn-eic.jlab.org//volatile/eic/EPIC/RECO/25.08.0/epic_craterlake/DIS/NC/5x41/minQ2=100/pythia8NCDIS_5x41_minQ2=100_beamEffects_xAngle=-0.025_hiDiv_1.0522.eicrecon.edm4eic.root,1438.0
root://dtn-eic.jlab.org//volatile/eic/EPIC/RECO/25.08.0/epic_craterlake/DIS/NC/5x41/minQ2=100/pythia8NCDIS_5x41_minQ2=100_beamEffects_xAngle=-0.025_hiDiv_1.0523.eicrecon.edm4eic.root,1438.0
root://dtn-eic.jlab.org//volatile/eic/EPIC/RECO/25.08.0/epic_craterlake/DIS/NC/5x41/minQ2=100/pythia8NCDIS_5x41_minQ2=100_beamEffects_xAngle=-0.025_hiDiv_1.0524.eicrecon.edm4eic.root,1438.0
root://dtn-eic.jlab.org//volatile/eic/EPIC/RECO/25.08.0/epic_craterlake/DIS/NC/5x41/minQ2=100/pythia8NCDIS_5x41_minQ2=100_beamEffects_xAngle=-0.025_hiDiv_1.0525.eicrecon.edm4eic.root,1438.0
root://dtn-eic.jlab.org//volatile/eic/EPIC/RECO/25.08.0/epic_craterlake/DIS/NC/5x41/minQ2=100/pythia8NCDIS_5x41_minQ2=100_beamEffects_xAngle=-0.025_hiDiv_1.0526.eicrecon.edm4eic.root,1438.0
root://dtn-eic.jlab.org//volatile/eic/EPIC/RECO/25.08.0/epic_craterlake/DIS/NC/5x41/minQ2=100/pythia8NCDIS_5x41_minQ2=100_beamEffects_xAngle=-0.025_hiDiv_1.0527.eicrecon.edm4eic.root,1438.0
root://dtn-eic.jlab.org//volatile/eic/EPIC/RECO/25.08.0/epic_craterlake/DIS/NC/5x41/minQ2=100/pythia8NCDIS_5x41_minQ2=100_beamEffects_xAngle=-0.025_hiDiv_1.0528.eicrecon.edm4eic.root,1438.0
root://dtn-eic.jlab.org//volatile/eic/EPIC/RECO/25.08.0/epic_craterlake/DIS/NC/5x41/minQ2=100/pythia8NCDIS_5x41_minQ2=100_beamEffects_xAngle=-0.025_hiDiv_1.0529.eicrecon.edm4eic.root,1438.0
root://dtn-eic.jlab.org//volatile/eic/EPIC/RECO/25.08.0/epic_craterlake/DIS/NC/5x41/minQ2=100/pythia8NCDIS_5x41_minQ2=100_beamEffects_xAngle=-0.025_hiDiv_1.0530.eicrecon.edm4eic.root,1438.0
root://dtn-eic.jlab.org//volatile/eic/EPIC/RECO/25.08.0/epic_craterlake/DIS/NC/5x41/minQ2=100/pythia8NCDIS_5x41_minQ2=100_beamEffects_xAngle=-0.025_hiDiv_1.0531.eicrecon.edm4eic.root,1438.0
root://dtn-eic.jlab.org//volatile/eic/EPIC/RECO/25.08.0/epic_craterlake/DIS/NC/5x41/minQ2=100/pythia8NCDIS_5x41_minQ2=100_beamEffects_xAngle=-0.025_hiDiv_1.0532.eicrecon.edm4eic.root,1438.0
root://dtn-eic.jlab.org//volatile/eic/EPIC/RECO/25.08.0/epic_craterlake/DIS/NC/5x41/minQ2=100/pythia8NCDIS_5x41_minQ2=100_beamEffects_xAngle=-0.025_hiDiv_1.0533.eicrecon.edm4eic.root,1438.0
root://dtn-eic.jlab.org//volatile/eic/EPIC/RECO/25.08.0/epic_craterlake/DIS/NC/5x41/minQ2=100/pythia8NCDIS_5x41_minQ2=100_beamEffects_xAngle=-0.025_hiDiv_1.0534.eicrecon.edm4eic.root,1438.0
root://dtn-eic.jlab.org//volatile/eic/EPIC/RECO/25.08.0/epic_craterlake/DIS/NC/5x41/minQ2=100/pythia8NCDIS_5x41_minQ2=100_beamEffects_xAngle=-0.025_hiDiv_1.0535.eicrecon.edm4eic.root,1438.0
root://dtn-eic.jlab.org//volatile/eic/EPIC/RECO/25.08.0/epic_craterlake/DIS/NC/5x41/minQ2=100/pythia8NCDIS_5x41_minQ2=100_beamEffects_xAngle=-0.025_hiDiv_1.0536.eicrecon.edm4eic.root,1438.0
root://dtn-eic.jlab.org//volatile/eic/EPIC/RECO/25.08.0/epic_craterlake/DIS/NC/5x41/minQ2=100/pythia8NCDIS_5x41_minQ2=100_beamEffects_xAngle=-0.025_hiDiv_1.0537.eicrecon.edm4eic.root,1438.0
root://dtn-eic.jlab.org//volatile/eic/EPIC/RECO/25.08.0/epic_craterlake/DIS/NC/5x41/minQ2=100/pythia8NCDIS_5x41_minQ2=100_beamEffects_xAngle=-0.025_hiDiv_1.0538.eicrecon.edm4eic.root,1438.0
root://dtn-eic.jlab.org//volatile/eic/EPIC/RECO/25.08.0/epic_craterlake/DIS/NC/5x41/minQ2=100/pythia8NCDIS_5x41_minQ2=100_beamEffects_xAngle=-0.025_hiDiv_1.0539.eicrecon.edm4eic.root,1438.0
root://dtn-eic.jlab.org//volatile/eic/EPIC/RECO/25.08.0/epic_craterlake/DIS/NC/5x41/minQ2=100/pythia8NCDIS_5x41_minQ2=100_beamEffects_xAngle=-0.025_hiDiv_1.0540.eicrecon.edm4eic.root,1438.0
root://dtn-eic.jlab.org//volatile/eic/EPIC/RECO/25.08.0/epic_craterlake/DIS/NC/5x41/minQ2=100/pythia8NCDIS_5x41_minQ2=100_beamEffects_xAngle=-0.025_hiDiv_1.0541.eicrecon.edm4eic.root,1438.0
root://dtn-eic.jlab.org//volatile/eic/EPIC/RECO/25.08.0/epic_craterlake/DIS/NC/5x41/minQ2=100/pythia8NCDIS_5x41_minQ2=100_beamEffects_xAngle=-0.025_hiDiv_1.0542.eicrecon.edm4eic.root,1438.0
root://dtn-eic.jlab.org//volatile/eic/EPIC/RECO/25.08.0/epic_craterlake/DIS/NC/5x41/minQ2=100/pythia8NCDIS_5x41_minQ2=100_beamEffects_xAngle=-0.025_hiDiv_1.0543.eicrecon.edm4eic.root,1438.0
root://dtn-eic.jlab.org//volatile/eic/EPIC/RECO/25.08.0/epic_craterlake/DIS/NC/5x41/minQ2=100/pythia8NCDIS_5x41_minQ2=100_beamEffects_xAngle=-0.025_hiDiv_1.0544.eicrecon.edm4eic.root,1438.0
root://dtn-eic.jlab.org//volatile/eic/EPIC/RECO/25.08.0/epic_craterlake/DIS/NC/5x41/minQ2=100/pythia8NCDIS_5x41_minQ2=100_beamEffects_xAngle=-0.025_hiDiv_1.0545.eicrecon.edm4eic.root,1438.0
root://dtn-eic.jlab.org//volatile/eic/EPIC/RECO/25.08.0/epic_craterlake/DIS/NC/5x41/minQ2=100/pythia8NCDIS_5x41_minQ2=100_beamEffects_xAngle=-0.025_hiDiv_1.0546.eicrecon.edm4eic.root,1438.0
root://dtn-eic.jlab.org//volatile/eic/EPIC/RECO/25.08.0/epic_craterlake/DIS/NC/5x41/minQ2=100/pythia8NCDIS_5x41_minQ2=100_beamEffects_xAngle=-0.025_hiDiv_1.0547.eicrecon.edm4eic.root,1438.0
root://dtn-eic.jlab.org//volatile/eic/EPIC/RECO/25.08.0/epic_craterlake/DIS/NC/5x41/minQ2=100/pythia8NCDIS_5x41_minQ2=100_beamEffects_xAngle=-0.025_hiDiv_1.0548.eicrecon.edm4eic.root,1438.0
root://dtn-eic.jlab.org//volatile/eic/EPIC/RECO/25.08.0/epic_craterlake/DIS/NC/5x41/minQ2=100/pythia8NCDIS_5x41_minQ2=100_beamEffects_xAngle=-0.025_hiDiv_1.0549.eicrecon.edm4eic.root,1438.0
root://dtn-eic.jlab.org//volatile/eic/EPIC/RECO/25.08.0/epic_craterlake/DIS/NC/5x41/minQ2=100/pythia8NCDIS_5x41_minQ2=100_beamEffects_xAngle=-0.025_hiDiv_1.0550.eicrecon.edm4eic.root,1438.0
root://dtn-eic.jlab.org//volatile/eic/EPIC/RECO/25.08.0/epic_craterlake/DIS/NC/5x41/minQ2=100/pythia8NCDIS_5x41_minQ2=100_beamEffects_xAngle=-0.025_hiDiv_1.0551.eicrecon.edm4eic.root,1438.0
root://dtn-eic.jlab.org//volatile/eic/EPIC/RECO/25.08.0/epic_craterlake/DIS/NC/5x41/minQ2=100/pythia8NCDIS_5x41_minQ2=100_beamEffects_xAngle=-0.025_hiDiv_1.0552.eicrecon.edm4eic.root,1438.0
root://dtn-eic.jlab.org//volatile/eic/EPIC/RECO/25.08.0/epic_craterlake/DIS/NC/5x41/minQ2=100/pythia8NCDIS_5x41_minQ2=100_beamEffects_xAngle=-0.025_hiDiv_1.0553.eicrecon.edm4eic.root,1438.0
root://dtn-eic.jlab.org//volatile/eic/EPIC/RECO/25.08.0/epic_craterlake/DIS/NC/5x41/minQ2=100/pythia8NCDIS_5x41_minQ2=100_beamEffects_xAngle=-0.025_hiDiv_1.0554.eicrecon.edm4eic.root,1438.0
root://dtn-eic.jlab.org//volatile/eic/EPIC/RECO/25.08.0/epic_craterlake/DIS/NC/5x41/minQ2=100/pythia8NCDIS_5x41_minQ2=100_beamEffects_xAngle=-0.025_hiDiv_1.0555.eicrecon.edm4eic.root,1438.0
root://dtn-eic.jlab.org//volatile/eic/EPIC/RECO/25.08.0/epic_craterlake/DIS/NC/5x41/minQ2=100/pythia8NCDIS_5x41_minQ2=100_beamEffects_xAngle=-0.025_hiDiv_1.0556.eicrecon.edm4eic.root,1438.0
root://dtn-eic.jlab.org//volatile/eic/EPIC/RECO/25.08.0/epic_craterlake/DIS/NC/5x41/minQ2=100/pythia8NCDIS_5x41_minQ2=100_beamEffects_xAngle=-0.025_hiDiv_1.0557.eicrecon.edm4eic.root,1438.0
root://dtn-eic.jlab.org//volatile/eic/EPIC/RECO/25.08.0/epic_craterlake/DIS/NC/5x41/minQ2=100/pythia8NCDIS_5x41_minQ2=100_beamEffects_xAngle=-0.025_hiDiv_1.0558.eicrecon.edm4eic.root,1438.0
root://dtn-eic.jlab.org//volatile/eic/EPIC/RECO/25.08.0/epic_craterlake/DIS/NC/5x41/minQ2=100/pythia8NCDIS_5x41_minQ2=100_beamEffects_xAngle=-0.025_hiDiv_1.0559.eicrecon.edm4eic.root,1438.0
root://dtn-eic.jlab.org//volatile/eic/EPIC/RECO/25.08.0/epic_craterlake/DIS/NC/5x41/minQ2=100/pythia8NCDIS_5x41_minQ2=100_beamEffects_xAngle=-0.025_hiDiv_1.0560.eicrecon.edm4eic.root,1438.0
root://dtn-eic.jlab.org//volatile/eic/EPIC/RECO/25.08.0/epic_craterlake/DIS/NC/5x41/minQ2=100/pythia8NCDIS_5x41_minQ2=100_beamEffects_xAngle=-0.025_hiDiv_1.0561.eicrecon.edm4eic.root,1438.0
root://dtn-eic.jlab.org//volatile/eic/EPIC/RECO/25.08.0/epic_craterlake/DIS/NC/5x41/minQ2=100/pythia8NCDIS_5x41_minQ2=100_beamEffects_xAngle=-0.025_hiDiv_1.0562.eicrecon.edm4eic.root,1438.0
root://dtn-eic.jlab.org//volatile/eic/EPIC/RECO/25.08.0/epic_craterlake/DIS/NC/5x41/minQ2=100/pythia8NCDIS_5x41_minQ2=100_beamEffects_xAngle=-0.025_hiDiv_1.0563.eicrecon.edm4eic.root,1438.0
root://dtn-eic.jlab.org//volatile/eic/EPIC/RECO/25.08.0/epic_craterlake/DIS/NC/5x41/minQ2=100/pythia8NCDIS_5x41_minQ2=100_beamEffects_xAngle=-0.025_hiDiv_1.0564.eicrecon.edm4eic.root,1438.0
root://dtn-eic.jlab.org//volatile/eic/EPIC/RECO/25.08.0/epic_craterlake/DIS/NC/5x41/minQ2=100/pythia8NCDIS_5x41_minQ2=100_beamEffects_xAngle=-0.025_hiDiv_1.0565.eicrecon.edm4eic.root,1438.0
root://dtn-eic.jlab.org//volatile/eic/EPIC/RECO/25.08.0/epic_craterlake/DIS/NC/5x41/minQ2=100/pythia8NCDIS_5x41_minQ2=100_beamEffects_xAngle=-0.025_hiDiv_1.0566.eicrecon.edm4eic.root,1438.0
root://dtn-eic.jlab.org//volatile/eic/EPIC/RECO/25.08.0/epic_craterlake/DIS/NC/5x41/minQ2=100/pythia8NCDIS_5x41_minQ2=100_beamEffects_xAngle=-0.025_hiDiv_1.0567.eicrecon.edm4eic.root,1438.0
root://dtn-eic.jlab.org//volatile/eic/EPIC/RECO/25.08.0/epic_craterlake/DIS/NC/5x41/minQ2=100/pythia8NCDIS_5x41_minQ2=100_beamEffects_xAngle=-0.025_hiDiv_1.0568.eicrecon.edm4eic.root,1438.0
root://dtn-eic.jlab.org//volatile/eic/EPIC/RECO/25.08.0/epic_craterlake/DIS/NC/5x41/minQ2=100/pythia8NCDIS_5x41_minQ2=100_beamEffects_xAngle=-0.025_hiDiv_1.0569.eicrecon.edm4eic.root,1438.0
root://dtn-eic.jlab.org//volatile/eic/EPIC/RECO/25.08.0/epic_craterlake/DIS/NC/5x41/minQ2=100/pythia8NCDIS_5x41_minQ2=100_beamEffects_xAngle=-0.025_hiDiv_1.0570.eicrecon.edm4eic.root,1438.0
root://dtn-eic.jlab.org//volatile/eic/EPIC/RECO/25.08.0/epic_craterlake/DIS/NC/5x41/minQ2=100/pythia8NCDIS_5x41_minQ2=100_beamEffects_xAngle=-0.025_hiDiv_1.0571.eicrecon.edm4eic.root,1438.0
root://dtn-eic.jlab.org//volatile/eic/EPIC/RECO/25.08.0/epic_craterlake/DIS/NC/5x41/minQ2=100/pythia8NCDIS_5x41_minQ2=100_beamEffects_xAngle=-0.025_hiDiv_1.0572.eicrecon.edm4eic.root,1438.0
root://dtn-eic.jlab.org//volatile/eic/EPIC/RECO/25.08.0/epic_craterlake/DIS/NC/5x41/minQ2=100/pythia8NCDIS_5x41_minQ2=100_beamEffects_xAngle=-0.025_hiDiv_1.0573.eicrecon.edm4eic.root,1438.0
root://dtn-eic.jlab.org//volatile/eic/EPIC/RECO/25.08.0/epic_craterlake/DIS/NC/5x41/minQ2=100/pythia8NCDIS_5x41_minQ2=100_beamEffects_xAngle=-0.025_hiDiv_1.0574.eicrecon.edm4eic.root,1438.0
root://dtn-eic.jlab.org//volatile/eic/EPIC/RECO/25.08.0/epic_craterlake/DIS/NC/5x41/minQ2=100/pythia8NCDIS_5x41_minQ2=100_beamEffects_xAngle=-0.025_hiDiv_1.0575.eicrecon.edm4eic.root,1438.0
root://dtn-eic.jlab.org//volatile/eic/EPIC/RECO/25.08.0/epic_craterlake/DIS/NC/5x41/minQ2=100/pythia8NCDIS_5x41_minQ2=100_beamEffects_xAngle=-0.025_hiDiv_1.0576.eicrecon.edm4eic.root,1438.0
root://dtn-eic.jlab.org//volatile/eic/EPIC/RECO/25.08.0/epic_craterlake/DIS/NC/5x41/minQ2=100/pythia8NCDIS_5x41_minQ2=100_beamEffects_xAngle=-0.025_hiDiv_1.0577.eicrecon.edm4eic.root,1438.0
root://dtn-eic.jlab.org//volatile/eic/EPIC/RECO/25.08.0/epic_craterlake/DIS/NC/5x41/minQ2=100/pythia8NCDIS_5x41_minQ2=100_beamEffects_xAngle=-0.025_hiDiv_1.0578.eicrecon.edm4eic.root,1438.0
root://dtn-eic.jlab.org//volatile/eic/EPIC/RECO/25.08.0/epic_craterlake/DIS/NC/5x41/minQ2=100/pythia8NCDIS_5x41_minQ2=100_beamEffects_xAngle=-0.025_hiDiv_1.0579.eicrecon.edm4eic.root,1438.0
root://dtn-eic.jlab.org//volatile/eic/EPIC/RECO/25.08.0/epic_craterlake/DIS/NC/5x41/minQ2=100/pythia8NCDIS_5x41_minQ2=100_beamEffects_xAngle=-0.025_hiDiv_1.0580.eicrecon.edm4eic.root,1438.0
root://dtn-eic.jlab.org//volatile/eic/EPIC/RECO/25.08.0/epic_craterlake/DIS/NC/5x41/minQ2=100/pythia8NCDIS_5x41_minQ2=100_beamEffects_xAngle=-0.025_hiDiv_1.0581.eicrecon.edm4eic.root,1438.0
root://dtn-eic.jlab.org//volatile/eic/EPIC/RECO/25.08.0/epic_craterlake/DIS/NC/5x41/minQ2=100/pythia8NCDIS_5x41_minQ2=100_beamEffects_xAngle=-0.025_hiDiv_1.0582.eicrecon.edm4eic.root,1438.0
root://dtn-eic.jlab.org//volatile/eic/EPIC/RECO/25.08.0/epic_craterlake/DIS/NC/5x41/minQ2=100/pythia8NCDIS_5x41_minQ2=100_beamEffects_xAngle=-0.025_hiDiv_1.0583.eicrecon.edm4eic.root,1438.0
root://dtn-eic.jlab.org//volatile/eic/EPIC/RECO/25.08.0/epic_craterlake/DIS/NC/5x41/minQ2=100/pythia8NCDIS_5x41_minQ2=100_beamEffects_xAngle=-0.025_hiDiv_1.0584.eicrecon.edm4eic.root,1438.0
root://dtn-eic.jlab.org//volatile/eic/EPIC/RECO/25.08.0/epic_craterlake/DIS/NC/5x41/minQ2=100/pythia8NCDIS_5x41_minQ2=100_beamEffects_xAngle=-0.025_hiDiv_1.0585.eicrecon.edm4eic.root,1438.0
root://dtn-eic.jlab.org//volatile/eic/EPIC/RECO/25.08.0/epic_craterlake/DIS/NC/5x41/minQ2=100/pythia8NCDIS_5x41_minQ2=100_beamEffects_xAngle=-0.025_hiDiv_1.0586.eicrecon.edm4eic.root,1438.0
root://dtn-eic.jlab.org//volatile/eic/EPIC/RECO/25.08.0/epic_craterlake/DIS/NC/5x41/minQ2=100/pythia8NCDIS_5x41_minQ2=100_beamEffects_xAngle=-0.025_hiDiv_1.0587.eicrecon.edm4eic.root,1438.0
root://dtn-eic.jlab.org//volatile/eic/EPIC/RECO/25.08.0/epic_craterlake/DIS/NC/5x41/minQ2=100/pythia8NCDIS_5x41_minQ2=100_beamEffects_xAngle=-0.025_hiDiv_1.0588.eicrecon.edm4eic.root,1438.0
root://dtn-eic.jlab.org//volatile/eic/EPIC/RECO/25.08.0/epic_craterlake/DIS/NC/5x41/minQ2=100/pythia8NCDIS_5x41_minQ2=100_beamEffects_xAngle=-0.025_hiDiv_1.0589.eicrecon.edm4eic.root,1438.0
root://dtn-eic.jlab.org//volatile/eic/EPIC/RECO/25.08.0/epic_craterlake/DIS/NC/5x41/minQ2=100/pythia8NCDIS_5x41_minQ2=100_beamEffects_xAngle=-0.025_hiDiv_1.0590.eicrecon.edm4eic.root,1438.0
root://dtn-eic.jlab.org//volatile/eic/EPIC/RECO/25.08.0/epic_craterlake/DIS/NC/5x41/minQ2=100/pythia8NCDIS_5x41_minQ2=100_beamEffects_xAngle=-0.025_hiDiv_1.0591.eicrecon.edm4eic.root,1438.0
root://dtn-eic.jlab.org//volatile/eic/EPIC/RECO/25.08.0/epic_craterlake/DIS/NC/5x41/minQ2=100/pythia8NCDIS_5x41_minQ2=100_beamEffects_xAngle=-0.025_hiDiv_1.0592.eicrecon.edm4eic.root,1438.0
root://dtn-eic.jlab.org//volatile/eic/EPIC/RECO/25.08.0/epic_craterlake/DIS/NC/5x41/minQ2=100/pythia8NCDIS_5x41_minQ2=100_beamEffects_xAngle=-0.025_hiDiv_1.0593.eicrecon.edm4eic.root,1438.0
root://dtn-eic.jlab.org//volatile/eic/EPIC/RECO/25.08.0/epic_craterlake/DIS/NC/5x41/minQ2=100/pythia8NCDIS_5x41_minQ2=100_beamEffects_xAngle=-0.025_hiDiv_1.0594.eicrecon.edm4eic.root,1438.0
root://dtn-eic.jlab.org//volatile/eic/EPIC/RECO/25.08.0/epic_craterlake/DIS/NC/5x41/minQ2=100/pythia8NCDIS_5x41_minQ2=100_beamEffects_xAngle=-0.025_hiDiv_1.0595.eicrecon.edm4eic.root,1438.0
root://dtn-eic.jlab.org//volatile/eic/EPIC/RECO/25.08.0/epic_craterlake/DIS/NC/5x41/minQ2=100/pythia8NCDIS_5x41_minQ2=100_beamEffects_xAngle=-0.025_hiDiv_1.0596.eicrecon.edm4eic.root,1438.0
root://dtn-eic.jlab.org//volatile/eic/EPIC/RECO/25.08.0/epic_craterlake/DIS/NC/5x41/minQ2=100/pythia8NCDIS_5x41_minQ2=100_beamEffects_xAngle=-0.025_hiDiv_1.0597.eicrecon.edm4eic.root,1438.0
root://dtn-eic.jlab.org//volatile/eic/EPIC/RECO/25.08.0/epic_craterlake/DIS/NC/5x41/minQ2=100/pythia8NCDIS_5x41_minQ2=100_beamEffects_xAngle=-0.025_hiDiv_1.0598.eicrecon.edm4eic.root,1438.0
root://dtn-eic.jlab.org//volatile/eic/EPIC/RECO/25.08.0/epic_craterlake/DIS/NC/5x41/minQ2=100/pythia8NCDIS_5x41_minQ2=100_beamEffects_xAngle=-0.025_hiDiv_1.0599.eicrecon.edm4eic.root,1438.0
root://dtn-eic.jlab.org//volatile/eic/EPIC/RECO/25.08.0/epic_craterlake/DIS/NC/5x41/minQ2=100/pythia8NCDIS_5x41_minQ2=100_beamEffects_xAngle=-0.025_hiDiv_1.0600.eicrecon.edm4eic.root,1438.0
root://dtn-eic.jlab.org//volatile/eic/EPIC/RECO/25.08.0/epic_craterlake/DIS/NC/5x41/minQ2=100/pythia8NCDIS_5x41_minQ2=100_beamEffects_xAngle=-0.025_hiDiv_1.0601.eicrecon.edm4eic.root,1438.0
root://dtn-eic.jlab.org//volatile/eic/EPIC/RECO/25.08.0/epic_craterlake/DIS/NC/5x41/minQ2=100/pythia8NCDIS_5x41_minQ2=100_beamEffects_xAngle=-0.025_hiDiv_1.0602.eicrecon.edm4eic.root,1438.0
root://dtn-eic.jlab.org//volatile/eic/EPIC/RECO/25.08.0/epic_craterlake/DIS/NC/5x41/minQ2=100/pythia8NCDIS_5x41_minQ2=100_beamEffects_xAngle=-0.025_hiDiv_1.0603.eicrecon.edm4eic.root,1438.0
root://dtn-eic.jlab.org//volatile/eic/EPIC/RECO/25.08.0/epic_craterlake/DIS/NC/5x41/minQ2=100/pythia8NCDIS_5x41_minQ2=100_beamEffects_xAngle=-0.025_hiDiv_1.0604.eicrecon.edm4eic.root,1438.0
root://dtn-eic.jlab.org//volatile/eic/EPIC/RECO/25.08.0/epic_craterlake/DIS/NC/5x41/minQ2=100/pythia8NCDIS_5x41_minQ2=100_beamEffects_xAngle=-0.025_hiDiv_1.0605.eicrecon.edm4eic.root,1438.0
root://dtn-eic.jlab.org//volatile/eic/EPIC/RECO/25.08.0/epic_craterlake/DIS/NC/5x41/minQ2=100/pythia8NCDIS_5x41_minQ2=100_beamEffects_xAngle=-0.025_hiDiv_1.0606.eicrecon.edm4eic.root,1438.0
root://dtn-eic.jlab.org//volatile/eic/EPIC/RECO/25.08.0/epic_craterlake/DIS/NC/5x41/minQ2=100/pythia8NCDIS_5x41_minQ2=100_beamEffects_xAngle=-0.025_hiDiv_1.0607.eicrecon.edm4eic.root,1438.0
root://dtn-eic.jlab.org//volatile/eic/EPIC/RECO/25.08.0/epic_craterlake/DIS/NC/5x41/minQ2=100/pythia8NCDIS_5x41_minQ2=100_beamEffects_xAngle=-0.025_hiDiv_1.0608.eicrecon.edm4eic.root,1438.0
root://dtn-eic.jlab.org//volatile/eic/EPIC/RECO/25.08.0/epic_craterlake/DIS/NC/5x41/minQ2=100/pythia8NCDIS_5x41_minQ2=100_beamEffects_xAngle=-0.025_hiDiv_1.0609.eicrecon.edm4eic.root,1438.0
root://dtn-eic.jlab.org//volatile/eic/EPIC/RECO/25.08.0/epic_craterlake/DIS/NC/5x41/minQ2=100/pythia8NCDIS_5x41_minQ2=100_beamEffects_xAngle=-0.025_hiDiv_1.0610.eicrecon.edm4eic.root,1438.0
root://dtn-eic.jlab.org//volatile/eic/EPIC/RECO/25.08.0/epic_craterlake/DIS/NC/5x41/minQ2=100/pythia8NCDIS_5x41_minQ2=100_beamEffects_xAngle=-0.025_hiDiv_1.0611.eicrecon.edm4eic.root,1438.0
root://dtn-eic.jlab.org//volatile/eic/EPIC/RECO/25.08.0/epic_craterlake/DIS/NC/5x41/minQ2=100/pythia8NCDIS_5x41_minQ2=100_beamEffects_xAngle=-0.025_hiDiv_1.0612.eicrecon.edm4eic.root,1438.0
root://dtn-eic.jlab.org//volatile/eic/EPIC/RECO/25.08.0/epic_craterlake/DIS/NC/5x41/minQ2=100/pythia8NCDIS_5x41_minQ2=100_beamEffects_xAngle=-0.025_hiDiv_1.0613.eicrecon.edm4eic.root,1438.0
root://dtn-eic.jlab.org//volatile/eic/EPIC/RECO/25.08.0/epic_craterlake/DIS/NC/5x41/minQ2=100/pythia8NCDIS_5x41_minQ2=100_beamEffects_xAngle=-0.025_hiDiv_1.0614.eicrecon.edm4eic.root,1438.0
root://dtn-eic.jlab.org//volatile/eic/EPIC/RECO/25.08.0/epic_craterlake/DIS/NC/5x41/minQ2=100/pythia8NCDIS_5x41_minQ2=100_beamEffects_xAngle=-0.025_hiDiv_1.0615.eicrecon.edm4eic.root,1438.0
root://dtn-eic.jlab.org//volatile/eic/EPIC/RECO/25.08.0/epic_craterlake/DIS/NC/5x41/minQ2=100/pythia8NCDIS_5x41_minQ2=100_beamEffects_xAngle=-0.025_hiDiv_1.0616.eicrecon.edm4eic.root,1438.0
root://dtn-eic.jlab.org//volatile/eic/EPIC/RECO/25.08.0/epic_craterlake/DIS/NC/5x41/minQ2=100/pythia8NCDIS_5x41_minQ2=100_beamEffects_xAngle=-0.025_hiDiv_1.0617.eicrecon.edm4eic.root,1438.0
root://dtn-eic.jlab.org//volatile/eic/EPIC/RECO/25.08.0/epic_craterlake/DIS/NC/5x41/minQ2=100/pythia8NCDIS_5x41_minQ2=100_beamEffects_xAngle=-0.025_hiDiv_1.0618.eicrecon.edm4eic.root,1438.0
root://dtn-eic.jlab.org//volatile/eic/EPIC/RECO/25.08.0/epic_craterlake/DIS/NC/5x41/minQ2=100/pythia8NCDIS_5x41_minQ2=100_beamEffects_xAngle=-0.025_hiDiv_1.0619.eicrecon.edm4eic.root,1438.0
root://dtn-eic.jlab.org//volatile/eic/EPIC/RECO/25.08.0/epic_craterlake/DIS/NC/5x41/minQ2=100/pythia8NCDIS_5x41_minQ2=100_beamEffects_xAngle=-0.025_hiDiv_1.0620.eicrecon.edm4eic.root,1438.0
root://dtn-eic.jlab.org//volatile/eic/EPIC/RECO/25.08.0/epic_craterlake/DIS/NC/5x41/minQ2=100/pythia8NCDIS_5x41_minQ2=100_beamEffects_xAngle=-0.025_hiDiv_1.0621.eicrecon.edm4eic.root,1438.0
root://dtn-eic.jlab.org//volatile/eic/EPIC/RECO/25.08.0/epic_craterlake/DIS/NC/5x41/minQ2=100/pythia8NCDIS_5x41_minQ2=100_beamEffects_xAngle=-0.025_hiDiv_1.0622.eicrecon.edm4eic.root,1438.0
root://dtn-eic.jlab.org//volatile/eic/EPIC/RECO/25.08.0/epic_craterlake/DIS/NC/5x41/minQ2=100/pythia8NCDIS_5x41_minQ2=100_beamEffects_xAngle=-0.025_hiDiv_1.0623.eicrecon.edm4eic.root,1438.0
root://dtn-eic.jlab.org//volatile/eic/EPIC/RECO/25.08.0/epic_craterlake/DIS/NC/5x41/minQ2=100/pythia8NCDIS_5x41_minQ2=100_beamEffects_xAngle=-0.025_hiDiv_1.0624.eicrecon.edm4eic.root,1438.0
root://dtn-eic.jlab.org//volatile/eic/EPIC/RECO/25.08.0/epic_craterlake/DIS/NC/5x41/minQ2=100/pythia8NCDIS_5x41_minQ2=100_beamEffects_xAngle=-0.025_hiDiv_1.0625.eicrecon.edm4eic.root,1438.0
root://dtn-eic.jlab.org//volatile/eic/EPIC/RECO/25.08.0/epic_craterlake/DIS/NC/5x41/minQ2=100/pythia8NCDIS_5x41_minQ2=100_beamEffects_xAngle=-0.025_hiDiv_1.0626.eicrecon.edm4eic.root,1438.0
root://dtn-eic.jlab.org//volatile/eic/EPIC/RECO/25.08.0/epic_craterlake/DIS/NC/5x41/minQ2=100/pythia8NCDIS_5x41_minQ2=100_beamEffects_xAngle=-0.025_hiDiv_1.0627.eicrecon.edm4eic.root,1438.0
root://dtn-eic.jlab.org//volatile/eic/EPIC/RECO/25.08.0/epic_craterlake/DIS/NC/5x41/minQ2=100/pythia8NCDIS_5x41_minQ2=100_beamEffects_xAngle=-0.025_hiDiv_1.0628.eicrecon.edm4eic.root,1438.0
root://dtn-eic.jlab.org//volatile/eic/EPIC/RECO/25.08.0/epic_craterlake/DIS/NC/5x41/minQ2=100/pythia8NCDIS_5x41_minQ2=100_beamEffects_xAngle=-0.025_hiDiv_1.0629.eicrecon.edm4eic.root,1438.0
root://dtn-eic.jlab.org//volatile/eic/EPIC/RECO/25.08.0/epic_craterlake/DIS/NC/5x41/minQ2=100/pythia8NCDIS_5x41_minQ2=100_beamEffects_xAngle=-0.025_hiDiv_1.0630.eicrecon.edm4eic.root,1438.0
root://dtn-eic.jlab.org//volatile/eic/EPIC/RECO/25.08.0/epic_craterlake/DIS/NC/5x41/minQ2=100/pythia8NCDIS_5x41_minQ2=100_beamEffects_xAngle=-0.025_hiDiv_1.0631.eicrecon.edm4eic.root,1438.0
root://dtn-eic.jlab.org//volatile/eic/EPIC/RECO/25.08.0/epic_craterlake/DIS/NC/5x41/minQ2=100/pythia8NCDIS_5x41_minQ2=100_beamEffects_xAngle=-0.025_hiDiv_1.0632.eicrecon.edm4eic.root,1438.0
root://dtn-eic.jlab.org//volatile/eic/EPIC/RECO/25.08.0/epic_craterlake/DIS/NC/5x41/minQ2=100/pythia8NCDIS_5x41_minQ2=100_beamEffects_xAngle=-0.025_hiDiv_1.0633.eicrecon.edm4eic.root,1438.0
root://dtn-eic.jlab.org//volatile/eic/EPIC/RECO/25.08.0/epic_craterlake/DIS/NC/5x41/minQ2=100/pythia8NCDIS_5x41_minQ2=100_beamEffects_xAngle=-0.025_hiDiv_1.0634.eicrecon.edm4eic.root,1438.0
root://dtn-eic.jlab.org//volatile/eic/EPIC/RECO/25.08.0/epic_craterlake/DIS/NC/5x41/minQ2=100/pythia8NCDIS_5x41_minQ2=100_beamEffects_xAngle=-0.025_hiDiv_1.0635.eicrecon.edm4eic.root,1438.0
root://dtn-eic.jlab.org//volatile/eic/EPIC/RECO/25.08.0/epic_craterlake/DIS/NC/5x41/minQ2=100/pythia8NCDIS_5x41_minQ2=100_beamEffects_xAngle=-0.025_hiDiv_1.0636.eicrecon.edm4eic.root,1438.0
root://dtn-eic.jlab.org//volatile/eic/EPIC/RECO/25.08.0/epic_craterlake/DIS/NC/5x41/minQ2=100/pythia8NCDIS_5x41_minQ2=100_beamEffects_xAngle=-0.025_hiDiv_1.0637.eicrecon.edm4eic.root,1438.0
root://dtn-eic.jlab.org//volatile/eic/EPIC/RECO/25.08.0/epic_craterlake/DIS/NC/5x41/minQ2=100/pythia8NCDIS_5x41_minQ2=100_beamEffects_xAngle=-0.025_hiDiv_1.0638.eicrecon.edm4eic.root,1438.0
root://dtn-eic.jlab.org//volatile/eic/EPIC/RECO/25.08.0/epic_craterlake/DIS/NC/5x41/minQ2=100/pythia8NCDIS_5x41_minQ2=100_beamEffects_xAngle=-0.025_hiDiv_1.0639.eicrecon.edm4eic.root,1438.0
root://dtn-eic.jlab.org//volatile/eic/EPIC/RECO/25.08.0/epic_craterlake/DIS/NC/5x41/minQ2=100/pythia8NCDIS_5x41_minQ2=100_beamEffects_xAngle=-0.025_hiDiv_1.0640.eicrecon.edm4eic.root,1438.0
root://dtn-eic.jlab.org//volatile/eic/EPIC/RECO/25.08.0/epic_craterlake/DIS/NC/5x41/minQ2=100/pythia8NCDIS_5x41_minQ2=100_beamEffects_xAngle=-0.025_hiDiv_1.0641.eicrecon.edm4eic.root,1438.0
root://dtn-eic.jlab.org//volatile/eic/EPIC/RECO/25.08.0/epic_craterlake/DIS/NC/5x41/minQ2=100/pythia8NCDIS_5x41_minQ2=100_beamEffects_xAngle=-0.025_hiDiv_1.0642.eicrecon.edm4eic.root,1438.0
root://dtn-eic.jlab.org//volatile/eic/EPIC/RECO/25.08.0/epic_craterlake/DIS/NC/5x41/minQ2=100/pythia8NCDIS_5x41_minQ2=100_beamEffects_xAngle=-0.025_hiDiv_1.0643.eicrecon.edm4eic.root,1438.0
root://dtn-eic.jlab.org//volatile/eic/EPIC/RECO/25.08.0/epic_craterlake/DIS/NC/5x41/minQ2=100/pythia8NCDIS_5x41_minQ2=100_beamEffects_xAngle=-0.025_hiDiv_1.0644.eicrecon.edm4eic.root,1438.0
root://dtn-eic.jlab.org//volatile/eic/EPIC/RECO/25.08.0/epic_craterlake/DIS/NC/5x41/minQ2=100/pythia8NCDIS_5x41_minQ2=100_beamEffects_xAngle=-0.025_hiDiv_1.0645.eicrecon.edm4eic.root,1438.0
root://dtn-eic.jlab.org//volatile/eic/EPIC/RECO/25.08.0/epic_craterlake/DIS/NC/5x41/minQ2=100/pythia8NCDIS_5x41_minQ2=100_beamEffects_xAngle=-0.025_hiDiv_1.0646.eicrecon.edm4eic.root,1438.0
root://dtn-eic.jlab.org//volatile/eic/EPIC/RECO/25.08.0/epic_craterlake/DIS/NC/5x41/minQ2=100/pythia8NCDIS_5x41_minQ2=100_beamEffects_xAngle=-0.025_hiDiv_1.0647.eicrecon.edm4eic.root,1438.0
root://dtn-eic.jlab.org//volatile/eic/EPIC/RECO/25.08.0/epic_craterlake/DIS/NC/5x41/minQ2=100/pythia8NCDIS_5x41_minQ2=100_beamEffects_xAngle=-0.025_hiDiv_1.0648.eicrecon.edm4eic.root,1438.0
root://dtn-eic.jlab.org//volatile/eic/EPIC/RECO/25.08.0/epic_craterlake/DIS/NC/5x41/minQ2=100/pythia8NCDIS_5x41_minQ2=100_beamEffects_xAngle=-0.025_hiDiv_1.0649.eicrecon.edm4eic.root,1438.0
root://dtn-eic.jlab.org//volatile/eic/EPIC/RECO/25.08.0/epic_craterlake/DIS/NC/5x41/minQ2=100/pythia8NCDIS_5x41_minQ2=100_beamEffects_xAngle=-0.025_hiDiv_1.0650.eicrecon.edm4eic.root,1438.0
root://dtn-eic.jlab.org//volatile/eic/EPIC/RECO/25.08.0/epic_craterlake/DIS/NC/5x41/minQ2=100/pythia8NCDIS_5x41_minQ2=100_beamEffects_xAngle=-0.025_hiDiv_1.0651.eicrecon.edm4eic.root,1438.0
root://dtn-eic.jlab.org//volatile/eic/EPIC/RECO/25.08.0/epic_craterlake/DIS/NC/5x41/minQ2=100/pythia8NCDIS_5x41_minQ2=100_beamEffects_xAngle=-0.025_hiDiv_1.0652.eicrecon.edm4eic.root,1438.0
root://dtn-eic.jlab.org//volatile/eic/EPIC/RECO/25.08.0/epic_craterlake/DIS/NC/5x41/minQ2=100/pythia8NCDIS_5x41_minQ2=100_beamEffects_xAngle=-0.025_hiDiv_1.0653.eicrecon.edm4eic.root,1438.0
root://dtn-eic.jlab.org//volatile/eic/EPIC/RECO/25.08.0/epic_craterlake/DIS/NC/5x41/minQ2=100/pythia8NCDIS_5x41_minQ2=100_beamEffects_xAngle=-0.025_hiDiv_1.0654.eicrecon.edm4eic.root,1438.0
root://dtn-eic.jlab.org//volatile/eic/EPIC/RECO/25.08.0/epic_craterlake/DIS/NC/5x41/minQ2=100/pythia8NCDIS_5x41_minQ2=100_beamEffects_xAngle=-0.025_hiDiv_1.0655.eicrecon.edm4eic.root,1438.0
root://dtn-eic.jlab.org//volatile/eic/EPIC/RECO/25.08.0/epic_craterlake/DIS/NC/5x41/minQ2=100/pythia8NCDIS_5x41_minQ2=100_beamEffects_xAngle=-0.025_hiDiv_1.0656.eicrecon.edm4eic.root,1438.0
root://dtn-eic.jlab.org//volatile/eic/EPIC/RECO/25.08.0/epic_craterlake/DIS/NC/5x41/minQ2=100/pythia8NCDIS_5x41_minQ2=100_beamEffects_xAngle=-0.025_hiDiv_1.0657.eicrecon.edm4eic.root,1438.0
root://dtn-eic.jlab.org//volatile/eic/EPIC/RECO/25.08.0/epic_craterlake/DIS/NC/5x41/minQ2=100/pythia8NCDIS_5x41_minQ2=100_beamEffects_xAngle=-0.025_hiDiv_1.0658.eicrecon.edm4eic.root,1438.0
root://dtn-eic.jlab.org//volatile/eic/EPIC/RECO/25.08.0/epic_craterlake/DIS/NC/5x41/minQ2=100/pythia8NCDIS_5x41_minQ2=100_beamEffects_xAngle=-0.025_hiDiv_1.0659.eicrecon.edm4eic.root,1438.0
root://dtn-eic.jlab.org//volatile/eic/EPIC/RECO/25.08.0/epic_craterlake/DIS/NC/5x41/minQ2=100/pythia8NCDIS_5x41_minQ2=100_beamEffects_xAngle=-0.025_hiDiv_1.0660.eicrecon.edm4eic.root,1438.0
root://dtn-eic.jlab.org//volatile/eic/EPIC/RECO/25.08.0/epic_craterlake/DIS/NC/5x41/minQ2=100/pythia8NCDIS_5x41_minQ2=100_beamEffects_xAngle=-0.025_hiDiv_1.0661.eicrecon.edm4eic.root,1438.0
root://dtn-eic.jlab.org//volatile/eic/EPIC/RECO/25.08.0/epic_craterlake/DIS/NC/5x41/minQ2=100/pythia8NCDIS_5x41_minQ2=100_beamEffects_xAngle=-0.025_hiDiv_1.0662.eicrecon.edm4eic.root,1438.0
root://dtn-eic.jlab.org//volatile/eic/EPIC/RECO/25.08.0/epic_craterlake/DIS/NC/5x41/minQ2=100/pythia8NCDIS_5x41_minQ2=100_beamEffects_xAngle=-0.025_hiDiv_1.0663.eicrecon.edm4eic.root,1438.0
root://dtn-eic.jlab.org//volatile/eic/EPIC/RECO/25.08.0/epic_craterlake/DIS/NC/5x41/minQ2=100/pythia8NCDIS_5x41_minQ2=100_beamEffects_xAngle=-0.025_hiDiv_1.0664.eicrecon.edm4eic.root,1438.0
root://dtn-eic.jlab.org//volatile/eic/EPIC/RECO/25.08.0/epic_craterlake/DIS/NC/5x41/minQ2=100/pythia8NCDIS_5x41_minQ2=100_beamEffects_xAngle=-0.025_hiDiv_1.0665.eicrecon.edm4eic.root,1438.0
root://dtn-eic.jlab.org//volatile/eic/EPIC/RECO/25.08.0/epic_craterlake/DIS/NC/5x41/minQ2=100/pythia8NCDIS_5x41_minQ2=100_beamEffects_xAngle=-0.025_hiDiv_1.0666.eicrecon.edm4eic.root,1438.0
root://dtn-eic.jlab.org//volatile/eic/EPIC/RECO/25.08.0/epic_craterlake/DIS/NC/5x41/minQ2=100/pythia8NCDIS_5x41_minQ2=100_beamEffects_xAngle=-0.025_hiDiv_1.0667.eicrecon.edm4eic.root,1438.0
root://dtn-eic.jlab.org//volatile/eic/EPIC/RECO/25.08.0/epic_craterlake/DIS/NC/5x41/minQ2=100/pythia8NCDIS_5x41_minQ2=100_beamEffects_xAngle=-0.025_hiDiv_1.0668.eicrecon.edm4eic.root,1438.0
root://dtn-eic.jlab.org//volatile/eic/EPIC/RECO/25.08.0/epic_craterlake/DIS/NC/5x41/minQ2=100/pythia8NCDIS_5x41_minQ2=100_beamEffects_xAngle=-0.025_hiDiv_1.0669.eicrecon.edm4eic.root,1438.0
root://dtn-eic.jlab.org//volatile/eic/EPIC/RECO/25.08.0/epic_craterlake/DIS/NC/5x41/minQ2=100/pythia8NCDIS_5x41_minQ2=100_beamEffects_xAngle=-0.025_hiDiv_1.0670.eicrecon.edm4eic.root,1438.0
root://dtn-eic.jlab.org//volatile/eic/EPIC/RECO/25.08.0/epic_craterlake/DIS/NC/5x41/minQ2=100/pythia8NCDIS_5x41_minQ2=100_beamEffects_xAngle=-0.025_hiDiv_1.0671.eicrecon.edm4eic.root,1438.0
root://dtn-eic.jlab.org//volatile/eic/EPIC/RECO/25.08.0/epic_craterlake/DIS/NC/5x41/minQ2=100/pythia8NCDIS_5x41_minQ2=100_beamEffects_xAngle=-0.025_hiDiv_1.0672.eicrecon.edm4eic.root,1438.0
root://dtn-eic.jlab.org//volatile/eic/EPIC/RECO/25.08.0/epic_craterlake/DIS/NC/5x41/minQ2=100/pythia8NCDIS_5x41_minQ2=100_beamEffects_xAngle=-0.025_hiDiv_1.0673.eicrecon.edm4eic.root,1438.0
root://dtn-eic.jlab.org//volatile/eic/EPIC/RECO/25.08.0/epic_craterlake/DIS/NC/5x41/minQ2=100/pythia8NCDIS_5x41_minQ2=100_beamEffects_xAngle=-0.025_hiDiv_1.0674.eicrecon.edm4eic.root,1438.0
root://dtn-eic.jlab.org//volatile/eic/EPIC/RECO/25.08.0/epic_craterlake/DIS/NC/5x41/minQ2=100/pythia8NCDIS_5x41_minQ2=100_beamEffects_xAngle=-0.025_hiDiv_1.0675.eicrecon.edm4eic.root,1438.0
root://dtn-eic.jlab.org//volatile/eic/EPIC/RECO/25.08.0/epic_craterlake/DIS/NC/5x41/minQ2=100/pythia8NCDIS_5x41_minQ2=100_beamEffects_xAngle=-0.025_hiDiv_1.0676.eicrecon.edm4eic.root,1438.0
root://dtn-eic.jlab.org//volatile/eic/EPIC/RECO/25.08.0/epic_craterlake/DIS/NC/5x41/minQ2=100/pythia8NCDIS_5x41_minQ2=100_beamEffects_xAngle=-0.025_hiDiv_1.0677.eicrecon.edm4eic.root,1438.0
root://dtn-eic.jlab.org//volatile/eic/EPIC/RECO/25.08.0/epic_craterlake/DIS/NC/5x41/minQ2=100/pythia8NCDIS_5x41_minQ2=100_beamEffects_xAngle=-0.025_hiDiv_1.0678.eicrecon.edm4eic.root,1438.0
root://dtn-eic.jlab.org//volatile/eic/EPIC/RECO/25.08.0/epic_craterlake/DIS/NC/5x41/minQ2=100/pythia8NCDIS_5x41_minQ2=100_beamEffects_xAngle=-0.025_hiDiv_1.0679.eicrecon.edm4eic.root,1438.0
root://dtn-eic.jlab.org//volatile/eic/EPIC/RECO/25.08.0/epic_craterlake/DIS/NC/5x41/minQ2=100/pythia8NCDIS_5x41_minQ2=100_beamEffects_xAngle=-0.025_hiDiv_1.0680.eicrecon.edm4eic.root,1438.0
root://dtn-eic.jlab.org//volatile/eic/EPIC/RECO/25.08.0/epic_craterlake/DIS/NC/5x41/minQ2=100/pythia8NCDIS_5x41_minQ2=100_beamEffects_xAngle=-0.025_hiDiv_1.0681.eicrecon.edm4eic.root,1438.0
root://dtn-eic.jlab.org//volatile/eic/EPIC/RECO/25.08.0/epic_craterlake/DIS/NC/5x41/minQ2=100/pythia8NCDIS_5x41_minQ2=100_beamEffects_xAngle=-0.025_hiDiv_1.0682.eicrecon.edm4eic.root,1438.0
root://dtn-eic.jlab.org//volatile/eic/EPIC/RECO/25.08.0/epic_craterlake/DIS/NC/5x41/minQ2=100/pythia8NCDIS_5x41_minQ2=100_beamEffects_xAngle=-0.025_hiDiv_1.0683.eicrecon.edm4eic.root,1438.0
root://dtn-eic.jlab.org//volatile/eic/EPIC/RECO/25.08.0/epic_craterlake/DIS/NC/5x41/minQ2=100/pythia8NCDIS_5x41_minQ2=100_beamEffects_xAngle=-0.025_hiDiv_1.0684.eicrecon.edm4eic.root,1438.0
root://dtn-eic.jlab.org//volatile/eic/EPIC/RECO/25.08.0/epic_craterlake/DIS/NC/5x41/minQ2=100/pythia8NCDIS_5x41_minQ2=100_beamEffects_xAngle=-0.025_hiDiv_1.0685.eicrecon.edm4eic.root,1438.0
root://dtn-eic.jlab.org//volatile/eic/EPIC/RECO/25.08.0/epic_craterlake/DIS/NC/5x41/minQ2=100/pythia8NCDIS_5x41_minQ2=100_beamEffects_xAngle=-0.025_hiDiv_1.0686.eicrecon.edm4eic.root,1438.0
root://dtn-eic.jlab.org//volatile/eic/EPIC/RECO/25.08.0/epic_craterlake/DIS/NC/5x41/minQ2=100/pythia8NCDIS_5x41_minQ2=100_beamEffects_xAngle=-0.025_hiDiv_1.0687.eicrecon.edm4eic.root,1438.0
root://dtn-eic.jlab.org//volatile/eic/EPIC/RECO/25.08.0/epic_craterlake/DIS/NC/5x41/minQ2=100/pythia8NCDIS_5x41_minQ2=100_beamEffects_xAngle=-0.025_hiDiv_1.0688.eicrecon.edm4eic.root,1438.0
root://dtn-eic.jlab.org//volatile/eic/EPIC/RECO/25.08.0/epic_craterlake/DIS/NC/5x41/minQ2=100/pythia8NCDIS_5x41_minQ2=100_beamEffects_xAngle=-0.025_hiDiv_1.0689.eicrecon.edm4eic.root,1438.0
root://dtn-eic.jlab.org//volatile/eic/EPIC/RECO/25.08.0/epic_craterlake/DIS/NC/5x41/minQ2=100/pythia8NCDIS_5x41_minQ2=100_beamEffects_xAngle=-0.025_hiDiv_1.0690.eicrecon.edm4eic.root,1438.0
root://dtn-eic.jlab.org//volatile/eic/EPIC/RECO/25.08.0/epic_craterlake/DIS/NC/5x41/minQ2=100/pythia8NCDIS_5x41_minQ2=100_beamEffects_xAngle=-0.025_hiDiv_1.0691.eicrecon.edm4eic.root,1438.0
root://dtn-eic.jlab.org//volatile/eic/EPIC/RECO/25.08.0/epic_craterlake/DIS/NC/5x41/minQ2=100/pythia8NCDIS_5x41_minQ2=100_beamEffects_xAngle=-0.025_hiDiv_1.0692.eicrecon.edm4eic.root,1438.0
root://dtn-eic.jlab.org//volatile/eic/EPIC/RECO/25.08.0/epic_craterlake/DIS/NC/5x41/minQ2=100/pythia8NCDIS_5x41_minQ2=100_beamEffects_xAngle=-0.025_hiDiv_1.0693.eicrecon.edm4eic.root,1438.0
root://dtn-eic.jlab.org//volatile/eic/EPIC/RECO/25.08.0/epic_craterlake/DIS/NC/5x41/minQ2=100/pythia8NCDIS_5x41_minQ2=100_beamEffects_xAngle=-0.025_hiDiv_1.0694.eicrecon.edm4eic.root,1438.0
root://dtn-eic.jlab.org//volatile/eic/EPIC/RECO/25.08.0/epic_craterlake/DIS/NC/5x41/minQ2=100/pythia8NCDIS_5x41_minQ2=100_beamEffects_xAngle=-0.025_hiDiv_2.0000.eicrecon.edm4eic.root,1438.0
root://dtn-eic.jlab.org//volatile/eic/EPIC/RECO/25.08.0/epic_craterlake/DIS/NC/5x41/minQ2=100/pythia8NCDIS_5x41_minQ2=100_beamEffects_xAngle=-0.025_hiDiv_2.0001.eicrecon.edm4eic.root,1438.0
root://dtn-eic.jlab.org//volatile/eic/EPIC/RECO/25.08.0/epic_craterlake/DIS/NC/5x41/minQ2=100/pythia8NCDIS_5x41_minQ2=100_beamEffects_xAngle=-0.025_hiDiv_2.0002.eicrecon.edm4eic.root,1438.0
root://dtn-eic.jlab.org//volatile/eic/EPIC/RECO/25.08.0/epic_craterlake/DIS/NC/5x41/minQ2=100/pythia8NCDIS_5x41_minQ2=100_beamEffects_xAngle=-0.025_hiDiv_2.0003.eicrecon.edm4eic.root,1438.0
root://dtn-eic.jlab.org//volatile/eic/EPIC/RECO/25.08.0/epic_craterlake/DIS/NC/5x41/minQ2=100/pythia8NCDIS_5x41_minQ2=100_beamEffects_xAngle=-0.025_hiDiv_2.0004.eicrecon.edm4eic.root,1438.0
root://dtn-eic.jlab.org//volatile/eic/EPIC/RECO/25.08.0/epic_craterlake/DIS/NC/5x41/minQ2=100/pythia8NCDIS_5x41_minQ2=100_beamEffects_xAngle=-0.025_hiDiv_2.0005.eicrecon.edm4eic.root,1438.0
root://dtn-eic.jlab.org//volatile/eic/EPIC/RECO/25.08.0/epic_craterlake/DIS/NC/5x41/minQ2=100/pythia8NCDIS_5x41_minQ2=100_beamEffects_xAngle=-0.025_hiDiv_2.0006.eicrecon.edm4eic.root,1438.0
root://dtn-eic.jlab.org//volatile/eic/EPIC/RECO/25.08.0/epic_craterlake/DIS/NC/5x41/minQ2=100/pythia8NCDIS_5x41_minQ2=100_beamEffects_xAngle=-0.025_hiDiv_2.0007.eicrecon.edm4eic.root,1438.0
root://dtn-eic.jlab.org//volatile/eic/EPIC/RECO/25.08.0/epic_craterlake/DIS/NC/5x41/minQ2=100/pythia8NCDIS_5x41_minQ2=100_beamEffects_xAngle=-0.025_hiDiv_2.0008.eicrecon.edm4eic.root,1438.0
root://dtn-eic.jlab.org//volatile/eic/EPIC/RECO/25.08.0/epic_craterlake/DIS/NC/5x41/minQ2=100/pythia8NCDIS_5x41_minQ2=100_beamEffects_xAngle=-0.025_hiDiv_2.0009.eicrecon.edm4eic.root,1438.0
root://dtn-eic.jlab.org//volatile/eic/EPIC/RECO/25.08.0/epic_craterlake/DIS/NC/5x41/minQ2=100/pythia8NCDIS_5x41_minQ2=100_beamEffects_xAngle=-0.025_hiDiv_2.0010.eicrecon.edm4eic.root,1438.0
root://dtn-eic.jlab.org//volatile/eic/EPIC/RECO/25.08.0/epic_craterlake/DIS/NC/5x41/minQ2=100/pythia8NCDIS_5x41_minQ2=100_beamEffects_xAngle=-0.025_hiDiv_2.0011.eicrecon.edm4eic.root,1438.0
root://dtn-eic.jlab.org//volatile/eic/EPIC/RECO/25.08.0/epic_craterlake/DIS/NC/5x41/minQ2=100/pythia8NCDIS_5x41_minQ2=100_beamEffects_xAngle=-0.025_hiDiv_2.0012.eicrecon.edm4eic.root,1438.0
root://dtn-eic.jlab.org//volatile/eic/EPIC/RECO/25.08.0/epic_craterlake/DIS/NC/5x41/minQ2=100/pythia8NCDIS_5x41_minQ2=100_beamEffects_xAngle=-0.025_hiDiv_2.0013.eicrecon.edm4eic.root,1438.0
root://dtn-eic.jlab.org//volatile/eic/EPIC/RECO/25.08.0/epic_craterlake/DIS/NC/5x41/minQ2=100/pythia8NCDIS_5x41_minQ2=100_beamEffects_xAngle=-0.025_hiDiv_2.0014.eicrecon.edm4eic.root,1438.0
root://dtn-eic.jlab.org//volatile/eic/EPIC/RECO/25.08.0/epic_craterlake/DIS/NC/5x41/minQ2=100/pythia8NCDIS_5x41_minQ2=100_beamEffects_xAngle=-0.025_hiDiv_2.0015.eicrecon.edm4eic.root,1438.0
root://dtn-eic.jlab.org//volatile/eic/EPIC/RECO/25.08.0/epic_craterlake/DIS/NC/5x41/minQ2=100/pythia8NCDIS_5x41_minQ2=100_beamEffects_xAngle=-0.025_hiDiv_2.0016.eicrecon.edm4eic.root,1438.0
root://dtn-eic.jlab.org//volatile/eic/EPIC/RECO/25.08.0/epic_craterlake/DIS/NC/5x41/minQ2=100/pythia8NCDIS_5x41_minQ2=100_beamEffects_xAngle=-0.025_hiDiv_2.0017.eicrecon.edm4eic.root,1438.0
root://dtn-eic.jlab.org//volatile/eic/EPIC/RECO/25.08.0/epic_craterlake/DIS/NC/5x41/minQ2=100/pythia8NCDIS_5x41_minQ2=100_beamEffects_xAngle=-0.025_hiDiv_2.0018.eicrecon.edm4eic.root,1438.0
root://dtn-eic.jlab.org//volatile/eic/EPIC/RECO/25.08.0/epic_craterlake/DIS/NC/5x41/minQ2=100/pythia8NCDIS_5x41_minQ2=100_beamEffects_xAngle=-0.025_hiDiv_2.0019.eicrecon.edm4eic.root,1438.0
root://dtn-eic.jlab.org//volatile/eic/EPIC/RECO/25.08.0/epic_craterlake/DIS/NC/5x41/minQ2=100/pythia8NCDIS_5x41_minQ2=100_beamEffects_xAngle=-0.025_hiDiv_2.0020.eicrecon.edm4eic.root,1438.0
root://dtn-eic.jlab.org//volatile/eic/EPIC/RECO/25.08.0/epic_craterlake/DIS/NC/5x41/minQ2=100/pythia8NCDIS_5x41_minQ2=100_beamEffects_xAngle=-0.025_hiDiv_2.0021.eicrecon.edm4eic.root,1438.0
root://dtn-eic.jlab.org//volatile/eic/EPIC/RECO/25.08.0/epic_craterlake/DIS/NC/5x41/minQ2=100/pythia8NCDIS_5x41_minQ2=100_beamEffects_xAngle=-0.025_hiDiv_2.0022.eicrecon.edm4eic.root,1438.0
root://dtn-eic.jlab.org//volatile/eic/EPIC/RECO/25.08.0/epic_craterlake/DIS/NC/5x41/minQ2=100/pythia8NCDIS_5x41_minQ2=100_beamEffects_xAngle=-0.025_hiDiv_2.0023.eicrecon.edm4eic.root,1438.0
root://dtn-eic.jlab.org//volatile/eic/EPIC/RECO/25.08.0/epic_craterlake/DIS/NC/5x41/minQ2=100/pythia8NCDIS_5x41_minQ2=100_beamEffects_xAngle=-0.025_hiDiv_2.0024.eicrecon.edm4eic.root,1438.0
root://dtn-eic.jlab.org//volatile/eic/EPIC/RECO/25.08.0/epic_craterlake/DIS/NC/5x41/minQ2=100/pythia8NCDIS_5x41_minQ2=100_beamEffects_xAngle=-0.025_hiDiv_2.0025.eicrecon.edm4eic.root,1438.0
root://dtn-eic.jlab.org//volatile/eic/EPIC/RECO/25.08.0/epic_craterlake/DIS/NC/5x41/minQ2=100/pythia8NCDIS_5x41_minQ2=100_beamEffects_xAngle=-0.025_hiDiv_2.0026.eicrecon.edm4eic.root,1438.0
root://dtn-eic.jlab.org//volatile/eic/EPIC/RECO/25.08.0/epic_craterlake/DIS/NC/5x41/minQ2=100/pythia8NCDIS_5x41_minQ2=100_beamEffects_xAngle=-0.025_hiDiv_2.0027.eicrecon.edm4eic.root,1438.0
root://dtn-eic.jlab.org//volatile/eic/EPIC/RECO/25.08.0/epic_craterlake/DIS/NC/5x41/minQ2=100/pythia8NCDIS_5x41_minQ2=100_beamEffects_xAngle=-0.025_hiDiv_2.0028.eicrecon.edm4eic.root,1438.0
root://dtn-eic.jlab.org//volatile/eic/EPIC/RECO/25.08.0/epic_craterlake/DIS/NC/5x41/minQ2=100/pythia8NCDIS_5x41_minQ2=100_beamEffects_xAngle=-0.025_hiDiv_2.0029.eicrecon.edm4eic.root,1438.0
root://dtn-eic.jlab.org//volatile/eic/EPIC/RECO/25.08.0/epic_craterlake/DIS/NC/5x41/minQ2=100/pythia8NCDIS_5x41_minQ2=100_beamEffects_xAngle=-0.025_hiDiv_2.0030.eicrecon.edm4eic.root,1438.0
root://dtn-eic.jlab.org//volatile/eic/EPIC/RECO/25.08.0/epic_craterlake/DIS/NC/5x41/minQ2=100/pythia8NCDIS_5x41_minQ2=100_beamEffects_xAngle=-0.025_hiDiv_2.0031.eicrecon.edm4eic.root,1438.0
root://dtn-eic.jlab.org//volatile/eic/EPIC/RECO/25.08.0/epic_craterlake/DIS/NC/5x41/minQ2=100/pythia8NCDIS_5x41_minQ2=100_beamEffects_xAngle=-0.025_hiDiv_2.0032.eicrecon.edm4eic.root,1438.0
root://dtn-eic.jlab.org//volatile/eic/EPIC/RECO/25.08.0/epic_craterlake/DIS/NC/5x41/minQ2=100/pythia8NCDIS_5x41_minQ2=100_beamEffects_xAngle=-0.025_hiDiv_2.0033.eicrecon.edm4eic.root,1438.0
root://dtn-eic.jlab.org//volatile/eic/EPIC/RECO/25.08.0/epic_craterlake/DIS/NC/5x41/minQ2=100/pythia8NCDIS_5x41_minQ2=100_beamEffects_xAngle=-0.025_hiDiv_2.0034.eicrecon.edm4eic.root,1438.0
root://dtn-eic.jlab.org//volatile/eic/EPIC/RECO/25.08.0/epic_craterlake/DIS/NC/5x41/minQ2=100/pythia8NCDIS_5x41_minQ2=100_beamEffects_xAngle=-0.025_hiDiv_2.0035.eicrecon.edm4eic.root,1438.0
root://dtn-eic.jlab.org//volatile/eic/EPIC/RECO/25.08.0/epic_craterlake/DIS/NC/5x41/minQ2=100/pythia8NCDIS_5x41_minQ2=100_beamEffects_xAngle=-0.025_hiDiv_2.0036.eicrecon.edm4eic.root,1438.0
root://dtn-eic.jlab.org//volatile/eic/EPIC/RECO/25.08.0/epic_craterlake/DIS/NC/5x41/minQ2=100/pythia8NCDIS_5x41_minQ2=100_beamEffects_xAngle=-0.025_hiDiv_2.0037.eicrecon.edm4eic.root,1438.0
root://dtn-eic.jlab.org//volatile/eic/EPIC/RECO/25.08.0/epic_craterlake/DIS/NC/5x41/minQ2=100/pythia8NCDIS_5x41_minQ2=100_beamEffects_xAngle=-0.025_hiDiv_2.0038.eicrecon.edm4eic.root,1438.0
root://dtn-eic.jlab.org//volatile/eic/EPIC/RECO/25.08.0/epic_craterlake/DIS/NC/5x41/minQ2=100/pythia8NCDIS_5x41_minQ2=100_beamEffects_xAngle=-0.025_hiDiv_2.0039.eicrecon.edm4eic.root,1438.0
root://dtn-eic.jlab.org//volatile/eic/EPIC/RECO/25.08.0/epic_craterlake/DIS/NC/5x41/minQ2=100/pythia8NCDIS_5x41_minQ2=100_beamEffects_xAngle=-0.025_hiDiv_2.0040.eicrecon.edm4eic.root,1438.0
root://dtn-eic.jlab.org//volatile/eic/EPIC/RECO/25.08.0/epic_craterlake/DIS/NC/5x41/minQ2=100/pythia8NCDIS_5x41_minQ2=100_beamEffects_xAngle=-0.025_hiDiv_2.0041.eicrecon.edm4eic.root,1438.0
root://dtn-eic.jlab.org//volatile/eic/EPIC/RECO/25.08.0/epic_craterlake/DIS/NC/5x41/minQ2=100/pythia8NCDIS_5x41_minQ2=100_beamEffects_xAngle=-0.025_hiDiv_2.0042.eicrecon.edm4eic.root,1438.0
root://dtn-eic.jlab.org//volatile/eic/EPIC/RECO/25.08.0/epic_craterlake/DIS/NC/5x41/minQ2=100/pythia8NCDIS_5x41_minQ2=100_beamEffects_xAngle=-0.025_hiDiv_2.0043.eicrecon.edm4eic.root,1438.0
root://dtn-eic.jlab.org//volatile/eic/EPIC/RECO/25.08.0/epic_craterlake/DIS/NC/5x41/minQ2=100/pythia8NCDIS_5x41_minQ2=100_beamEffects_xAngle=-0.025_hiDiv_2.0044.eicrecon.edm4eic.root,1438.0
root://dtn-eic.jlab.org//volatile/eic/EPIC/RECO/25.08.0/epic_craterlake/DIS/NC/5x41/minQ2=100/pythia8NCDIS_5x41_minQ2=100_beamEffects_xAngle=-0.025_hiDiv_2.0045.eicrecon.edm4eic.root,1438.0
root://dtn-eic.jlab.org//volatile/eic/EPIC/RECO/25.08.0/epic_craterlake/DIS/NC/5x41/minQ2=100/pythia8NCDIS_5x41_minQ2=100_beamEffects_xAngle=-0.025_hiDiv_2.0046.eicrecon.edm4eic.root,1438.0
root://dtn-eic.jlab.org//volatile/eic/EPIC/RECO/25.08.0/epic_craterlake/DIS/NC/5x41/minQ2=100/pythia8NCDIS_5x41_minQ2=100_beamEffects_xAngle=-0.025_hiDiv_2.0047.eicrecon.edm4eic.root,1438.0
root://dtn-eic.jlab.org//volatile/eic/EPIC/RECO/25.08.0/epic_craterlake/DIS/NC/5x41/minQ2=100/pythia8NCDIS_5x41_minQ2=100_beamEffects_xAngle=-0.025_hiDiv_2.0048.eicrecon.edm4eic.root,1438.0
root://dtn-eic.jlab.org//volatile/eic/EPIC/RECO/25.08.0/epic_craterlake/DIS/NC/5x41/minQ2=100/pythia8NCDIS_5x41_minQ2=100_beamEffects_xAngle=-0.025_hiDiv_2.0049.eicrecon.edm4eic.root,1438.0
root://dtn-eic.jlab.org//volatile/eic/EPIC/RECO/25.08.0/epic_craterlake/DIS/NC/5x41/minQ2=100/pythia8NCDIS_5x41_minQ2=100_beamEffects_xAngle=-0.025_hiDiv_2.0050.eicrecon.edm4eic.root,1438.0
root://dtn-eic.jlab.org//volatile/eic/EPIC/RECO/25.08.0/epic_craterlake/DIS/NC/5x41/minQ2=100/pythia8NCDIS_5x41_minQ2=100_beamEffects_xAngle=-0.025_hiDiv_2.0051.eicrecon.edm4eic.root,1438.0
root://dtn-eic.jlab.org//volatile/eic/EPIC/RECO/25.08.0/epic_craterlake/DIS/NC/5x41/minQ2=100/pythia8NCDIS_5x41_minQ2=100_beamEffects_xAngle=-0.025_hiDiv_2.0052.eicrecon.edm4eic.root,1438.0
root://dtn-eic.jlab.org//volatile/eic/EPIC/RECO/25.08.0/epic_craterlake/DIS/NC/5x41/minQ2=100/pythia8NCDIS_5x41_minQ2=100_beamEffects_xAngle=-0.025_hiDiv_2.0053.eicrecon.edm4eic.root,1438.0
root://dtn-eic.jlab.org//volatile/eic/EPIC/RECO/25.08.0/epic_craterlake/DIS/NC/5x41/minQ2=100/pythia8NCDIS_5x41_minQ2=100_beamEffects_xAngle=-0.025_hiDiv_2.0054.eicrecon.edm4eic.root,1438.0
root://dtn-eic.jlab.org//volatile/eic/EPIC/RECO/25.08.0/epic_craterlake/DIS/NC/5x41/minQ2=100/pythia8NCDIS_5x41_minQ2=100_beamEffects_xAngle=-0.025_hiDiv_2.0055.eicrecon.edm4eic.root,1438.0
root://dtn-eic.jlab.org//volatile/eic/EPIC/RECO/25.08.0/epic_craterlake/DIS/NC/5x41/minQ2=100/pythia8NCDIS_5x41_minQ2=100_beamEffects_xAngle=-0.025_hiDiv_2.0056.eicrecon.edm4eic.root,1438.0
root://dtn-eic.jlab.org//volatile/eic/EPIC/RECO/25.08.0/epic_craterlake/DIS/NC/5x41/minQ2=100/pythia8NCDIS_5x41_minQ2=100_beamEffects_xAngle=-0.025_hiDiv_2.0057.eicrecon.edm4eic.root,1438.0
root://dtn-eic.jlab.org//volatile/eic/EPIC/RECO/25.08.0/epic_craterlake/DIS/NC/5x41/minQ2=100/pythia8NCDIS_5x41_minQ2=100_beamEffects_xAngle=-0.025_hiDiv_2.0058.eicrecon.edm4eic.root,1438.0
root://dtn-eic.jlab.org//volatile/eic/EPIC/RECO/25.08.0/epic_craterlake/DIS/NC/5x41/minQ2=100/pythia8NCDIS_5x41_minQ2=100_beamEffects_xAngle=-0.025_hiDiv_2.0059.eicrecon.edm4eic.root,1438.0
root://dtn-eic.jlab.org//volatile/eic/EPIC/RECO/25.08.0/epic_craterlake/DIS/NC/5x41/minQ2=100/pythia8NCDIS_5x41_minQ2=100_beamEffects_xAngle=-0.025_hiDiv_2.0060.eicrecon.edm4eic.root,1438.0
root://dtn-eic.jlab.org//volatile/eic/EPIC/RECO/25.08.0/epic_craterlake/DIS/NC/5x41/minQ2=100/pythia8NCDIS_5x41_minQ2=100_beamEffects_xAngle=-0.025_hiDiv_2.0061.eicrecon.edm4eic.root,1438.0
root://dtn-eic.jlab.org//volatile/eic/EPIC/RECO/25.08.0/epic_craterlake/DIS/NC/5x41/minQ2=100/pythia8NCDIS_5x41_minQ2=100_beamEffects_xAngle=-0.025_hiDiv_2.0062.eicrecon.edm4eic.root,1438.0
root://dtn-eic.jlab.org//volatile/eic/EPIC/RECO/25.08.0/epic_craterlake/DIS/NC/5x41/minQ2=100/pythia8NCDIS_5x41_minQ2=100_beamEffects_xAngle=-0.025_hiDiv_2.0063.eicrecon.edm4eic.root,1438.0
root://dtn-eic.jlab.org//volatile/eic/EPIC/RECO/25.08.0/epic_craterlake/DIS/NC/5x41/minQ2=100/pythia8NCDIS_5x41_minQ2=100_beamEffects_xAngle=-0.025_hiDiv_2.0064.eicrecon.edm4eic.root,1438.0
root://dtn-eic.jlab.org//volatile/eic/EPIC/RECO/25.08.0/epic_craterlake/DIS/NC/5x41/minQ2=100/pythia8NCDIS_5x41_minQ2=100_beamEffects_xAngle=-0.025_hiDiv_2.0065.eicrecon.edm4eic.root,1438.0
root://dtn-eic.jlab.org//volatile/eic/EPIC/RECO/25.08.0/epic_craterlake/DIS/NC/5x41/minQ2=100/pythia8NCDIS_5x41_minQ2=100_beamEffects_xAngle=-0.025_hiDiv_2.0066.eicrecon.edm4eic.root,1438.0
root://dtn-eic.jlab.org//volatile/eic/EPIC/RECO/25.08.0/epic_craterlake/DIS/NC/5x41/minQ2=100/pythia8NCDIS_5x41_minQ2=100_beamEffects_xAngle=-0.025_hiDiv_2.0067.eicrecon.edm4eic.root,1438.0
root://dtn-eic.jlab.org//volatile/eic/EPIC/RECO/25.08.0/epic_craterlake/DIS/NC/5x41/minQ2=100/pythia8NCDIS_5x41_minQ2=100_beamEffects_xAngle=-0.025_hiDiv_2.0068.eicrecon.edm4eic.root,1438.0
root://dtn-eic.jlab.org//volatile/eic/EPIC/RECO/25.08.0/epic_craterlake/DIS/NC/5x41/minQ2=100/pythia8NCDIS_5x41_minQ2=100_beamEffects_xAngle=-0.025_hiDiv_2.0069.eicrecon.edm4eic.root,1438.0
root://dtn-eic.jlab.org//volatile/eic/EPIC/RECO/25.08.0/epic_craterlake/DIS/NC/5x41/minQ2=100/pythia8NCDIS_5x41_minQ2=100_beamEffects_xAngle=-0.025_hiDiv_2.0070.eicrecon.edm4eic.root,1438.0
root://dtn-eic.jlab.org//volatile/eic/EPIC/RECO/25.08.0/epic_craterlake/DIS/NC/5x41/minQ2=100/pythia8NCDIS_5x41_minQ2=100_beamEffects_xAngle=-0.025_hiDiv_2.0071.eicrecon.edm4eic.root,1438.0
root://dtn-eic.jlab.org//volatile/eic/EPIC/RECO/25.08.0/epic_craterlake/DIS/NC/5x41/minQ2=100/pythia8NCDIS_5x41_minQ2=100_beamEffects_xAngle=-0.025_hiDiv_2.0072.eicrecon.edm4eic.root,1438.0
root://dtn-eic.jlab.org//volatile/eic/EPIC/RECO/25.08.0/epic_craterlake/DIS/NC/5x41/minQ2=100/pythia8NCDIS_5x41_minQ2=100_beamEffects_xAngle=-0.025_hiDiv_2.0073.eicrecon.edm4eic.root,1438.0
root://dtn-eic.jlab.org//volatile/eic/EPIC/RECO/25.08.0/epic_craterlake/DIS/NC/5x41/minQ2=100/pythia8NCDIS_5x41_minQ2=100_beamEffects_xAngle=-0.025_hiDiv_2.0074.eicrecon.edm4eic.root,1438.0
root://dtn-eic.jlab.org//volatile/eic/EPIC/RECO/25.08.0/epic_craterlake/DIS/NC/5x41/minQ2=100/pythia8NCDIS_5x41_minQ2=100_beamEffects_xAngle=-0.025_hiDiv_2.0075.eicrecon.edm4eic.root,1438.0
root://dtn-eic.jlab.org//volatile/eic/EPIC/RECO/25.08.0/epic_craterlake/DIS/NC/5x41/minQ2=100/pythia8NCDIS_5x41_minQ2=100_beamEffects_xAngle=-0.025_hiDiv_2.0076.eicrecon.edm4eic.root,1438.0
root://dtn-eic.jlab.org//volatile/eic/EPIC/RECO/25.08.0/epic_craterlake/DIS/NC/5x41/minQ2=100/pythia8NCDIS_5x41_minQ2=100_beamEffects_xAngle=-0.025_hiDiv_2.0077.eicrecon.edm4eic.root,1438.0
root://dtn-eic.jlab.org//volatile/eic/EPIC/RECO/25.08.0/epic_craterlake/DIS/NC/5x41/minQ2=100/pythia8NCDIS_5x41_minQ2=100_beamEffects_xAngle=-0.025_hiDiv_2.0078.eicrecon.edm4eic.root,1438.0
root://dtn-eic.jlab.org//volatile/eic/EPIC/RECO/25.08.0/epic_craterlake/DIS/NC/5x41/minQ2=100/pythia8NCDIS_5x41_minQ2=100_beamEffects_xAngle=-0.025_hiDiv_2.0079.eicrecon.edm4eic.root,1438.0
root://dtn-eic.jlab.org//volatile/eic/EPIC/RECO/25.08.0/epic_craterlake/DIS/NC/5x41/minQ2=100/pythia8NCDIS_5x41_minQ2=100_beamEffects_xAngle=-0.025_hiDiv_2.0080.eicrecon.edm4eic.root,1438.0
root://dtn-eic.jlab.org//volatile/eic/EPIC/RECO/25.08.0/epic_craterlake/DIS/NC/5x41/minQ2=100/pythia8NCDIS_5x41_minQ2=100_beamEffects_xAngle=-0.025_hiDiv_2.0081.eicrecon.edm4eic.root,1438.0
root://dtn-eic.jlab.org//volatile/eic/EPIC/RECO/25.08.0/epic_craterlake/DIS/NC/5x41/minQ2=100/pythia8NCDIS_5x41_minQ2=100_beamEffects_xAngle=-0.025_hiDiv_2.0082.eicrecon.edm4eic.root,1438.0
root://dtn-eic.jlab.org//volatile/eic/EPIC/RECO/25.08.0/epic_craterlake/DIS/NC/5x41/minQ2=100/pythia8NCDIS_5x41_minQ2=100_beamEffects_xAngle=-0.025_hiDiv_2.0083.eicrecon.edm4eic.root,1438.0
root://dtn-eic.jlab.org//volatile/eic/EPIC/RECO/25.08.0/epic_craterlake/DIS/NC/5x41/minQ2=100/pythia8NCDIS_5x41_minQ2=100_beamEffects_xAngle=-0.025_hiDiv_2.0084.eicrecon.edm4eic.root,1438.0
root://dtn-eic.jlab.org//volatile/eic/EPIC/RECO/25.08.0/epic_craterlake/DIS/NC/5x41/minQ2=100/pythia8NCDIS_5x41_minQ2=100_beamEffects_xAngle=-0.025_hiDiv_2.0085.eicrecon.edm4eic.root,1438.0
root://dtn-eic.jlab.org//volatile/eic/EPIC/RECO/25.08.0/epic_craterlake/DIS/NC/5x41/minQ2=100/pythia8NCDIS_5x41_minQ2=100_beamEffects_xAngle=-0.025_hiDiv_2.0086.eicrecon.edm4eic.root,1438.0
root://dtn-eic.jlab.org//volatile/eic/EPIC/RECO/25.08.0/epic_craterlake/DIS/NC/5x41/minQ2=100/pythia8NCDIS_5x41_minQ2=100_beamEffects_xAngle=-0.025_hiDiv_2.0087.eicrecon.edm4eic.root,1438.0
root://dtn-eic.jlab.org//volatile/eic/EPIC/RECO/25.08.0/epic_craterlake/DIS/NC/5x41/minQ2=100/pythia8NCDIS_5x41_minQ2=100_beamEffects_xAngle=-0.025_hiDiv_2.0088.eicrecon.edm4eic.root,1438.0
root://dtn-eic.jlab.org//volatile/eic/EPIC/RECO/25.08.0/epic_craterlake/DIS/NC/5x41/minQ2=100/pythia8NCDIS_5x41_minQ2=100_beamEffects_xAngle=-0.025_hiDiv_2.0089.eicrecon.edm4eic.root,1438.0
root://dtn-eic.jlab.org//volatile/eic/EPIC/RECO/25.08.0/epic_craterlake/DIS/NC/5x41/minQ2=100/pythia8NCDIS_5x41_minQ2=100_beamEffects_xAngle=-0.025_hiDiv_2.0090.eicrecon.edm4eic.root,1438.0
root://dtn-eic.jlab.org//volatile/eic/EPIC/RECO/25.08.0/epic_craterlake/DIS/NC/5x41/minQ2=100/pythia8NCDIS_5x41_minQ2=100_beamEffects_xAngle=-0.025_hiDiv_2.0091.eicrecon.edm4eic.root,1438.0
root://dtn-eic.jlab.org//volatile/eic/EPIC/RECO/25.08.0/epic_craterlake/DIS/NC/5x41/minQ2=100/pythia8NCDIS_5x41_minQ2=100_beamEffects_xAngle=-0.025_hiDiv_2.0092.eicrecon.edm4eic.root,1438.0
root://dtn-eic.jlab.org//volatile/eic/EPIC/RECO/25.08.0/epic_craterlake/DIS/NC/5x41/minQ2=100/pythia8NCDIS_5x41_minQ2=100_beamEffects_xAngle=-0.025_hiDiv_2.0093.eicrecon.edm4eic.root,1438.0
root://dtn-eic.jlab.org//volatile/eic/EPIC/RECO/25.08.0/epic_craterlake/DIS/NC/5x41/minQ2=100/pythia8NCDIS_5x41_minQ2=100_beamEffects_xAngle=-0.025_hiDiv_2.0094.eicrecon.edm4eic.root,1438.0
root://dtn-eic.jlab.org//volatile/eic/EPIC/RECO/25.08.0/epic_craterlake/DIS/NC/5x41/minQ2=100/pythia8NCDIS_5x41_minQ2=100_beamEffects_xAngle=-0.025_hiDiv_2.0095.eicrecon.edm4eic.root,1438.0
root://dtn-eic.jlab.org//volatile/eic/EPIC/RECO/25.08.0/epic_craterlake/DIS/NC/5x41/minQ2=100/pythia8NCDIS_5x41_minQ2=100_beamEffects_xAngle=-0.025_hiDiv_2.0096.eicrecon.edm4eic.root,1438.0
root://dtn-eic.jlab.org//volatile/eic/EPIC/RECO/25.08.0/epic_craterlake/DIS/NC/5x41/minQ2=100/pythia8NCDIS_5x41_minQ2=100_beamEffects_xAngle=-0.025_hiDiv_2.0097.eicrecon.edm4eic.root,1438.0
root://dtn-eic.jlab.org//volatile/eic/EPIC/RECO/25.08.0/epic_craterlake/DIS/NC/5x41/minQ2=100/pythia8NCDIS_5x41_minQ2=100_beamEffects_xAngle=-0.025_hiDiv_2.0098.eicrecon.edm4eic.root,1438.0
root://dtn-eic.jlab.org//volatile/eic/EPIC/RECO/25.08.0/epic_craterlake/DIS/NC/5x41/minQ2=100/pythia8NCDIS_5x41_minQ2=100_beamEffects_xAngle=-0.025_hiDiv_2.0099.eicrecon.edm4eic.root,1438.0
root://dtn-eic.jlab.org//volatile/eic/EPIC/RECO/25.08.0/epic_craterlake/DIS/NC/5x41/minQ2=100/pythia8NCDIS_5x41_minQ2=100_beamEffects_xAngle=-0.025_hiDiv_2.0100.eicrecon.edm4eic.root,1438.0
root://dtn-eic.jlab.org//volatile/eic/EPIC/RECO/25.08.0/epic_craterlake/DIS/NC/5x41/minQ2=100/pythia8NCDIS_5x41_minQ2=100_beamEffects_xAngle=-0.025_hiDiv_2.0101.eicrecon.edm4eic.root,1438.0
root://dtn-eic.jlab.org//volatile/eic/EPIC/RECO/25.08.0/epic_craterlake/DIS/NC/5x41/minQ2=100/pythia8NCDIS_5x41_minQ2=100_beamEffects_xAngle=-0.025_hiDiv_2.0102.eicrecon.edm4eic.root,1438.0
root://dtn-eic.jlab.org//volatile/eic/EPIC/RECO/25.08.0/epic_craterlake/DIS/NC/5x41/minQ2=100/pythia8NCDIS_5x41_minQ2=100_beamEffects_xAngle=-0.025_hiDiv_2.0103.eicrecon.edm4eic.root,1438.0
root://dtn-eic.jlab.org//volatile/eic/EPIC/RECO/25.08.0/epic_craterlake/DIS/NC/5x41/minQ2=100/pythia8NCDIS_5x41_minQ2=100_beamEffects_xAngle=-0.025_hiDiv_2.0104.eicrecon.edm4eic.root,1438.0
root://dtn-eic.jlab.org//volatile/eic/EPIC/RECO/25.08.0/epic_craterlake/DIS/NC/5x41/minQ2=100/pythia8NCDIS_5x41_minQ2=100_beamEffects_xAngle=-0.025_hiDiv_2.0105.eicrecon.edm4eic.root,1438.0
root://dtn-eic.jlab.org//volatile/eic/EPIC/RECO/25.08.0/epic_craterlake/DIS/NC/5x41/minQ2=100/pythia8NCDIS_5x41_minQ2=100_beamEffects_xAngle=-0.025_hiDiv_2.0106.eicrecon.edm4eic.root,1438.0
root://dtn-eic.jlab.org//volatile/eic/EPIC/RECO/25.08.0/epic_craterlake/DIS/NC/5x41/minQ2=100/pythia8NCDIS_5x41_minQ2=100_beamEffects_xAngle=-0.025_hiDiv_2.0107.eicrecon.edm4eic.root,1438.0
root://dtn-eic.jlab.org//volatile/eic/EPIC/RECO/25.08.0/epic_craterlake/DIS/NC/5x41/minQ2=100/pythia8NCDIS_5x41_minQ2=100_beamEffects_xAngle=-0.025_hiDiv_2.0108.eicrecon.edm4eic.root,1438.0
root://dtn-eic.jlab.org//volatile/eic/EPIC/RECO/25.08.0/epic_craterlake/DIS/NC/5x41/minQ2=100/pythia8NCDIS_5x41_minQ2=100_beamEffects_xAngle=-0.025_hiDiv_2.0109.eicrecon.edm4eic.root,1438.0
root://dtn-eic.jlab.org//volatile/eic/EPIC/RECO/25.08.0/epic_craterlake/DIS/NC/5x41/minQ2=100/pythia8NCDIS_5x41_minQ2=100_beamEffects_xAngle=-0.025_hiDiv_2.0110.eicrecon.edm4eic.root,1438.0
root://dtn-eic.jlab.org//volatile/eic/EPIC/RECO/25.08.0/epic_craterlake/DIS/NC/5x41/minQ2=100/pythia8NCDIS_5x41_minQ2=100_beamEffects_xAngle=-0.025_hiDiv_2.0111.eicrecon.edm4eic.root,1438.0
root://dtn-eic.jlab.org//volatile/eic/EPIC/RECO/25.08.0/epic_craterlake/DIS/NC/5x41/minQ2=100/pythia8NCDIS_5x41_minQ2=100_beamEffects_xAngle=-0.025_hiDiv_2.0112.eicrecon.edm4eic.root,1438.0
root://dtn-eic.jlab.org//volatile/eic/EPIC/RECO/25.08.0/epic_craterlake/DIS/NC/5x41/minQ2=100/pythia8NCDIS_5x41_minQ2=100_beamEffects_xAngle=-0.025_hiDiv_2.0113.eicrecon.edm4eic.root,1438.0
root://dtn-eic.jlab.org//volatile/eic/EPIC/RECO/25.08.0/epic_craterlake/DIS/NC/5x41/minQ2=100/pythia8NCDIS_5x41_minQ2=100_beamEffects_xAngle=-0.025_hiDiv_2.0114.eicrecon.edm4eic.root,1438.0
root://dtn-eic.jlab.org//volatile/eic/EPIC/RECO/25.08.0/epic_craterlake/DIS/NC/5x41/minQ2=100/pythia8NCDIS_5x41_minQ2=100_beamEffects_xAngle=-0.025_hiDiv_2.0115.eicrecon.edm4eic.root,1438.0
root://dtn-eic.jlab.org//volatile/eic/EPIC/RECO/25.08.0/epic_craterlake/DIS/NC/5x41/minQ2=100/pythia8NCDIS_5x41_minQ2=100_beamEffects_xAngle=-0.025_hiDiv_2.0116.eicrecon.edm4eic.root,1438.0
root://dtn-eic.jlab.org//volatile/eic/EPIC/RECO/25.08.0/epic_craterlake/DIS/NC/5x41/minQ2=100/pythia8NCDIS_5x41_minQ2=100_beamEffects_xAngle=-0.025_hiDiv_2.0117.eicrecon.edm4eic.root,1438.0
root://dtn-eic.jlab.org//volatile/eic/EPIC/RECO/25.08.0/epic_craterlake/DIS/NC/5x41/minQ2=100/pythia8NCDIS_5x41_minQ2=100_beamEffects_xAngle=-0.025_hiDiv_2.0118.eicrecon.edm4eic.root,1438.0
root://dtn-eic.jlab.org//volatile/eic/EPIC/RECO/25.08.0/epic_craterlake/DIS/NC/5x41/minQ2=100/pythia8NCDIS_5x41_minQ2=100_beamEffects_xAngle=-0.025_hiDiv_2.0119.eicrecon.edm4eic.root,1438.0
root://dtn-eic.jlab.org//volatile/eic/EPIC/RECO/25.08.0/epic_craterlake/DIS/NC/5x41/minQ2=100/pythia8NCDIS_5x41_minQ2=100_beamEffects_xAngle=-0.025_hiDiv_2.0120.eicrecon.edm4eic.root,1438.0
root://dtn-eic.jlab.org//volatile/eic/EPIC/RECO/25.08.0/epic_craterlake/DIS/NC/5x41/minQ2=100/pythia8NCDIS_5x41_minQ2=100_beamEffects_xAngle=-0.025_hiDiv_2.0121.eicrecon.edm4eic.root,1438.0
root://dtn-eic.jlab.org//volatile/eic/EPIC/RECO/25.08.0/epic_craterlake/DIS/NC/5x41/minQ2=100/pythia8NCDIS_5x41_minQ2=100_beamEffects_xAngle=-0.025_hiDiv_2.0122.eicrecon.edm4eic.root,1438.0
root://dtn-eic.jlab.org//volatile/eic/EPIC/RECO/25.08.0/epic_craterlake/DIS/NC/5x41/minQ2=100/pythia8NCDIS_5x41_minQ2=100_beamEffects_xAngle=-0.025_hiDiv_2.0123.eicrecon.edm4eic.root,1438.0
root://dtn-eic.jlab.org//volatile/eic/EPIC/RECO/25.08.0/epic_craterlake/DIS/NC/5x41/minQ2=100/pythia8NCDIS_5x41_minQ2=100_beamEffects_xAngle=-0.025_hiDiv_2.0124.eicrecon.edm4eic.root,1438.0
root://dtn-eic.jlab.org//volatile/eic/EPIC/RECO/25.08.0/epic_craterlake/DIS/NC/5x41/minQ2=100/pythia8NCDIS_5x41_minQ2=100_beamEffects_xAngle=-0.025_hiDiv_2.0125.eicrecon.edm4eic.root,1438.0
root://dtn-eic.jlab.org//volatile/eic/EPIC/RECO/25.08.0/epic_craterlake/DIS/NC/5x41/minQ2=100/pythia8NCDIS_5x41_minQ2=100_beamEffects_xAngle=-0.025_hiDiv_2.0126.eicrecon.edm4eic.root,1438.0
root://dtn-eic.jlab.org//volatile/eic/EPIC/RECO/25.08.0/epic_craterlake/DIS/NC/5x41/minQ2=100/pythia8NCDIS_5x41_minQ2=100_beamEffects_xAngle=-0.025_hiDiv_2.0127.eicrecon.edm4eic.root,1438.0
root://dtn-eic.jlab.org//volatile/eic/EPIC/RECO/25.08.0/epic_craterlake/DIS/NC/5x41/minQ2=100/pythia8NCDIS_5x41_minQ2=100_beamEffects_xAngle=-0.025_hiDiv_2.0128.eicrecon.edm4eic.root,1438.0
root://dtn-eic.jlab.org//volatile/eic/EPIC/RECO/25.08.0/epic_craterlake/DIS/NC/5x41/minQ2=100/pythia8NCDIS_5x41_minQ2=100_beamEffects_xAngle=-0.025_hiDiv_2.0129.eicrecon.edm4eic.root,1438.0
root://dtn-eic.jlab.org//volatile/eic/EPIC/RECO/25.08.0/epic_craterlake/DIS/NC/5x41/minQ2=100/pythia8NCDIS_5x41_minQ2=100_beamEffects_xAngle=-0.025_hiDiv_2.0130.eicrecon.edm4eic.root,1438.0
root://dtn-eic.jlab.org//volatile/eic/EPIC/RECO/25.08.0/epic_craterlake/DIS/NC/5x41/minQ2=100/pythia8NCDIS_5x41_minQ2=100_beamEffects_xAngle=-0.025_hiDiv_2.0131.eicrecon.edm4eic.root,1438.0
root://dtn-eic.jlab.org//volatile/eic/EPIC/RECO/25.08.0/epic_craterlake/DIS/NC/5x41/minQ2=100/pythia8NCDIS_5x41_minQ2=100_beamEffects_xAngle=-0.025_hiDiv_2.0132.eicrecon.edm4eic.root,1438.0
root://dtn-eic.jlab.org//volatile/eic/EPIC/RECO/25.08.0/epic_craterlake/DIS/NC/5x41/minQ2=100/pythia8NCDIS_5x41_minQ2=100_beamEffects_xAngle=-0.025_hiDiv_2.0133.eicrecon.edm4eic.root,1438.0
root://dtn-eic.jlab.org//volatile/eic/EPIC/RECO/25.08.0/epic_craterlake/DIS/NC/5x41/minQ2=100/pythia8NCDIS_5x41_minQ2=100_beamEffects_xAngle=-0.025_hiDiv_2.0134.eicrecon.edm4eic.root,1438.0
root://dtn-eic.jlab.org//volatile/eic/EPIC/RECO/25.08.0/epic_craterlake/DIS/NC/5x41/minQ2=100/pythia8NCDIS_5x41_minQ2=100_beamEffects_xAngle=-0.025_hiDiv_2.0135.eicrecon.edm4eic.root,1438.0
root://dtn-eic.jlab.org//volatile/eic/EPIC/RECO/25.08.0/epic_craterlake/DIS/NC/5x41/minQ2=100/pythia8NCDIS_5x41_minQ2=100_beamEffects_xAngle=-0.025_hiDiv_2.0136.eicrecon.edm4eic.root,1438.0
root://dtn-eic.jlab.org//volatile/eic/EPIC/RECO/25.08.0/epic_craterlake/DIS/NC/5x41/minQ2=100/pythia8NCDIS_5x41_minQ2=100_beamEffects_xAngle=-0.025_hiDiv_2.0137.eicrecon.edm4eic.root,1438.0
root://dtn-eic.jlab.org//volatile/eic/EPIC/RECO/25.08.0/epic_craterlake/DIS/NC/5x41/minQ2=100/pythia8NCDIS_5x41_minQ2=100_beamEffects_xAngle=-0.025_hiDiv_2.0138.eicrecon.edm4eic.root,1438.0
root://dtn-eic.jlab.org//volatile/eic/EPIC/RECO/25.08.0/epic_craterlake/DIS/NC/5x41/minQ2=100/pythia8NCDIS_5x41_minQ2=100_beamEffects_xAngle=-0.025_hiDiv_2.0139.eicrecon.edm4eic.root,1438.0
root://dtn-eic.jlab.org//volatile/eic/EPIC/RECO/25.08.0/epic_craterlake/DIS/NC/5x41/minQ2=100/pythia8NCDIS_5x41_minQ2=100_beamEffects_xAngle=-0.025_hiDiv_2.0140.eicrecon.edm4eic.root,1438.0
root://dtn-eic.jlab.org//volatile/eic/EPIC/RECO/25.08.0/epic_craterlake/DIS/NC/5x41/minQ2=100/pythia8NCDIS_5x41_minQ2=100_beamEffects_xAngle=-0.025_hiDiv_2.0141.eicrecon.edm4eic.root,1438.0
root://dtn-eic.jlab.org//volatile/eic/EPIC/RECO/25.08.0/epic_craterlake/DIS/NC/5x41/minQ2=100/pythia8NCDIS_5x41_minQ2=100_beamEffects_xAngle=-0.025_hiDiv_2.0142.eicrecon.edm4eic.root,1438.0
root://dtn-eic.jlab.org//volatile/eic/EPIC/RECO/25.08.0/epic_craterlake/DIS/NC/5x41/minQ2=100/pythia8NCDIS_5x41_minQ2=100_beamEffects_xAngle=-0.025_hiDiv_2.0143.eicrecon.edm4eic.root,1438.0
root://dtn-eic.jlab.org//volatile/eic/EPIC/RECO/25.08.0/epic_craterlake/DIS/NC/5x41/minQ2=100/pythia8NCDIS_5x41_minQ2=100_beamEffects_xAngle=-0.025_hiDiv_2.0144.eicrecon.edm4eic.root,1438.0
root://dtn-eic.jlab.org//volatile/eic/EPIC/RECO/25.08.0/epic_craterlake/DIS/NC/5x41/minQ2=100/pythia8NCDIS_5x41_minQ2=100_beamEffects_xAngle=-0.025_hiDiv_2.0145.eicrecon.edm4eic.root,1438.0
root://dtn-eic.jlab.org//volatile/eic/EPIC/RECO/25.08.0/epic_craterlake/DIS/NC/5x41/minQ2=100/pythia8NCDIS_5x41_minQ2=100_beamEffects_xAngle=-0.025_hiDiv_2.0146.eicrecon.edm4eic.root,1438.0
root://dtn-eic.jlab.org//volatile/eic/EPIC/RECO/25.08.0/epic_craterlake/DIS/NC/5x41/minQ2=100/pythia8NCDIS_5x41_minQ2=100_beamEffects_xAngle=-0.025_hiDiv_2.0147.eicrecon.edm4eic.root,1438.0
root://dtn-eic.jlab.org//volatile/eic/EPIC/RECO/25.08.0/epic_craterlake/DIS/NC/5x41/minQ2=100/pythia8NCDIS_5x41_minQ2=100_beamEffects_xAngle=-0.025_hiDiv_2.0148.eicrecon.edm4eic.root,1438.0
root://dtn-eic.jlab.org//volatile/eic/EPIC/RECO/25.08.0/epic_craterlake/DIS/NC/5x41/minQ2=100/pythia8NCDIS_5x41_minQ2=100_beamEffects_xAngle=-0.025_hiDiv_2.0149.eicrecon.edm4eic.root,1438.0
root://dtn-eic.jlab.org//volatile/eic/EPIC/RECO/25.08.0/epic_craterlake/DIS/NC/5x41/minQ2=100/pythia8NCDIS_5x41_minQ2=100_beamEffects_xAngle=-0.025_hiDiv_2.0150.eicrecon.edm4eic.root,1438.0
root://dtn-eic.jlab.org//volatile/eic/EPIC/RECO/25.08.0/epic_craterlake/DIS/NC/5x41/minQ2=100/pythia8NCDIS_5x41_minQ2=100_beamEffects_xAngle=-0.025_hiDiv_2.0151.eicrecon.edm4eic.root,1438.0
root://dtn-eic.jlab.org//volatile/eic/EPIC/RECO/25.08.0/epic_craterlake/DIS/NC/5x41/minQ2=100/pythia8NCDIS_5x41_minQ2=100_beamEffects_xAngle=-0.025_hiDiv_2.0152.eicrecon.edm4eic.root,1438.0
root://dtn-eic.jlab.org//volatile/eic/EPIC/RECO/25.08.0/epic_craterlake/DIS/NC/5x41/minQ2=100/pythia8NCDIS_5x41_minQ2=100_beamEffects_xAngle=-0.025_hiDiv_2.0153.eicrecon.edm4eic.root,1438.0
root://dtn-eic.jlab.org//volatile/eic/EPIC/RECO/25.08.0/epic_craterlake/DIS/NC/5x41/minQ2=100/pythia8NCDIS_5x41_minQ2=100_beamEffects_xAngle=-0.025_hiDiv_2.0154.eicrecon.edm4eic.root,1438.0
root://dtn-eic.jlab.org//volatile/eic/EPIC/RECO/25.08.0/epic_craterlake/DIS/NC/5x41/minQ2=100/pythia8NCDIS_5x41_minQ2=100_beamEffects_xAngle=-0.025_hiDiv_2.0155.eicrecon.edm4eic.root,1438.0
root://dtn-eic.jlab.org//volatile/eic/EPIC/RECO/25.08.0/epic_craterlake/DIS/NC/5x41/minQ2=100/pythia8NCDIS_5x41_minQ2=100_beamEffects_xAngle=-0.025_hiDiv_2.0156.eicrecon.edm4eic.root,1438.0
root://dtn-eic.jlab.org//volatile/eic/EPIC/RECO/25.08.0/epic_craterlake/DIS/NC/5x41/minQ2=100/pythia8NCDIS_5x41_minQ2=100_beamEffects_xAngle=-0.025_hiDiv_2.0157.eicrecon.edm4eic.root,1438.0
root://dtn-eic.jlab.org//volatile/eic/EPIC/RECO/25.08.0/epic_craterlake/DIS/NC/5x41/minQ2=100/pythia8NCDIS_5x41_minQ2=100_beamEffects_xAngle=-0.025_hiDiv_2.0158.eicrecon.edm4eic.root,1438.0
root://dtn-eic.jlab.org//volatile/eic/EPIC/RECO/25.08.0/epic_craterlake/DIS/NC/5x41/minQ2=100/pythia8NCDIS_5x41_minQ2=100_beamEffects_xAngle=-0.025_hiDiv_2.0159.eicrecon.edm4eic.root,1438.0
root://dtn-eic.jlab.org//volatile/eic/EPIC/RECO/25.08.0/epic_craterlake/DIS/NC/5x41/minQ2=100/pythia8NCDIS_5x41_minQ2=100_beamEffects_xAngle=-0.025_hiDiv_2.0160.eicrecon.edm4eic.root,1438.0
root://dtn-eic.jlab.org//volatile/eic/EPIC/RECO/25.08.0/epic_craterlake/DIS/NC/5x41/minQ2=100/pythia8NCDIS_5x41_minQ2=100_beamEffects_xAngle=-0.025_hiDiv_2.0161.eicrecon.edm4eic.root,1438.0
root://dtn-eic.jlab.org//volatile/eic/EPIC/RECO/25.08.0/epic_craterlake/DIS/NC/5x41/minQ2=100/pythia8NCDIS_5x41_minQ2=100_beamEffects_xAngle=-0.025_hiDiv_2.0162.eicrecon.edm4eic.root,1438.0
root://dtn-eic.jlab.org//volatile/eic/EPIC/RECO/25.08.0/epic_craterlake/DIS/NC/5x41/minQ2=100/pythia8NCDIS_5x41_minQ2=100_beamEffects_xAngle=-0.025_hiDiv_2.0163.eicrecon.edm4eic.root,1438.0
root://dtn-eic.jlab.org//volatile/eic/EPIC/RECO/25.08.0/epic_craterlake/DIS/NC/5x41/minQ2=100/pythia8NCDIS_5x41_minQ2=100_beamEffects_xAngle=-0.025_hiDiv_2.0164.eicrecon.edm4eic.root,1438.0
root://dtn-eic.jlab.org//volatile/eic/EPIC/RECO/25.08.0/epic_craterlake/DIS/NC/5x41/minQ2=100/pythia8NCDIS_5x41_minQ2=100_beamEffects_xAngle=-0.025_hiDiv_2.0165.eicrecon.edm4eic.root,1438.0
root://dtn-eic.jlab.org//volatile/eic/EPIC/RECO/25.08.0/epic_craterlake/DIS/NC/5x41/minQ2=100/pythia8NCDIS_5x41_minQ2=100_beamEffects_xAngle=-0.025_hiDiv_2.0166.eicrecon.edm4eic.root,1438.0
root://dtn-eic.jlab.org//volatile/eic/EPIC/RECO/25.08.0/epic_craterlake/DIS/NC/5x41/minQ2=100/pythia8NCDIS_5x41_minQ2=100_beamEffects_xAngle=-0.025_hiDiv_2.0167.eicrecon.edm4eic.root,1438.0
root://dtn-eic.jlab.org//volatile/eic/EPIC/RECO/25.08.0/epic_craterlake/DIS/NC/5x41/minQ2=100/pythia8NCDIS_5x41_minQ2=100_beamEffects_xAngle=-0.025_hiDiv_2.0168.eicrecon.edm4eic.root,1438.0
root://dtn-eic.jlab.org//volatile/eic/EPIC/RECO/25.08.0/epic_craterlake/DIS/NC/5x41/minQ2=100/pythia8NCDIS_5x41_minQ2=100_beamEffects_xAngle=-0.025_hiDiv_2.0169.eicrecon.edm4eic.root,1438.0
root://dtn-eic.jlab.org//volatile/eic/EPIC/RECO/25.08.0/epic_craterlake/DIS/NC/5x41/minQ2=100/pythia8NCDIS_5x41_minQ2=100_beamEffects_xAngle=-0.025_hiDiv_2.0170.eicrecon.edm4eic.root,1438.0
root://dtn-eic.jlab.org//volatile/eic/EPIC/RECO/25.08.0/epic_craterlake/DIS/NC/5x41/minQ2=100/pythia8NCDIS_5x41_minQ2=100_beamEffects_xAngle=-0.025_hiDiv_2.0171.eicrecon.edm4eic.root,1438.0
root://dtn-eic.jlab.org//volatile/eic/EPIC/RECO/25.08.0/epic_craterlake/DIS/NC/5x41/minQ2=100/pythia8NCDIS_5x41_minQ2=100_beamEffects_xAngle=-0.025_hiDiv_2.0172.eicrecon.edm4eic.root,1438.0
root://dtn-eic.jlab.org//volatile/eic/EPIC/RECO/25.08.0/epic_craterlake/DIS/NC/5x41/minQ2=100/pythia8NCDIS_5x41_minQ2=100_beamEffects_xAngle=-0.025_hiDiv_2.0173.eicrecon.edm4eic.root,1438.0
root://dtn-eic.jlab.org//volatile/eic/EPIC/RECO/25.08.0/epic_craterlake/DIS/NC/5x41/minQ2=100/pythia8NCDIS_5x41_minQ2=100_beamEffects_xAngle=-0.025_hiDiv_2.0174.eicrecon.edm4eic.root,1438.0
root://dtn-eic.jlab.org//volatile/eic/EPIC/RECO/25.08.0/epic_craterlake/DIS/NC/5x41/minQ2=100/pythia8NCDIS_5x41_minQ2=100_beamEffects_xAngle=-0.025_hiDiv_2.0175.eicrecon.edm4eic.root,1438.0
root://dtn-eic.jlab.org//volatile/eic/EPIC/RECO/25.08.0/epic_craterlake/DIS/NC/5x41/minQ2=100/pythia8NCDIS_5x41_minQ2=100_beamEffects_xAngle=-0.025_hiDiv_2.0176.eicrecon.edm4eic.root,1438.0
root://dtn-eic.jlab.org//volatile/eic/EPIC/RECO/25.08.0/epic_craterlake/DIS/NC/5x41/minQ2=100/pythia8NCDIS_5x41_minQ2=100_beamEffects_xAngle=-0.025_hiDiv_2.0177.eicrecon.edm4eic.root,1438.0
root://dtn-eic.jlab.org//volatile/eic/EPIC/RECO/25.08.0/epic_craterlake/DIS/NC/5x41/minQ2=100/pythia8NCDIS_5x41_minQ2=100_beamEffects_xAngle=-0.025_hiDiv_2.0178.eicrecon.edm4eic.root,1438.0
root://dtn-eic.jlab.org//volatile/eic/EPIC/RECO/25.08.0/epic_craterlake/DIS/NC/5x41/minQ2=100/pythia8NCDIS_5x41_minQ2=100_beamEffects_xAngle=-0.025_hiDiv_2.0179.eicrecon.edm4eic.root,1438.0
root://dtn-eic.jlab.org//volatile/eic/EPIC/RECO/25.08.0/epic_craterlake/DIS/NC/5x41/minQ2=100/pythia8NCDIS_5x41_minQ2=100_beamEffects_xAngle=-0.025_hiDiv_2.0180.eicrecon.edm4eic.root,1438.0
root://dtn-eic.jlab.org//volatile/eic/EPIC/RECO/25.08.0/epic_craterlake/DIS/NC/5x41/minQ2=100/pythia8NCDIS_5x41_minQ2=100_beamEffects_xAngle=-0.025_hiDiv_2.0181.eicrecon.edm4eic.root,1438.0
root://dtn-eic.jlab.org//volatile/eic/EPIC/RECO/25.08.0/epic_craterlake/DIS/NC/5x41/minQ2=100/pythia8NCDIS_5x41_minQ2=100_beamEffects_xAngle=-0.025_hiDiv_2.0182.eicrecon.edm4eic.root,1438.0
root://dtn-eic.jlab.org//volatile/eic/EPIC/RECO/25.08.0/epic_craterlake/DIS/NC/5x41/minQ2=100/pythia8NCDIS_5x41_minQ2=100_beamEffects_xAngle=-0.025_hiDiv_2.0183.eicrecon.edm4eic.root,1438.0
root://dtn-eic.jlab.org//volatile/eic/EPIC/RECO/25.08.0/epic_craterlake/DIS/NC/5x41/minQ2=100/pythia8NCDIS_5x41_minQ2=100_beamEffects_xAngle=-0.025_hiDiv_2.0184.eicrecon.edm4eic.root,1438.0
root://dtn-eic.jlab.org//volatile/eic/EPIC/RECO/25.08.0/epic_craterlake/DIS/NC/5x41/minQ2=100/pythia8NCDIS_5x41_minQ2=100_beamEffects_xAngle=-0.025_hiDiv_2.0185.eicrecon.edm4eic.root,1438.0
root://dtn-eic.jlab.org//volatile/eic/EPIC/RECO/25.08.0/epic_craterlake/DIS/NC/5x41/minQ2=100/pythia8NCDIS_5x41_minQ2=100_beamEffects_xAngle=-0.025_hiDiv_2.0186.eicrecon.edm4eic.root,1438.0
root://dtn-eic.jlab.org//volatile/eic/EPIC/RECO/25.08.0/epic_craterlake/DIS/NC/5x41/minQ2=100/pythia8NCDIS_5x41_minQ2=100_beamEffects_xAngle=-0.025_hiDiv_2.0187.eicrecon.edm4eic.root,1438.0
root://dtn-eic.jlab.org//volatile/eic/EPIC/RECO/25.08.0/epic_craterlake/DIS/NC/5x41/minQ2=100/pythia8NCDIS_5x41_minQ2=100_beamEffects_xAngle=-0.025_hiDiv_2.0188.eicrecon.edm4eic.root,1438.0
root://dtn-eic.jlab.org//volatile/eic/EPIC/RECO/25.08.0/epic_craterlake/DIS/NC/5x41/minQ2=100/pythia8NCDIS_5x41_minQ2=100_beamEffects_xAngle=-0.025_hiDiv_2.0189.eicrecon.edm4eic.root,1438.0
root://dtn-eic.jlab.org//volatile/eic/EPIC/RECO/25.08.0/epic_craterlake/DIS/NC/5x41/minQ2=100/pythia8NCDIS_5x41_minQ2=100_beamEffects_xAngle=-0.025_hiDiv_2.0190.eicrecon.edm4eic.root,1438.0
root://dtn-eic.jlab.org//volatile/eic/EPIC/RECO/25.08.0/epic_craterlake/DIS/NC/5x41/minQ2=100/pythia8NCDIS_5x41_minQ2=100_beamEffects_xAngle=-0.025_hiDiv_2.0191.eicrecon.edm4eic.root,1438.0
root://dtn-eic.jlab.org//volatile/eic/EPIC/RECO/25.08.0/epic_craterlake/DIS/NC/5x41/minQ2=100/pythia8NCDIS_5x41_minQ2=100_beamEffects_xAngle=-0.025_hiDiv_2.0192.eicrecon.edm4eic.root,1438.0
root://dtn-eic.jlab.org//volatile/eic/EPIC/RECO/25.08.0/epic_craterlake/DIS/NC/5x41/minQ2=100/pythia8NCDIS_5x41_minQ2=100_beamEffects_xAngle=-0.025_hiDiv_2.0193.eicrecon.edm4eic.root,1438.0
root://dtn-eic.jlab.org//volatile/eic/EPIC/RECO/25.08.0/epic_craterlake/DIS/NC/5x41/minQ2=100/pythia8NCDIS_5x41_minQ2=100_beamEffects_xAngle=-0.025_hiDiv_2.0194.eicrecon.edm4eic.root,1438.0
root://dtn-eic.jlab.org//volatile/eic/EPIC/RECO/25.08.0/epic_craterlake/DIS/NC/5x41/minQ2=100/pythia8NCDIS_5x41_minQ2=100_beamEffects_xAngle=-0.025_hiDiv_2.0195.eicrecon.edm4eic.root,1438.0
root://dtn-eic.jlab.org//volatile/eic/EPIC/RECO/25.08.0/epic_craterlake/DIS/NC/5x41/minQ2=100/pythia8NCDIS_5x41_minQ2=100_beamEffects_xAngle=-0.025_hiDiv_2.0196.eicrecon.edm4eic.root,1438.0
root://dtn-eic.jlab.org//volatile/eic/EPIC/RECO/25.08.0/epic_craterlake/DIS/NC/5x41/minQ2=100/pythia8NCDIS_5x41_minQ2=100_beamEffects_xAngle=-0.025_hiDiv_2.0197.eicrecon.edm4eic.root,1438.0
root://dtn-eic.jlab.org//volatile/eic/EPIC/RECO/25.08.0/epic_craterlake/DIS/NC/5x41/minQ2=100/pythia8NCDIS_5x41_minQ2=100_beamEffects_xAngle=-0.025_hiDiv_2.0198.eicrecon.edm4eic.root,1438.0
root://dtn-eic.jlab.org//volatile/eic/EPIC/RECO/25.08.0/epic_craterlake/DIS/NC/5x41/minQ2=100/pythia8NCDIS_5x41_minQ2=100_beamEffects_xAngle=-0.025_hiDiv_2.0199.eicrecon.edm4eic.root,1438.0
root://dtn-eic.jlab.org//volatile/eic/EPIC/RECO/25.08.0/epic_craterlake/DIS/NC/5x41/minQ2=100/pythia8NCDIS_5x41_minQ2=100_beamEffects_xAngle=-0.025_hiDiv_2.0200.eicrecon.edm4eic.root,1438.0
root://dtn-eic.jlab.org//volatile/eic/EPIC/RECO/25.08.0/epic_craterlake/DIS/NC/5x41/minQ2=100/pythia8NCDIS_5x41_minQ2=100_beamEffects_xAngle=-0.025_hiDiv_2.0201.eicrecon.edm4eic.root,1438.0
root://dtn-eic.jlab.org//volatile/eic/EPIC/RECO/25.08.0/epic_craterlake/DIS/NC/5x41/minQ2=100/pythia8NCDIS_5x41_minQ2=100_beamEffects_xAngle=-0.025_hiDiv_2.0202.eicrecon.edm4eic.root,1438.0
root://dtn-eic.jlab.org//volatile/eic/EPIC/RECO/25.08.0/epic_craterlake/DIS/NC/5x41/minQ2=100/pythia8NCDIS_5x41_minQ2=100_beamEffects_xAngle=-0.025_hiDiv_2.0203.eicrecon.edm4eic.root,1438.0
root://dtn-eic.jlab.org//volatile/eic/EPIC/RECO/25.08.0/epic_craterlake/DIS/NC/5x41/minQ2=100/pythia8NCDIS_5x41_minQ2=100_beamEffects_xAngle=-0.025_hiDiv_2.0204.eicrecon.edm4eic.root,1438.0
root://dtn-eic.jlab.org//volatile/eic/EPIC/RECO/25.08.0/epic_craterlake/DIS/NC/5x41/minQ2=100/pythia8NCDIS_5x41_minQ2=100_beamEffects_xAngle=-0.025_hiDiv_2.0205.eicrecon.edm4eic.root,1438.0
root://dtn-eic.jlab.org//volatile/eic/EPIC/RECO/25.08.0/epic_craterlake/DIS/NC/5x41/minQ2=100/pythia8NCDIS_5x41_minQ2=100_beamEffects_xAngle=-0.025_hiDiv_2.0206.eicrecon.edm4eic.root,1438.0
root://dtn-eic.jlab.org//volatile/eic/EPIC/RECO/25.08.0/epic_craterlake/DIS/NC/5x41/minQ2=100/pythia8NCDIS_5x41_minQ2=100_beamEffects_xAngle=-0.025_hiDiv_2.0207.eicrecon.edm4eic.root,1438.0
root://dtn-eic.jlab.org//volatile/eic/EPIC/RECO/25.08.0/epic_craterlake/DIS/NC/5x41/minQ2=100/pythia8NCDIS_5x41_minQ2=100_beamEffects_xAngle=-0.025_hiDiv_2.0208.eicrecon.edm4eic.root,1438.0
root://dtn-eic.jlab.org//volatile/eic/EPIC/RECO/25.08.0/epic_craterlake/DIS/NC/5x41/minQ2=100/pythia8NCDIS_5x41_minQ2=100_beamEffects_xAngle=-0.025_hiDiv_2.0209.eicrecon.edm4eic.root,1438.0
root://dtn-eic.jlab.org//volatile/eic/EPIC/RECO/25.08.0/epic_craterlake/DIS/NC/5x41/minQ2=100/pythia8NCDIS_5x41_minQ2=100_beamEffects_xAngle=-0.025_hiDiv_2.0210.eicrecon.edm4eic.root,1438.0
root://dtn-eic.jlab.org//volatile/eic/EPIC/RECO/25.08.0/epic_craterlake/DIS/NC/5x41/minQ2=100/pythia8NCDIS_5x41_minQ2=100_beamEffects_xAngle=-0.025_hiDiv_2.0211.eicrecon.edm4eic.root,1438.0
root://dtn-eic.jlab.org//volatile/eic/EPIC/RECO/25.08.0/epic_craterlake/DIS/NC/5x41/minQ2=100/pythia8NCDIS_5x41_minQ2=100_beamEffects_xAngle=-0.025_hiDiv_2.0212.eicrecon.edm4eic.root,1438.0
root://dtn-eic.jlab.org//volatile/eic/EPIC/RECO/25.08.0/epic_craterlake/DIS/NC/5x41/minQ2=100/pythia8NCDIS_5x41_minQ2=100_beamEffects_xAngle=-0.025_hiDiv_2.0213.eicrecon.edm4eic.root,1438.0
root://dtn-eic.jlab.org//volatile/eic/EPIC/RECO/25.08.0/epic_craterlake/DIS/NC/5x41/minQ2=100/pythia8NCDIS_5x41_minQ2=100_beamEffects_xAngle=-0.025_hiDiv_2.0214.eicrecon.edm4eic.root,1438.0
root://dtn-eic.jlab.org//volatile/eic/EPIC/RECO/25.08.0/epic_craterlake/DIS/NC/5x41/minQ2=100/pythia8NCDIS_5x41_minQ2=100_beamEffects_xAngle=-0.025_hiDiv_2.0215.eicrecon.edm4eic.root,1438.0
root://dtn-eic.jlab.org//volatile/eic/EPIC/RECO/25.08.0/epic_craterlake/DIS/NC/5x41/minQ2=100/pythia8NCDIS_5x41_minQ2=100_beamEffects_xAngle=-0.025_hiDiv_2.0216.eicrecon.edm4eic.root,1438.0
root://dtn-eic.jlab.org//volatile/eic/EPIC/RECO/25.08.0/epic_craterlake/DIS/NC/5x41/minQ2=100/pythia8NCDIS_5x41_minQ2=100_beamEffects_xAngle=-0.025_hiDiv_2.0217.eicrecon.edm4eic.root,1438.0
root://dtn-eic.jlab.org//volatile/eic/EPIC/RECO/25.08.0/epic_craterlake/DIS/NC/5x41/minQ2=100/pythia8NCDIS_5x41_minQ2=100_beamEffects_xAngle=-0.025_hiDiv_2.0218.eicrecon.edm4eic.root,1438.0
root://dtn-eic.jlab.org//volatile/eic/EPIC/RECO/25.08.0/epic_craterlake/DIS/NC/5x41/minQ2=100/pythia8NCDIS_5x41_minQ2=100_beamEffects_xAngle=-0.025_hiDiv_2.0219.eicrecon.edm4eic.root,1438.0
root://dtn-eic.jlab.org//volatile/eic/EPIC/RECO/25.08.0/epic_craterlake/DIS/NC/5x41/minQ2=100/pythia8NCDIS_5x41_minQ2=100_beamEffects_xAngle=-0.025_hiDiv_2.0220.eicrecon.edm4eic.root,1438.0
root://dtn-eic.jlab.org//volatile/eic/EPIC/RECO/25.08.0/epic_craterlake/DIS/NC/5x41/minQ2=100/pythia8NCDIS_5x41_minQ2=100_beamEffects_xAngle=-0.025_hiDiv_2.0221.eicrecon.edm4eic.root,1438.0
root://dtn-eic.jlab.org//volatile/eic/EPIC/RECO/25.08.0/epic_craterlake/DIS/NC/5x41/minQ2=100/pythia8NCDIS_5x41_minQ2=100_beamEffects_xAngle=-0.025_hiDiv_2.0222.eicrecon.edm4eic.root,1438.0
root://dtn-eic.jlab.org//volatile/eic/EPIC/RECO/25.08.0/epic_craterlake/DIS/NC/5x41/minQ2=100/pythia8NCDIS_5x41_minQ2=100_beamEffects_xAngle=-0.025_hiDiv_2.0223.eicrecon.edm4eic.root,1438.0
root://dtn-eic.jlab.org//volatile/eic/EPIC/RECO/25.08.0/epic_craterlake/DIS/NC/5x41/minQ2=100/pythia8NCDIS_5x41_minQ2=100_beamEffects_xAngle=-0.025_hiDiv_2.0224.eicrecon.edm4eic.root,1438.0
root://dtn-eic.jlab.org//volatile/eic/EPIC/RECO/25.08.0/epic_craterlake/DIS/NC/5x41/minQ2=100/pythia8NCDIS_5x41_minQ2=100_beamEffects_xAngle=-0.025_hiDiv_2.0225.eicrecon.edm4eic.root,1438.0
root://dtn-eic.jlab.org//volatile/eic/EPIC/RECO/25.08.0/epic_craterlake/DIS/NC/5x41/minQ2=100/pythia8NCDIS_5x41_minQ2=100_beamEffects_xAngle=-0.025_hiDiv_2.0226.eicrecon.edm4eic.root,1438.0
root://dtn-eic.jlab.org//volatile/eic/EPIC/RECO/25.08.0/epic_craterlake/DIS/NC/5x41/minQ2=100/pythia8NCDIS_5x41_minQ2=100_beamEffects_xAngle=-0.025_hiDiv_2.0227.eicrecon.edm4eic.root,1438.0
root://dtn-eic.jlab.org//volatile/eic/EPIC/RECO/25.08.0/epic_craterlake/DIS/NC/5x41/minQ2=100/pythia8NCDIS_5x41_minQ2=100_beamEffects_xAngle=-0.025_hiDiv_2.0228.eicrecon.edm4eic.root,1438.0
root://dtn-eic.jlab.org//volatile/eic/EPIC/RECO/25.08.0/epic_craterlake/DIS/NC/5x41/minQ2=100/pythia8NCDIS_5x41_minQ2=100_beamEffects_xAngle=-0.025_hiDiv_2.0229.eicrecon.edm4eic.root,1438.0
root://dtn-eic.jlab.org//volatile/eic/EPIC/RECO/25.08.0/epic_craterlake/DIS/NC/5x41/minQ2=100/pythia8NCDIS_5x41_minQ2=100_beamEffects_xAngle=-0.025_hiDiv_2.0230.eicrecon.edm4eic.root,1438.0
root://dtn-eic.jlab.org//volatile/eic/EPIC/RECO/25.08.0/epic_craterlake/DIS/NC/5x41/minQ2=100/pythia8NCDIS_5x41_minQ2=100_beamEffects_xAngle=-0.025_hiDiv_2.0231.eicrecon.edm4eic.root,1438.0
root://dtn-eic.jlab.org//volatile/eic/EPIC/RECO/25.08.0/epic_craterlake/DIS/NC/5x41/minQ2=100/pythia8NCDIS_5x41_minQ2=100_beamEffects_xAngle=-0.025_hiDiv_2.0232.eicrecon.edm4eic.root,1438.0
root://dtn-eic.jlab.org//volatile/eic/EPIC/RECO/25.08.0/epic_craterlake/DIS/NC/5x41/minQ2=100/pythia8NCDIS_5x41_minQ2=100_beamEffects_xAngle=-0.025_hiDiv_2.0233.eicrecon.edm4eic.root,1438.0
root://dtn-eic.jlab.org//volatile/eic/EPIC/RECO/25.08.0/epic_craterlake/DIS/NC/5x41/minQ2=100/pythia8NCDIS_5x41_minQ2=100_beamEffects_xAngle=-0.025_hiDiv_2.0234.eicrecon.edm4eic.root,1438.0
root://dtn-eic.jlab.org//volatile/eic/EPIC/RECO/25.08.0/epic_craterlake/DIS/NC/5x41/minQ2=100/pythia8NCDIS_5x41_minQ2=100_beamEffects_xAngle=-0.025_hiDiv_2.0235.eicrecon.edm4eic.root,1438.0
root://dtn-eic.jlab.org//volatile/eic/EPIC/RECO/25.08.0/epic_craterlake/DIS/NC/5x41/minQ2=100/pythia8NCDIS_5x41_minQ2=100_beamEffects_xAngle=-0.025_hiDiv_2.0236.eicrecon.edm4eic.root,1438.0
root://dtn-eic.jlab.org//volatile/eic/EPIC/RECO/25.08.0/epic_craterlake/DIS/NC/5x41/minQ2=100/pythia8NCDIS_5x41_minQ2=100_beamEffects_xAngle=-0.025_hiDiv_2.0237.eicrecon.edm4eic.root,1438.0
root://dtn-eic.jlab.org//volatile/eic/EPIC/RECO/25.08.0/epic_craterlake/DIS/NC/5x41/minQ2=100/pythia8NCDIS_5x41_minQ2=100_beamEffects_xAngle=-0.025_hiDiv_2.0238.eicrecon.edm4eic.root,1438.0
root://dtn-eic.jlab.org//volatile/eic/EPIC/RECO/25.08.0/epic_craterlake/DIS/NC/5x41/minQ2=100/pythia8NCDIS_5x41_minQ2=100_beamEffects_xAngle=-0.025_hiDiv_2.0239.eicrecon.edm4eic.root,1438.0
root://dtn-eic.jlab.org//volatile/eic/EPIC/RECO/25.08.0/epic_craterlake/DIS/NC/5x41/minQ2=100/pythia8NCDIS_5x41_minQ2=100_beamEffects_xAngle=-0.025_hiDiv_2.0240.eicrecon.edm4eic.root,1438.0
root://dtn-eic.jlab.org//volatile/eic/EPIC/RECO/25.08.0/epic_craterlake/DIS/NC/5x41/minQ2=100/pythia8NCDIS_5x41_minQ2=100_beamEffects_xAngle=-0.025_hiDiv_2.0241.eicrecon.edm4eic.root,1438.0
root://dtn-eic.jlab.org//volatile/eic/EPIC/RECO/25.08.0/epic_craterlake/DIS/NC/5x41/minQ2=100/pythia8NCDIS_5x41_minQ2=100_beamEffects_xAngle=-0.025_hiDiv_2.0242.eicrecon.edm4eic.root,1438.0
root://dtn-eic.jlab.org//volatile/eic/EPIC/RECO/25.08.0/epic_craterlake/DIS/NC/5x41/minQ2=100/pythia8NCDIS_5x41_minQ2=100_beamEffects_xAngle=-0.025_hiDiv_2.0243.eicrecon.edm4eic.root,1438.0
root://dtn-eic.jlab.org//volatile/eic/EPIC/RECO/25.08.0/epic_craterlake/DIS/NC/5x41/minQ2=100/pythia8NCDIS_5x41_minQ2=100_beamEffects_xAngle=-0.025_hiDiv_2.0244.eicrecon.edm4eic.root,1438.0
root://dtn-eic.jlab.org//volatile/eic/EPIC/RECO/25.08.0/epic_craterlake/DIS/NC/5x41/minQ2=100/pythia8NCDIS_5x41_minQ2=100_beamEffects_xAngle=-0.025_hiDiv_2.0245.eicrecon.edm4eic.root,1438.0
root://dtn-eic.jlab.org//volatile/eic/EPIC/RECO/25.08.0/epic_craterlake/DIS/NC/5x41/minQ2=100/pythia8NCDIS_5x41_minQ2=100_beamEffects_xAngle=-0.025_hiDiv_2.0246.eicrecon.edm4eic.root,1438.0
root://dtn-eic.jlab.org//volatile/eic/EPIC/RECO/25.08.0/epic_craterlake/DIS/NC/5x41/minQ2=100/pythia8NCDIS_5x41_minQ2=100_beamEffects_xAngle=-0.025_hiDiv_2.0247.eicrecon.edm4eic.root,1438.0
root://dtn-eic.jlab.org//volatile/eic/EPIC/RECO/25.08.0/epic_craterlake/DIS/NC/5x41/minQ2=100/pythia8NCDIS_5x41_minQ2=100_beamEffects_xAngle=-0.025_hiDiv_2.0248.eicrecon.edm4eic.root,1438.0
root://dtn-eic.jlab.org//volatile/eic/EPIC/RECO/25.08.0/epic_craterlake/DIS/NC/5x41/minQ2=100/pythia8NCDIS_5x41_minQ2=100_beamEffects_xAngle=-0.025_hiDiv_2.0249.eicrecon.edm4eic.root,1438.0
root://dtn-eic.jlab.org//volatile/eic/EPIC/RECO/25.08.0/epic_craterlake/DIS/NC/5x41/minQ2=100/pythia8NCDIS_5x41_minQ2=100_beamEffects_xAngle=-0.025_hiDiv_2.0250.eicrecon.edm4eic.root,1438.0
root://dtn-eic.jlab.org//volatile/eic/EPIC/RECO/25.08.0/epic_craterlake/DIS/NC/5x41/minQ2=100/pythia8NCDIS_5x41_minQ2=100_beamEffects_xAngle=-0.025_hiDiv_2.0251.eicrecon.edm4eic.root,1438.0
root://dtn-eic.jlab.org//volatile/eic/EPIC/RECO/25.08.0/epic_craterlake/DIS/NC/5x41/minQ2=100/pythia8NCDIS_5x41_minQ2=100_beamEffects_xAngle=-0.025_hiDiv_2.0252.eicrecon.edm4eic.root,1438.0
root://dtn-eic.jlab.org//volatile/eic/EPIC/RECO/25.08.0/epic_craterlake/DIS/NC/5x41/minQ2=100/pythia8NCDIS_5x41_minQ2=100_beamEffects_xAngle=-0.025_hiDiv_2.0253.eicrecon.edm4eic.root,1438.0
root://dtn-eic.jlab.org//volatile/eic/EPIC/RECO/25.08.0/epic_craterlake/DIS/NC/5x41/minQ2=100/pythia8NCDIS_5x41_minQ2=100_beamEffects_xAngle=-0.025_hiDiv_2.0254.eicrecon.edm4eic.root,1438.0
root://dtn-eic.jlab.org//volatile/eic/EPIC/RECO/25.08.0/epic_craterlake/DIS/NC/5x41/minQ2=100/pythia8NCDIS_5x41_minQ2=100_beamEffects_xAngle=-0.025_hiDiv_2.0255.eicrecon.edm4eic.root,1438.0
root://dtn-eic.jlab.org//volatile/eic/EPIC/RECO/25.08.0/epic_craterlake/DIS/NC/5x41/minQ2=100/pythia8NCDIS_5x41_minQ2=100_beamEffects_xAngle=-0.025_hiDiv_2.0256.eicrecon.edm4eic.root,1438.0
root://dtn-eic.jlab.org//volatile/eic/EPIC/RECO/25.08.0/epic_craterlake/DIS/NC/5x41/minQ2=100/pythia8NCDIS_5x41_minQ2=100_beamEffects_xAngle=-0.025_hiDiv_2.0257.eicrecon.edm4eic.root,1438.0
root://dtn-eic.jlab.org//volatile/eic/EPIC/RECO/25.08.0/epic_craterlake/DIS/NC/5x41/minQ2=100/pythia8NCDIS_5x41_minQ2=100_beamEffects_xAngle=-0.025_hiDiv_2.0258.eicrecon.edm4eic.root,1438.0
root://dtn-eic.jlab.org//volatile/eic/EPIC/RECO/25.08.0/epic_craterlake/DIS/NC/5x41/minQ2=100/pythia8NCDIS_5x41_minQ2=100_beamEffects_xAngle=-0.025_hiDiv_2.0259.eicrecon.edm4eic.root,1438.0
root://dtn-eic.jlab.org//volatile/eic/EPIC/RECO/25.08.0/epic_craterlake/DIS/NC/5x41/minQ2=100/pythia8NCDIS_5x41_minQ2=100_beamEffects_xAngle=-0.025_hiDiv_2.0261.eicrecon.edm4eic.root,1438.0
root://dtn-eic.jlab.org//volatile/eic/EPIC/RECO/25.08.0/epic_craterlake/DIS/NC/5x41/minQ2=100/pythia8NCDIS_5x41_minQ2=100_beamEffects_xAngle=-0.025_hiDiv_2.0262.eicrecon.edm4eic.root,1438.0
root://dtn-eic.jlab.org//volatile/eic/EPIC/RECO/25.08.0/epic_craterlake/DIS/NC/5x41/minQ2=100/pythia8NCDIS_5x41_minQ2=100_beamEffects_xAngle=-0.025_hiDiv_2.0263.eicrecon.edm4eic.root,1438.0
root://dtn-eic.jlab.org//volatile/eic/EPIC/RECO/25.08.0/epic_craterlake/DIS/NC/5x41/minQ2=100/pythia8NCDIS_5x41_minQ2=100_beamEffects_xAngle=-0.025_hiDiv_2.0264.eicrecon.edm4eic.root,1438.0
root://dtn-eic.jlab.org//volatile/eic/EPIC/RECO/25.08.0/epic_craterlake/DIS/NC/5x41/minQ2=100/pythia8NCDIS_5x41_minQ2=100_beamEffects_xAngle=-0.025_hiDiv_2.0265.eicrecon.edm4eic.root,1438.0
root://dtn-eic.jlab.org//volatile/eic/EPIC/RECO/25.08.0/epic_craterlake/DIS/NC/5x41/minQ2=100/pythia8NCDIS_5x41_minQ2=100_beamEffects_xAngle=-0.025_hiDiv_2.0266.eicrecon.edm4eic.root,1438.0
root://dtn-eic.jlab.org//volatile/eic/EPIC/RECO/25.08.0/epic_craterlake/DIS/NC/5x41/minQ2=100/pythia8NCDIS_5x41_minQ2=100_beamEffects_xAngle=-0.025_hiDiv_2.0267.eicrecon.edm4eic.root,1438.0
root://dtn-eic.jlab.org//volatile/eic/EPIC/RECO/25.08.0/epic_craterlake/DIS/NC/5x41/minQ2=100/pythia8NCDIS_5x41_minQ2=100_beamEffects_xAngle=-0.025_hiDiv_2.0268.eicrecon.edm4eic.root,1438.0
root://dtn-eic.jlab.org//volatile/eic/EPIC/RECO/25.08.0/epic_craterlake/DIS/NC/5x41/minQ2=100/pythia8NCDIS_5x41_minQ2=100_beamEffects_xAngle=-0.025_hiDiv_2.0269.eicrecon.edm4eic.root,1438.0
root://dtn-eic.jlab.org//volatile/eic/EPIC/RECO/25.08.0/epic_craterlake/DIS/NC/5x41/minQ2=100/pythia8NCDIS_5x41_minQ2=100_beamEffects_xAngle=-0.025_hiDiv_2.0270.eicrecon.edm4eic.root,1438.0
root://dtn-eic.jlab.org//volatile/eic/EPIC/RECO/25.08.0/epic_craterlake/DIS/NC/5x41/minQ2=100/pythia8NCDIS_5x41_minQ2=100_beamEffects_xAngle=-0.025_hiDiv_2.0271.eicrecon.edm4eic.root,1438.0
root://dtn-eic.jlab.org//volatile/eic/EPIC/RECO/25.08.0/epic_craterlake/DIS/NC/5x41/minQ2=100/pythia8NCDIS_5x41_minQ2=100_beamEffects_xAngle=-0.025_hiDiv_2.0272.eicrecon.edm4eic.root,1438.0
root://dtn-eic.jlab.org//volatile/eic/EPIC/RECO/25.08.0/epic_craterlake/DIS/NC/5x41/minQ2=100/pythia8NCDIS_5x41_minQ2=100_beamEffects_xAngle=-0.025_hiDiv_2.0273.eicrecon.edm4eic.root,1438.0
root://dtn-eic.jlab.org//volatile/eic/EPIC/RECO/25.08.0/epic_craterlake/DIS/NC/5x41/minQ2=100/pythia8NCDIS_5x41_minQ2=100_beamEffects_xAngle=-0.025_hiDiv_2.0274.eicrecon.edm4eic.root,1438.0
root://dtn-eic.jlab.org//volatile/eic/EPIC/RECO/25.08.0/epic_craterlake/DIS/NC/5x41/minQ2=100/pythia8NCDIS_5x41_minQ2=100_beamEffects_xAngle=-0.025_hiDiv_2.0275.eicrecon.edm4eic.root,1438.0
root://dtn-eic.jlab.org//volatile/eic/EPIC/RECO/25.08.0/epic_craterlake/DIS/NC/5x41/minQ2=100/pythia8NCDIS_5x41_minQ2=100_beamEffects_xAngle=-0.025_hiDiv_2.0276.eicrecon.edm4eic.root,1438.0
root://dtn-eic.jlab.org//volatile/eic/EPIC/RECO/25.08.0/epic_craterlake/DIS/NC/5x41/minQ2=100/pythia8NCDIS_5x41_minQ2=100_beamEffects_xAngle=-0.025_hiDiv_2.0277.eicrecon.edm4eic.root,1438.0
root://dtn-eic.jlab.org//volatile/eic/EPIC/RECO/25.08.0/epic_craterlake/DIS/NC/5x41/minQ2=100/pythia8NCDIS_5x41_minQ2=100_beamEffects_xAngle=-0.025_hiDiv_2.0278.eicrecon.edm4eic.root,1438.0
root://dtn-eic.jlab.org//volatile/eic/EPIC/RECO/25.08.0/epic_craterlake/DIS/NC/5x41/minQ2=100/pythia8NCDIS_5x41_minQ2=100_beamEffects_xAngle=-0.025_hiDiv_2.0279.eicrecon.edm4eic.root,1438.0
root://dtn-eic.jlab.org//volatile/eic/EPIC/RECO/25.08.0/epic_craterlake/DIS/NC/5x41/minQ2=100/pythia8NCDIS_5x41_minQ2=100_beamEffects_xAngle=-0.025_hiDiv_2.0280.eicrecon.edm4eic.root,1438.0
root://dtn-eic.jlab.org//volatile/eic/EPIC/RECO/25.08.0/epic_craterlake/DIS/NC/5x41/minQ2=100/pythia8NCDIS_5x41_minQ2=100_beamEffects_xAngle=-0.025_hiDiv_2.0281.eicrecon.edm4eic.root,1438.0
root://dtn-eic.jlab.org//volatile/eic/EPIC/RECO/25.08.0/epic_craterlake/DIS/NC/5x41/minQ2=100/pythia8NCDIS_5x41_minQ2=100_beamEffects_xAngle=-0.025_hiDiv_2.0282.eicrecon.edm4eic.root,1438.0
root://dtn-eic.jlab.org//volatile/eic/EPIC/RECO/25.08.0/epic_craterlake/DIS/NC/5x41/minQ2=100/pythia8NCDIS_5x41_minQ2=100_beamEffects_xAngle=-0.025_hiDiv_2.0283.eicrecon.edm4eic.root,1438.0
root://dtn-eic.jlab.org//volatile/eic/EPIC/RECO/25.08.0/epic_craterlake/DIS/NC/5x41/minQ2=100/pythia8NCDIS_5x41_minQ2=100_beamEffects_xAngle=-0.025_hiDiv_2.0284.eicrecon.edm4eic.root,1438.0
root://dtn-eic.jlab.org//volatile/eic/EPIC/RECO/25.08.0/epic_craterlake/DIS/NC/5x41/minQ2=100/pythia8NCDIS_5x41_minQ2=100_beamEffects_xAngle=-0.025_hiDiv_2.0285.eicrecon.edm4eic.root,1438.0
root://dtn-eic.jlab.org//volatile/eic/EPIC/RECO/25.08.0/epic_craterlake/DIS/NC/5x41/minQ2=100/pythia8NCDIS_5x41_minQ2=100_beamEffects_xAngle=-0.025_hiDiv_2.0286.eicrecon.edm4eic.root,1438.0
root://dtn-eic.jlab.org//volatile/eic/EPIC/RECO/25.08.0/epic_craterlake/DIS/NC/5x41/minQ2=100/pythia8NCDIS_5x41_minQ2=100_beamEffects_xAngle=-0.025_hiDiv_2.0287.eicrecon.edm4eic.root,1438.0
root://dtn-eic.jlab.org//volatile/eic/EPIC/RECO/25.08.0/epic_craterlake/DIS/NC/5x41/minQ2=100/pythia8NCDIS_5x41_minQ2=100_beamEffects_xAngle=-0.025_hiDiv_2.0288.eicrecon.edm4eic.root,1438.0
root://dtn-eic.jlab.org//volatile/eic/EPIC/RECO/25.08.0/epic_craterlake/DIS/NC/5x41/minQ2=100/pythia8NCDIS_5x41_minQ2=100_beamEffects_xAngle=-0.025_hiDiv_2.0289.eicrecon.edm4eic.root,1438.0
root://dtn-eic.jlab.org//volatile/eic/EPIC/RECO/25.08.0/epic_craterlake/DIS/NC/5x41/minQ2=100/pythia8NCDIS_5x41_minQ2=100_beamEffects_xAngle=-0.025_hiDiv_2.0290.eicrecon.edm4eic.root,1438.0
root://dtn-eic.jlab.org//volatile/eic/EPIC/RECO/25.08.0/epic_craterlake/DIS/NC/5x41/minQ2=100/pythia8NCDIS_5x41_minQ2=100_beamEffects_xAngle=-0.025_hiDiv_2.0291.eicrecon.edm4eic.root,1438.0
root://dtn-eic.jlab.org//volatile/eic/EPIC/RECO/25.08.0/epic_craterlake/DIS/NC/5x41/minQ2=100/pythia8NCDIS_5x41_minQ2=100_beamEffects_xAngle=-0.025_hiDiv_2.0292.eicrecon.edm4eic.root,1438.0
root://dtn-eic.jlab.org//volatile/eic/EPIC/RECO/25.08.0/epic_craterlake/DIS/NC/5x41/minQ2=100/pythia8NCDIS_5x41_minQ2=100_beamEffects_xAngle=-0.025_hiDiv_2.0293.eicrecon.edm4eic.root,1438.0
root://dtn-eic.jlab.org//volatile/eic/EPIC/RECO/25.08.0/epic_craterlake/DIS/NC/5x41/minQ2=100/pythia8NCDIS_5x41_minQ2=100_beamEffects_xAngle=-0.025_hiDiv_2.0294.eicrecon.edm4eic.root,1438.0
root://dtn-eic.jlab.org//volatile/eic/EPIC/RECO/25.08.0/epic_craterlake/DIS/NC/5x41/minQ2=100/pythia8NCDIS_5x41_minQ2=100_beamEffects_xAngle=-0.025_hiDiv_2.0295.eicrecon.edm4eic.root,1438.0
root://dtn-eic.jlab.org//volatile/eic/EPIC/RECO/25.08.0/epic_craterlake/DIS/NC/5x41/minQ2=100/pythia8NCDIS_5x41_minQ2=100_beamEffects_xAngle=-0.025_hiDiv_2.0296.eicrecon.edm4eic.root,1438.0
root://dtn-eic.jlab.org//volatile/eic/EPIC/RECO/25.08.0/epic_craterlake/DIS/NC/5x41/minQ2=100/pythia8NCDIS_5x41_minQ2=100_beamEffects_xAngle=-0.025_hiDiv_2.0297.eicrecon.edm4eic.root,1438.0
root://dtn-eic.jlab.org//volatile/eic/EPIC/RECO/25.08.0/epic_craterlake/DIS/NC/5x41/minQ2=100/pythia8NCDIS_5x41_minQ2=100_beamEffects_xAngle=-0.025_hiDiv_2.0298.eicrecon.edm4eic.root,1438.0
root://dtn-eic.jlab.org//volatile/eic/EPIC/RECO/25.08.0/epic_craterlake/DIS/NC/5x41/minQ2=100/pythia8NCDIS_5x41_minQ2=100_beamEffects_xAngle=-0.025_hiDiv_2.0299.eicrecon.edm4eic.root,1438.0
root://dtn-eic.jlab.org//volatile/eic/EPIC/RECO/25.08.0/epic_craterlake/DIS/NC/5x41/minQ2=100/pythia8NCDIS_5x41_minQ2=100_beamEffects_xAngle=-0.025_hiDiv_2.0300.eicrecon.edm4eic.root,1438.0
root://dtn-eic.jlab.org//volatile/eic/EPIC/RECO/25.08.0/epic_craterlake/DIS/NC/5x41/minQ2=100/pythia8NCDIS_5x41_minQ2=100_beamEffects_xAngle=-0.025_hiDiv_2.0301.eicrecon.edm4eic.root,1438.0
root://dtn-eic.jlab.org//volatile/eic/EPIC/RECO/25.08.0/epic_craterlake/DIS/NC/5x41/minQ2=100/pythia8NCDIS_5x41_minQ2=100_beamEffects_xAngle=-0.025_hiDiv_2.0302.eicrecon.edm4eic.root,1438.0
root://dtn-eic.jlab.org//volatile/eic/EPIC/RECO/25.08.0/epic_craterlake/DIS/NC/5x41/minQ2=100/pythia8NCDIS_5x41_minQ2=100_beamEffects_xAngle=-0.025_hiDiv_2.0303.eicrecon.edm4eic.root,1438.0
root://dtn-eic.jlab.org//volatile/eic/EPIC/RECO/25.08.0/epic_craterlake/DIS/NC/5x41/minQ2=100/pythia8NCDIS_5x41_minQ2=100_beamEffects_xAngle=-0.025_hiDiv_2.0304.eicrecon.edm4eic.root,1438.0
root://dtn-eic.jlab.org//volatile/eic/EPIC/RECO/25.08.0/epic_craterlake/DIS/NC/5x41/minQ2=100/pythia8NCDIS_5x41_minQ2=100_beamEffects_xAngle=-0.025_hiDiv_2.0305.eicrecon.edm4eic.root,1438.0
root://dtn-eic.jlab.org//volatile/eic/EPIC/RECO/25.08.0/epic_craterlake/DIS/NC/5x41/minQ2=100/pythia8NCDIS_5x41_minQ2=100_beamEffects_xAngle=-0.025_hiDiv_2.0306.eicrecon.edm4eic.root,1438.0
root://dtn-eic.jlab.org//volatile/eic/EPIC/RECO/25.08.0/epic_craterlake/DIS/NC/5x41/minQ2=100/pythia8NCDIS_5x41_minQ2=100_beamEffects_xAngle=-0.025_hiDiv_2.0307.eicrecon.edm4eic.root,1438.0
root://dtn-eic.jlab.org//volatile/eic/EPIC/RECO/25.08.0/epic_craterlake/DIS/NC/5x41/minQ2=100/pythia8NCDIS_5x41_minQ2=100_beamEffects_xAngle=-0.025_hiDiv_2.0308.eicrecon.edm4eic.root,1438.0
root://dtn-eic.jlab.org//volatile/eic/EPIC/RECO/25.08.0/epic_craterlake/DIS/NC/5x41/minQ2=100/pythia8NCDIS_5x41_minQ2=100_beamEffects_xAngle=-0.025_hiDiv_2.0309.eicrecon.edm4eic.root,1438.0
root://dtn-eic.jlab.org//volatile/eic/EPIC/RECO/25.08.0/epic_craterlake/DIS/NC/5x41/minQ2=100/pythia8NCDIS_5x41_minQ2=100_beamEffects_xAngle=-0.025_hiDiv_2.0310.eicrecon.edm4eic.root,1438.0
root://dtn-eic.jlab.org//volatile/eic/EPIC/RECO/25.08.0/epic_craterlake/DIS/NC/5x41/minQ2=100/pythia8NCDIS_5x41_minQ2=100_beamEffects_xAngle=-0.025_hiDiv_2.0311.eicrecon.edm4eic.root,1438.0
root://dtn-eic.jlab.org//volatile/eic/EPIC/RECO/25.08.0/epic_craterlake/DIS/NC/5x41/minQ2=100/pythia8NCDIS_5x41_minQ2=100_beamEffects_xAngle=-0.025_hiDiv_2.0312.eicrecon.edm4eic.root,1438.0
root://dtn-eic.jlab.org//volatile/eic/EPIC/RECO/25.08.0/epic_craterlake/DIS/NC/5x41/minQ2=100/pythia8NCDIS_5x41_minQ2=100_beamEffects_xAngle=-0.025_hiDiv_2.0313.eicrecon.edm4eic.root,1438.0
root://dtn-eic.jlab.org//volatile/eic/EPIC/RECO/25.08.0/epic_craterlake/DIS/NC/5x41/minQ2=100/pythia8NCDIS_5x41_minQ2=100_beamEffects_xAngle=-0.025_hiDiv_2.0314.eicrecon.edm4eic.root,1438.0
root://dtn-eic.jlab.org//volatile/eic/EPIC/RECO/25.08.0/epic_craterlake/DIS/NC/5x41/minQ2=100/pythia8NCDIS_5x41_minQ2=100_beamEffects_xAngle=-0.025_hiDiv_2.0315.eicrecon.edm4eic.root,1438.0
root://dtn-eic.jlab.org//volatile/eic/EPIC/RECO/25.08.0/epic_craterlake/DIS/NC/5x41/minQ2=100/pythia8NCDIS_5x41_minQ2=100_beamEffects_xAngle=-0.025_hiDiv_2.0316.eicrecon.edm4eic.root,1438.0
root://dtn-eic.jlab.org//volatile/eic/EPIC/RECO/25.08.0/epic_craterlake/DIS/NC/5x41/minQ2=100/pythia8NCDIS_5x41_minQ2=100_beamEffects_xAngle=-0.025_hiDiv_2.0317.eicrecon.edm4eic.root,1438.0
root://dtn-eic.jlab.org//volatile/eic/EPIC/RECO/25.08.0/epic_craterlake/DIS/NC/5x41/minQ2=100/pythia8NCDIS_5x41_minQ2=100_beamEffects_xAngle=-0.025_hiDiv_2.0318.eicrecon.edm4eic.root,1438.0
root://dtn-eic.jlab.org//volatile/eic/EPIC/RECO/25.08.0/epic_craterlake/DIS/NC/5x41/minQ2=100/pythia8NCDIS_5x41_minQ2=100_beamEffects_xAngle=-0.025_hiDiv_2.0319.eicrecon.edm4eic.root,1438.0
root://dtn-eic.jlab.org//volatile/eic/EPIC/RECO/25.08.0/epic_craterlake/DIS/NC/5x41/minQ2=100/pythia8NCDIS_5x41_minQ2=100_beamEffects_xAngle=-0.025_hiDiv_2.0320.eicrecon.edm4eic.root,1438.0
root://dtn-eic.jlab.org//volatile/eic/EPIC/RECO/25.08.0/epic_craterlake/DIS/NC/5x41/minQ2=100/pythia8NCDIS_5x41_minQ2=100_beamEffects_xAngle=-0.025_hiDiv_2.0321.eicrecon.edm4eic.root,1438.0
root://dtn-eic.jlab.org//volatile/eic/EPIC/RECO/25.08.0/epic_craterlake/DIS/NC/5x41/minQ2=100/pythia8NCDIS_5x41_minQ2=100_beamEffects_xAngle=-0.025_hiDiv_2.0322.eicrecon.edm4eic.root,1438.0
root://dtn-eic.jlab.org//volatile/eic/EPIC/RECO/25.08.0/epic_craterlake/DIS/NC/5x41/minQ2=100/pythia8NCDIS_5x41_minQ2=100_beamEffects_xAngle=-0.025_hiDiv_2.0323.eicrecon.edm4eic.root,1438.0
root://dtn-eic.jlab.org//volatile/eic/EPIC/RECO/25.08.0/epic_craterlake/DIS/NC/5x41/minQ2=100/pythia8NCDIS_5x41_minQ2=100_beamEffects_xAngle=-0.025_hiDiv_2.0324.eicrecon.edm4eic.root,1438.0
root://dtn-eic.jlab.org//volatile/eic/EPIC/RECO/25.08.0/epic_craterlake/DIS/NC/5x41/minQ2=100/pythia8NCDIS_5x41_minQ2=100_beamEffects_xAngle=-0.025_hiDiv_2.0325.eicrecon.edm4eic.root,1438.0
root://dtn-eic.jlab.org//volatile/eic/EPIC/RECO/25.08.0/epic_craterlake/DIS/NC/5x41/minQ2=100/pythia8NCDIS_5x41_minQ2=100_beamEffects_xAngle=-0.025_hiDiv_2.0326.eicrecon.edm4eic.root,1438.0
root://dtn-eic.jlab.org//volatile/eic/EPIC/RECO/25.08.0/epic_craterlake/DIS/NC/5x41/minQ2=100/pythia8NCDIS_5x41_minQ2=100_beamEffects_xAngle=-0.025_hiDiv_2.0327.eicrecon.edm4eic.root,1438.0
root://dtn-eic.jlab.org//volatile/eic/EPIC/RECO/25.08.0/epic_craterlake/DIS/NC/5x41/minQ2=100/pythia8NCDIS_5x41_minQ2=100_beamEffects_xAngle=-0.025_hiDiv_2.0328.eicrecon.edm4eic.root,1438.0
root://dtn-eic.jlab.org//volatile/eic/EPIC/RECO/25.08.0/epic_craterlake/DIS/NC/5x41/minQ2=100/pythia8NCDIS_5x41_minQ2=100_beamEffects_xAngle=-0.025_hiDiv_2.0329.eicrecon.edm4eic.root,1438.0
root://dtn-eic.jlab.org//volatile/eic/EPIC/RECO/25.08.0/epic_craterlake/DIS/NC/5x41/minQ2=100/pythia8NCDIS_5x41_minQ2=100_beamEffects_xAngle=-0.025_hiDiv_2.0330.eicrecon.edm4eic.root,1438.0
root://dtn-eic.jlab.org//volatile/eic/EPIC/RECO/25.08.0/epic_craterlake/DIS/NC/5x41/minQ2=100/pythia8NCDIS_5x41_minQ2=100_beamEffects_xAngle=-0.025_hiDiv_2.0331.eicrecon.edm4eic.root,1438.0
root://dtn-eic.jlab.org//volatile/eic/EPIC/RECO/25.08.0/epic_craterlake/DIS/NC/5x41/minQ2=100/pythia8NCDIS_5x41_minQ2=100_beamEffects_xAngle=-0.025_hiDiv_2.0332.eicrecon.edm4eic.root,1438.0
root://dtn-eic.jlab.org//volatile/eic/EPIC/RECO/25.08.0/epic_craterlake/DIS/NC/5x41/minQ2=100/pythia8NCDIS_5x41_minQ2=100_beamEffects_xAngle=-0.025_hiDiv_2.0333.eicrecon.edm4eic.root,1438.0
root://dtn-eic.jlab.org//volatile/eic/EPIC/RECO/25.08.0/epic_craterlake/DIS/NC/5x41/minQ2=100/pythia8NCDIS_5x41_minQ2=100_beamEffects_xAngle=-0.025_hiDiv_2.0334.eicrecon.edm4eic.root,1438.0
root://dtn-eic.jlab.org//volatile/eic/EPIC/RECO/25.08.0/epic_craterlake/DIS/NC/5x41/minQ2=100/pythia8NCDIS_5x41_minQ2=100_beamEffects_xAngle=-0.025_hiDiv_2.0335.eicrecon.edm4eic.root,1438.0
root://dtn-eic.jlab.org//volatile/eic/EPIC/RECO/25.08.0/epic_craterlake/DIS/NC/5x41/minQ2=100/pythia8NCDIS_5x41_minQ2=100_beamEffects_xAngle=-0.025_hiDiv_2.0336.eicrecon.edm4eic.root,1438.0
root://dtn-eic.jlab.org//volatile/eic/EPIC/RECO/25.08.0/epic_craterlake/DIS/NC/5x41/minQ2=100/pythia8NCDIS_5x41_minQ2=100_beamEffects_xAngle=-0.025_hiDiv_2.0337.eicrecon.edm4eic.root,1438.0
root://dtn-eic.jlab.org//volatile/eic/EPIC/RECO/25.08.0/epic_craterlake/DIS/NC/5x41/minQ2=100/pythia8NCDIS_5x41_minQ2=100_beamEffects_xAngle=-0.025_hiDiv_2.0338.eicrecon.edm4eic.root,1438.0
root://dtn-eic.jlab.org//volatile/eic/EPIC/RECO/25.08.0/epic_craterlake/DIS/NC/5x41/minQ2=100/pythia8NCDIS_5x41_minQ2=100_beamEffects_xAngle=-0.025_hiDiv_2.0339.eicrecon.edm4eic.root,1438.0
root://dtn-eic.jlab.org//volatile/eic/EPIC/RECO/25.08.0/epic_craterlake/DIS/NC/5x41/minQ2=100/pythia8NCDIS_5x41_minQ2=100_beamEffects_xAngle=-0.025_hiDiv_2.0340.eicrecon.edm4eic.root,1438.0
root://dtn-eic.jlab.org//volatile/eic/EPIC/RECO/25.08.0/epic_craterlake/DIS/NC/5x41/minQ2=100/pythia8NCDIS_5x41_minQ2=100_beamEffects_xAngle=-0.025_hiDiv_2.0341.eicrecon.edm4eic.root,1438.0
root://dtn-eic.jlab.org//volatile/eic/EPIC/RECO/25.08.0/epic_craterlake/DIS/NC/5x41/minQ2=100/pythia8NCDIS_5x41_minQ2=100_beamEffects_xAngle=-0.025_hiDiv_2.0342.eicrecon.edm4eic.root,1438.0
root://dtn-eic.jlab.org//volatile/eic/EPIC/RECO/25.08.0/epic_craterlake/DIS/NC/5x41/minQ2=100/pythia8NCDIS_5x41_minQ2=100_beamEffects_xAngle=-0.025_hiDiv_2.0343.eicrecon.edm4eic.root,1438.0
root://dtn-eic.jlab.org//volatile/eic/EPIC/RECO/25.08.0/epic_craterlake/DIS/NC/5x41/minQ2=100/pythia8NCDIS_5x41_minQ2=100_beamEffects_xAngle=-0.025_hiDiv_2.0344.eicrecon.edm4eic.root,1438.0
root://dtn-eic.jlab.org//volatile/eic/EPIC/RECO/25.08.0/epic_craterlake/DIS/NC/5x41/minQ2=100/pythia8NCDIS_5x41_minQ2=100_beamEffects_xAngle=-0.025_hiDiv_2.0345.eicrecon.edm4eic.root,1438.0
root://dtn-eic.jlab.org//volatile/eic/EPIC/RECO/25.08.0/epic_craterlake/DIS/NC/5x41/minQ2=100/pythia8NCDIS_5x41_minQ2=100_beamEffects_xAngle=-0.025_hiDiv_2.0346.eicrecon.edm4eic.root,1438.0
root://dtn-eic.jlab.org//volatile/eic/EPIC/RECO/25.08.0/epic_craterlake/DIS/NC/5x41/minQ2=100/pythia8NCDIS_5x41_minQ2=100_beamEffects_xAngle=-0.025_hiDiv_2.0347.eicrecon.edm4eic.root,1438.0
root://dtn-eic.jlab.org//volatile/eic/EPIC/RECO/25.08.0/epic_craterlake/DIS/NC/5x41/minQ2=100/pythia8NCDIS_5x41_minQ2=100_beamEffects_xAngle=-0.025_hiDiv_2.0348.eicrecon.edm4eic.root,1438.0
root://dtn-eic.jlab.org//volatile/eic/EPIC/RECO/25.08.0/epic_craterlake/DIS/NC/5x41/minQ2=100/pythia8NCDIS_5x41_minQ2=100_beamEffects_xAngle=-0.025_hiDiv_2.0349.eicrecon.edm4eic.root,1438.0
root://dtn-eic.jlab.org//volatile/eic/EPIC/RECO/25.08.0/epic_craterlake/DIS/NC/5x41/minQ2=100/pythia8NCDIS_5x41_minQ2=100_beamEffects_xAngle=-0.025_hiDiv_2.0350.eicrecon.edm4eic.root,1438.0
root://dtn-eic.jlab.org//volatile/eic/EPIC/RECO/25.08.0/epic_craterlake/DIS/NC/5x41/minQ2=100/pythia8NCDIS_5x41_minQ2=100_beamEffects_xAngle=-0.025_hiDiv_2.0351.eicrecon.edm4eic.root,1438.0
root://dtn-eic.jlab.org//volatile/eic/EPIC/RECO/25.08.0/epic_craterlake/DIS/NC/5x41/minQ2=100/pythia8NCDIS_5x41_minQ2=100_beamEffects_xAngle=-0.025_hiDiv_2.0352.eicrecon.edm4eic.root,1438.0
root://dtn-eic.jlab.org//volatile/eic/EPIC/RECO/25.08.0/epic_craterlake/DIS/NC/5x41/minQ2=100/pythia8NCDIS_5x41_minQ2=100_beamEffects_xAngle=-0.025_hiDiv_2.0353.eicrecon.edm4eic.root,1438.0
root://dtn-eic.jlab.org//volatile/eic/EPIC/RECO/25.08.0/epic_craterlake/DIS/NC/5x41/minQ2=100/pythia8NCDIS_5x41_minQ2=100_beamEffects_xAngle=-0.025_hiDiv_2.0354.eicrecon.edm4eic.root,1438.0
root://dtn-eic.jlab.org//volatile/eic/EPIC/RECO/25.08.0/epic_craterlake/DIS/NC/5x41/minQ2=100/pythia8NCDIS_5x41_minQ2=100_beamEffects_xAngle=-0.025_hiDiv_2.0355.eicrecon.edm4eic.root,1438.0
root://dtn-eic.jlab.org//volatile/eic/EPIC/RECO/25.08.0/epic_craterlake/DIS/NC/5x41/minQ2=100/pythia8NCDIS_5x41_minQ2=100_beamEffects_xAngle=-0.025_hiDiv_2.0356.eicrecon.edm4eic.root,1438.0
root://dtn-eic.jlab.org//volatile/eic/EPIC/RECO/25.08.0/epic_craterlake/DIS/NC/5x41/minQ2=100/pythia8NCDIS_5x41_minQ2=100_beamEffects_xAngle=-0.025_hiDiv_2.0357.eicrecon.edm4eic.root,1438.0
root://dtn-eic.jlab.org//volatile/eic/EPIC/RECO/25.08.0/epic_craterlake/DIS/NC/5x41/minQ2=100/pythia8NCDIS_5x41_minQ2=100_beamEffects_xAngle=-0.025_hiDiv_2.0358.eicrecon.edm4eic.root,1438.0
root://dtn-eic.jlab.org//volatile/eic/EPIC/RECO/25.08.0/epic_craterlake/DIS/NC/5x41/minQ2=100/pythia8NCDIS_5x41_minQ2=100_beamEffects_xAngle=-0.025_hiDiv_2.0359.eicrecon.edm4eic.root,1438.0
root://dtn-eic.jlab.org//volatile/eic/EPIC/RECO/25.08.0/epic_craterlake/DIS/NC/5x41/minQ2=100/pythia8NCDIS_5x41_minQ2=100_beamEffects_xAngle=-0.025_hiDiv_2.0360.eicrecon.edm4eic.root,1438.0
root://dtn-eic.jlab.org//volatile/eic/EPIC/RECO/25.08.0/epic_craterlake/DIS/NC/5x41/minQ2=100/pythia8NCDIS_5x41_minQ2=100_beamEffects_xAngle=-0.025_hiDiv_2.0361.eicrecon.edm4eic.root,1438.0
root://dtn-eic.jlab.org//volatile/eic/EPIC/RECO/25.08.0/epic_craterlake/DIS/NC/5x41/minQ2=100/pythia8NCDIS_5x41_minQ2=100_beamEffects_xAngle=-0.025_hiDiv_2.0362.eicrecon.edm4eic.root,1438.0
root://dtn-eic.jlab.org//volatile/eic/EPIC/RECO/25.08.0/epic_craterlake/DIS/NC/5x41/minQ2=100/pythia8NCDIS_5x41_minQ2=100_beamEffects_xAngle=-0.025_hiDiv_2.0363.eicrecon.edm4eic.root,1438.0
root://dtn-eic.jlab.org//volatile/eic/EPIC/RECO/25.08.0/epic_craterlake/DIS/NC/5x41/minQ2=100/pythia8NCDIS_5x41_minQ2=100_beamEffects_xAngle=-0.025_hiDiv_2.0364.eicrecon.edm4eic.root,1438.0
root://dtn-eic.jlab.org//volatile/eic/EPIC/RECO/25.08.0/epic_craterlake/DIS/NC/5x41/minQ2=100/pythia8NCDIS_5x41_minQ2=100_beamEffects_xAngle=-0.025_hiDiv_2.0365.eicrecon.edm4eic.root,1438.0
root://dtn-eic.jlab.org//volatile/eic/EPIC/RECO/25.08.0/epic_craterlake/DIS/NC/5x41/minQ2=100/pythia8NCDIS_5x41_minQ2=100_beamEffects_xAngle=-0.025_hiDiv_2.0366.eicrecon.edm4eic.root,1438.0
root://dtn-eic.jlab.org//volatile/eic/EPIC/RECO/25.08.0/epic_craterlake/DIS/NC/5x41/minQ2=100/pythia8NCDIS_5x41_minQ2=100_beamEffects_xAngle=-0.025_hiDiv_2.0367.eicrecon.edm4eic.root,1438.0
root://dtn-eic.jlab.org//volatile/eic/EPIC/RECO/25.08.0/epic_craterlake/DIS/NC/5x41/minQ2=100/pythia8NCDIS_5x41_minQ2=100_beamEffects_xAngle=-0.025_hiDiv_2.0368.eicrecon.edm4eic.root,1438.0
root://dtn-eic.jlab.org//volatile/eic/EPIC/RECO/25.08.0/epic_craterlake/DIS/NC/5x41/minQ2=100/pythia8NCDIS_5x41_minQ2=100_beamEffects_xAngle=-0.025_hiDiv_2.0369.eicrecon.edm4eic.root,1438.0
root://dtn-eic.jlab.org//volatile/eic/EPIC/RECO/25.08.0/epic_craterlake/DIS/NC/5x41/minQ2=100/pythia8NCDIS_5x41_minQ2=100_beamEffects_xAngle=-0.025_hiDiv_2.0370.eicrecon.edm4eic.root,1438.0
root://dtn-eic.jlab.org//volatile/eic/EPIC/RECO/25.08.0/epic_craterlake/DIS/NC/5x41/minQ2=100/pythia8NCDIS_5x41_minQ2=100_beamEffects_xAngle=-0.025_hiDiv_2.0371.eicrecon.edm4eic.root,1438.0
root://dtn-eic.jlab.org//volatile/eic/EPIC/RECO/25.08.0/epic_craterlake/DIS/NC/5x41/minQ2=100/pythia8NCDIS_5x41_minQ2=100_beamEffects_xAngle=-0.025_hiDiv_2.0372.eicrecon.edm4eic.root,1438.0
root://dtn-eic.jlab.org//volatile/eic/EPIC/RECO/25.08.0/epic_craterlake/DIS/NC/5x41/minQ2=100/pythia8NCDIS_5x41_minQ2=100_beamEffects_xAngle=-0.025_hiDiv_2.0373.eicrecon.edm4eic.root,1438.0
root://dtn-eic.jlab.org//volatile/eic/EPIC/RECO/25.08.0/epic_craterlake/DIS/NC/5x41/minQ2=100/pythia8NCDIS_5x41_minQ2=100_beamEffects_xAngle=-0.025_hiDiv_2.0374.eicrecon.edm4eic.root,1438.0
root://dtn-eic.jlab.org//volatile/eic/EPIC/RECO/25.08.0/epic_craterlake/DIS/NC/5x41/minQ2=100/pythia8NCDIS_5x41_minQ2=100_beamEffects_xAngle=-0.025_hiDiv_2.0375.eicrecon.edm4eic.root,1438.0
root://dtn-eic.jlab.org//volatile/eic/EPIC/RECO/25.08.0/epic_craterlake/DIS/NC/5x41/minQ2=100/pythia8NCDIS_5x41_minQ2=100_beamEffects_xAngle=-0.025_hiDiv_2.0376.eicrecon.edm4eic.root,1438.0
root://dtn-eic.jlab.org//volatile/eic/EPIC/RECO/25.08.0/epic_craterlake/DIS/NC/5x41/minQ2=100/pythia8NCDIS_5x41_minQ2=100_beamEffects_xAngle=-0.025_hiDiv_2.0377.eicrecon.edm4eic.root,1438.0
root://dtn-eic.jlab.org//volatile/eic/EPIC/RECO/25.08.0/epic_craterlake/DIS/NC/5x41/minQ2=100/pythia8NCDIS_5x41_minQ2=100_beamEffects_xAngle=-0.025_hiDiv_2.0378.eicrecon.edm4eic.root,1438.0
root://dtn-eic.jlab.org//volatile/eic/EPIC/RECO/25.08.0/epic_craterlake/DIS/NC/5x41/minQ2=100/pythia8NCDIS_5x41_minQ2=100_beamEffects_xAngle=-0.025_hiDiv_2.0379.eicrecon.edm4eic.root,1438.0
root://dtn-eic.jlab.org//volatile/eic/EPIC/RECO/25.08.0/epic_craterlake/DIS/NC/5x41/minQ2=100/pythia8NCDIS_5x41_minQ2=100_beamEffects_xAngle=-0.025_hiDiv_2.0380.eicrecon.edm4eic.root,1438.0
root://dtn-eic.jlab.org//volatile/eic/EPIC/RECO/25.08.0/epic_craterlake/DIS/NC/5x41/minQ2=100/pythia8NCDIS_5x41_minQ2=100_beamEffects_xAngle=-0.025_hiDiv_2.0381.eicrecon.edm4eic.root,1438.0
root://dtn-eic.jlab.org//volatile/eic/EPIC/RECO/25.08.0/epic_craterlake/DIS/NC/5x41/minQ2=100/pythia8NCDIS_5x41_minQ2=100_beamEffects_xAngle=-0.025_hiDiv_2.0382.eicrecon.edm4eic.root,1438.0
root://dtn-eic.jlab.org//volatile/eic/EPIC/RECO/25.08.0/epic_craterlake/DIS/NC/5x41/minQ2=100/pythia8NCDIS_5x41_minQ2=100_beamEffects_xAngle=-0.025_hiDiv_2.0383.eicrecon.edm4eic.root,1438.0
root://dtn-eic.jlab.org//volatile/eic/EPIC/RECO/25.08.0/epic_craterlake/DIS/NC/5x41/minQ2=100/pythia8NCDIS_5x41_minQ2=100_beamEffects_xAngle=-0.025_hiDiv_2.0384.eicrecon.edm4eic.root,1438.0
root://dtn-eic.jlab.org//volatile/eic/EPIC/RECO/25.08.0/epic_craterlake/DIS/NC/5x41/minQ2=100/pythia8NCDIS_5x41_minQ2=100_beamEffects_xAngle=-0.025_hiDiv_2.0385.eicrecon.edm4eic.root,1438.0
root://dtn-eic.jlab.org//volatile/eic/EPIC/RECO/25.08.0/epic_craterlake/DIS/NC/5x41/minQ2=100/pythia8NCDIS_5x41_minQ2=100_beamEffects_xAngle=-0.025_hiDiv_2.0386.eicrecon.edm4eic.root,1438.0
root://dtn-eic.jlab.org//volatile/eic/EPIC/RECO/25.08.0/epic_craterlake/DIS/NC/5x41/minQ2=100/pythia8NCDIS_5x41_minQ2=100_beamEffects_xAngle=-0.025_hiDiv_2.0387.eicrecon.edm4eic.root,1438.0
root://dtn-eic.jlab.org//volatile/eic/EPIC/RECO/25.08.0/epic_craterlake/DIS/NC/5x41/minQ2=100/pythia8NCDIS_5x41_minQ2=100_beamEffects_xAngle=-0.025_hiDiv_2.0388.eicrecon.edm4eic.root,1438.0
root://dtn-eic.jlab.org//volatile/eic/EPIC/RECO/25.08.0/epic_craterlake/DIS/NC/5x41/minQ2=100/pythia8NCDIS_5x41_minQ2=100_beamEffects_xAngle=-0.025_hiDiv_2.0389.eicrecon.edm4eic.root,1438.0
root://dtn-eic.jlab.org//volatile/eic/EPIC/RECO/25.08.0/epic_craterlake/DIS/NC/5x41/minQ2=100/pythia8NCDIS_5x41_minQ2=100_beamEffects_xAngle=-0.025_hiDiv_2.0390.eicrecon.edm4eic.root,1438.0
root://dtn-eic.jlab.org//volatile/eic/EPIC/RECO/25.08.0/epic_craterlake/DIS/NC/5x41/minQ2=100/pythia8NCDIS_5x41_minQ2=100_beamEffects_xAngle=-0.025_hiDiv_2.0391.eicrecon.edm4eic.root,1438.0
root://dtn-eic.jlab.org//volatile/eic/EPIC/RECO/25.08.0/epic_craterlake/DIS/NC/5x41/minQ2=100/pythia8NCDIS_5x41_minQ2=100_beamEffects_xAngle=-0.025_hiDiv_2.0392.eicrecon.edm4eic.root,1438.0
root://dtn-eic.jlab.org//volatile/eic/EPIC/RECO/25.08.0/epic_craterlake/DIS/NC/5x41/minQ2=100/pythia8NCDIS_5x41_minQ2=100_beamEffects_xAngle=-0.025_hiDiv_2.0393.eicrecon.edm4eic.root,1438.0
root://dtn-eic.jlab.org//volatile/eic/EPIC/RECO/25.08.0/epic_craterlake/DIS/NC/5x41/minQ2=100/pythia8NCDIS_5x41_minQ2=100_beamEffects_xAngle=-0.025_hiDiv_2.0394.eicrecon.edm4eic.root,1438.0
root://dtn-eic.jlab.org//volatile/eic/EPIC/RECO/25.08.0/epic_craterlake/DIS/NC/5x41/minQ2=100/pythia8NCDIS_5x41_minQ2=100_beamEffects_xAngle=-0.025_hiDiv_2.0395.eicrecon.edm4eic.root,1438.0
root://dtn-eic.jlab.org//volatile/eic/EPIC/RECO/25.08.0/epic_craterlake/DIS/NC/5x41/minQ2=100/pythia8NCDIS_5x41_minQ2=100_beamEffects_xAngle=-0.025_hiDiv_2.0396.eicrecon.edm4eic.root,1438.0
root://dtn-eic.jlab.org//volatile/eic/EPIC/RECO/25.08.0/epic_craterlake/DIS/NC/5x41/minQ2=100/pythia8NCDIS_5x41_minQ2=100_beamEffects_xAngle=-0.025_hiDiv_2.0397.eicrecon.edm4eic.root,1438.0
root://dtn-eic.jlab.org//volatile/eic/EPIC/RECO/25.08.0/epic_craterlake/DIS/NC/5x41/minQ2=100/pythia8NCDIS_5x41_minQ2=100_beamEffects_xAngle=-0.025_hiDiv_2.0398.eicrecon.edm4eic.root,1438.0
root://dtn-eic.jlab.org//volatile/eic/EPIC/RECO/25.08.0/epic_craterlake/DIS/NC/5x41/minQ2=100/pythia8NCDIS_5x41_minQ2=100_beamEffects_xAngle=-0.025_hiDiv_2.0399.eicrecon.edm4eic.root,1438.0
root://dtn-eic.jlab.org//volatile/eic/EPIC/RECO/25.08.0/epic_craterlake/DIS/NC/5x41/minQ2=100/pythia8NCDIS_5x41_minQ2=100_beamEffects_xAngle=-0.025_hiDiv_2.0400.eicrecon.edm4eic.root,1438.0
root://dtn-eic.jlab.org//volatile/eic/EPIC/RECO/25.08.0/epic_craterlake/DIS/NC/5x41/minQ2=100/pythia8NCDIS_5x41_minQ2=100_beamEffects_xAngle=-0.025_hiDiv_2.0401.eicrecon.edm4eic.root,1438.0
root://dtn-eic.jlab.org//volatile/eic/EPIC/RECO/25.08.0/epic_craterlake/DIS/NC/5x41/minQ2=100/pythia8NCDIS_5x41_minQ2=100_beamEffects_xAngle=-0.025_hiDiv_2.0402.eicrecon.edm4eic.root,1438.0
root://dtn-eic.jlab.org//volatile/eic/EPIC/RECO/25.08.0/epic_craterlake/DIS/NC/5x41/minQ2=100/pythia8NCDIS_5x41_minQ2=100_beamEffects_xAngle=-0.025_hiDiv_2.0403.eicrecon.edm4eic.root,1438.0
root://dtn-eic.jlab.org//volatile/eic/EPIC/RECO/25.08.0/epic_craterlake/DIS/NC/5x41/minQ2=100/pythia8NCDIS_5x41_minQ2=100_beamEffects_xAngle=-0.025_hiDiv_2.0404.eicrecon.edm4eic.root,1438.0
root://dtn-eic.jlab.org//volatile/eic/EPIC/RECO/25.08.0/epic_craterlake/DIS/NC/5x41/minQ2=100/pythia8NCDIS_5x41_minQ2=100_beamEffects_xAngle=-0.025_hiDiv_2.0405.eicrecon.edm4eic.root,1438.0
root://dtn-eic.jlab.org//volatile/eic/EPIC/RECO/25.08.0/epic_craterlake/DIS/NC/5x41/minQ2=100/pythia8NCDIS_5x41_minQ2=100_beamEffects_xAngle=-0.025_hiDiv_2.0406.eicrecon.edm4eic.root,1438.0
root://dtn-eic.jlab.org//volatile/eic/EPIC/RECO/25.08.0/epic_craterlake/DIS/NC/5x41/minQ2=100/pythia8NCDIS_5x41_minQ2=100_beamEffects_xAngle=-0.025_hiDiv_2.0407.eicrecon.edm4eic.root,1438.0
root://dtn-eic.jlab.org//volatile/eic/EPIC/RECO/25.08.0/epic_craterlake/DIS/NC/5x41/minQ2=100/pythia8NCDIS_5x41_minQ2=100_beamEffects_xAngle=-0.025_hiDiv_2.0408.eicrecon.edm4eic.root,1438.0
root://dtn-eic.jlab.org//volatile/eic/EPIC/RECO/25.08.0/epic_craterlake/DIS/NC/5x41/minQ2=100/pythia8NCDIS_5x41_minQ2=100_beamEffects_xAngle=-0.025_hiDiv_2.0409.eicrecon.edm4eic.root,1438.0
root://dtn-eic.jlab.org//volatile/eic/EPIC/RECO/25.08.0/epic_craterlake/DIS/NC/5x41/minQ2=100/pythia8NCDIS_5x41_minQ2=100_beamEffects_xAngle=-0.025_hiDiv_2.0410.eicrecon.edm4eic.root,1438.0
root://dtn-eic.jlab.org//volatile/eic/EPIC/RECO/25.08.0/epic_craterlake/DIS/NC/5x41/minQ2=100/pythia8NCDIS_5x41_minQ2=100_beamEffects_xAngle=-0.025_hiDiv_2.0411.eicrecon.edm4eic.root,1438.0
root://dtn-eic.jlab.org//volatile/eic/EPIC/RECO/25.08.0/epic_craterlake/DIS/NC/5x41/minQ2=100/pythia8NCDIS_5x41_minQ2=100_beamEffects_xAngle=-0.025_hiDiv_2.0412.eicrecon.edm4eic.root,1438.0
root://dtn-eic.jlab.org//volatile/eic/EPIC/RECO/25.08.0/epic_craterlake/DIS/NC/5x41/minQ2=100/pythia8NCDIS_5x41_minQ2=100_beamEffects_xAngle=-0.025_hiDiv_2.0413.eicrecon.edm4eic.root,1438.0
root://dtn-eic.jlab.org//volatile/eic/EPIC/RECO/25.08.0/epic_craterlake/DIS/NC/5x41/minQ2=100/pythia8NCDIS_5x41_minQ2=100_beamEffects_xAngle=-0.025_hiDiv_2.0414.eicrecon.edm4eic.root,1438.0
root://dtn-eic.jlab.org//volatile/eic/EPIC/RECO/25.08.0/epic_craterlake/DIS/NC/5x41/minQ2=100/pythia8NCDIS_5x41_minQ2=100_beamEffects_xAngle=-0.025_hiDiv_2.0415.eicrecon.edm4eic.root,1438.0
root://dtn-eic.jlab.org//volatile/eic/EPIC/RECO/25.08.0/epic_craterlake/DIS/NC/5x41/minQ2=100/pythia8NCDIS_5x41_minQ2=100_beamEffects_xAngle=-0.025_hiDiv_2.0416.eicrecon.edm4eic.root,1438.0
root://dtn-eic.jlab.org//volatile/eic/EPIC/RECO/25.08.0/epic_craterlake/DIS/NC/5x41/minQ2=100/pythia8NCDIS_5x41_minQ2=100_beamEffects_xAngle=-0.025_hiDiv_2.0417.eicrecon.edm4eic.root,1438.0
root://dtn-eic.jlab.org//volatile/eic/EPIC/RECO/25.08.0/epic_craterlake/DIS/NC/5x41/minQ2=100/pythia8NCDIS_5x41_minQ2=100_beamEffects_xAngle=-0.025_hiDiv_2.0418.eicrecon.edm4eic.root,1438.0
root://dtn-eic.jlab.org//volatile/eic/EPIC/RECO/25.08.0/epic_craterlake/DIS/NC/5x41/minQ2=100/pythia8NCDIS_5x41_minQ2=100_beamEffects_xAngle=-0.025_hiDiv_2.0419.eicrecon.edm4eic.root,1438.0
root://dtn-eic.jlab.org//volatile/eic/EPIC/RECO/25.08.0/epic_craterlake/DIS/NC/5x41/minQ2=100/pythia8NCDIS_5x41_minQ2=100_beamEffects_xAngle=-0.025_hiDiv_2.0420.eicrecon.edm4eic.root,1438.0
root://dtn-eic.jlab.org//volatile/eic/EPIC/RECO/25.08.0/epic_craterlake/DIS/NC/5x41/minQ2=100/pythia8NCDIS_5x41_minQ2=100_beamEffects_xAngle=-0.025_hiDiv_2.0421.eicrecon.edm4eic.root,1438.0
root://dtn-eic.jlab.org//volatile/eic/EPIC/RECO/25.08.0/epic_craterlake/DIS/NC/5x41/minQ2=100/pythia8NCDIS_5x41_minQ2=100_beamEffects_xAngle=-0.025_hiDiv_2.0422.eicrecon.edm4eic.root,1438.0
root://dtn-eic.jlab.org//volatile/eic/EPIC/RECO/25.08.0/epic_craterlake/DIS/NC/5x41/minQ2=100/pythia8NCDIS_5x41_minQ2=100_beamEffects_xAngle=-0.025_hiDiv_2.0423.eicrecon.edm4eic.root,1438.0
root://dtn-eic.jlab.org//volatile/eic/EPIC/RECO/25.08.0/epic_craterlake/DIS/NC/5x41/minQ2=100/pythia8NCDIS_5x41_minQ2=100_beamEffects_xAngle=-0.025_hiDiv_2.0424.eicrecon.edm4eic.root,1438.0
root://dtn-eic.jlab.org//volatile/eic/EPIC/RECO/25.08.0/epic_craterlake/DIS/NC/5x41/minQ2=100/pythia8NCDIS_5x41_minQ2=100_beamEffects_xAngle=-0.025_hiDiv_2.0425.eicrecon.edm4eic.root,1438.0
root://dtn-eic.jlab.org//volatile/eic/EPIC/RECO/25.08.0/epic_craterlake/DIS/NC/5x41/minQ2=100/pythia8NCDIS_5x41_minQ2=100_beamEffects_xAngle=-0.025_hiDiv_2.0426.eicrecon.edm4eic.root,1438.0
root://dtn-eic.jlab.org//volatile/eic/EPIC/RECO/25.08.0/epic_craterlake/DIS/NC/5x41/minQ2=100/pythia8NCDIS_5x41_minQ2=100_beamEffects_xAngle=-0.025_hiDiv_2.0427.eicrecon.edm4eic.root,1438.0
root://dtn-eic.jlab.org//volatile/eic/EPIC/RECO/25.08.0/epic_craterlake/DIS/NC/5x41/minQ2=100/pythia8NCDIS_5x41_minQ2=100_beamEffects_xAngle=-0.025_hiDiv_2.0428.eicrecon.edm4eic.root,1438.0
root://dtn-eic.jlab.org//volatile/eic/EPIC/RECO/25.08.0/epic_craterlake/DIS/NC/5x41/minQ2=100/pythia8NCDIS_5x41_minQ2=100_beamEffects_xAngle=-0.025_hiDiv_2.0429.eicrecon.edm4eic.root,1438.0
root://dtn-eic.jlab.org//volatile/eic/EPIC/RECO/25.08.0/epic_craterlake/DIS/NC/5x41/minQ2=100/pythia8NCDIS_5x41_minQ2=100_beamEffects_xAngle=-0.025_hiDiv_2.0430.eicrecon.edm4eic.root,1438.0
root://dtn-eic.jlab.org//volatile/eic/EPIC/RECO/25.08.0/epic_craterlake/DIS/NC/5x41/minQ2=100/pythia8NCDIS_5x41_minQ2=100_beamEffects_xAngle=-0.025_hiDiv_2.0431.eicrecon.edm4eic.root,1438.0
root://dtn-eic.jlab.org//volatile/eic/EPIC/RECO/25.08.0/epic_craterlake/DIS/NC/5x41/minQ2=100/pythia8NCDIS_5x41_minQ2=100_beamEffects_xAngle=-0.025_hiDiv_2.0432.eicrecon.edm4eic.root,1438.0
root://dtn-eic.jlab.org//volatile/eic/EPIC/RECO/25.08.0/epic_craterlake/DIS/NC/5x41/minQ2=100/pythia8NCDIS_5x41_minQ2=100_beamEffects_xAngle=-0.025_hiDiv_2.0433.eicrecon.edm4eic.root,1438.0
root://dtn-eic.jlab.org//volatile/eic/EPIC/RECO/25.08.0/epic_craterlake/DIS/NC/5x41/minQ2=100/pythia8NCDIS_5x41_minQ2=100_beamEffects_xAngle=-0.025_hiDiv_2.0434.eicrecon.edm4eic.root,1438.0
root://dtn-eic.jlab.org//volatile/eic/EPIC/RECO/25.08.0/epic_craterlake/DIS/NC/5x41/minQ2=100/pythia8NCDIS_5x41_minQ2=100_beamEffects_xAngle=-0.025_hiDiv_2.0435.eicrecon.edm4eic.root,1438.0
root://dtn-eic.jlab.org//volatile/eic/EPIC/RECO/25.08.0/epic_craterlake/DIS/NC/5x41/minQ2=100/pythia8NCDIS_5x41_minQ2=100_beamEffects_xAngle=-0.025_hiDiv_2.0436.eicrecon.edm4eic.root,1438.0
root://dtn-eic.jlab.org//volatile/eic/EPIC/RECO/25.08.0/epic_craterlake/DIS/NC/5x41/minQ2=100/pythia8NCDIS_5x41_minQ2=100_beamEffects_xAngle=-0.025_hiDiv_2.0437.eicrecon.edm4eic.root,1438.0
root://dtn-eic.jlab.org//volatile/eic/EPIC/RECO/25.08.0/epic_craterlake/DIS/NC/5x41/minQ2=100/pythia8NCDIS_5x41_minQ2=100_beamEffects_xAngle=-0.025_hiDiv_2.0438.eicrecon.edm4eic.root,1438.0
root://dtn-eic.jlab.org//volatile/eic/EPIC/RECO/25.08.0/epic_craterlake/DIS/NC/5x41/minQ2=100/pythia8NCDIS_5x41_minQ2=100_beamEffects_xAngle=-0.025_hiDiv_2.0439.eicrecon.edm4eic.root,1438.0
root://dtn-eic.jlab.org//volatile/eic/EPIC/RECO/25.08.0/epic_craterlake/DIS/NC/5x41/minQ2=100/pythia8NCDIS_5x41_minQ2=100_beamEffects_xAngle=-0.025_hiDiv_2.0440.eicrecon.edm4eic.root,1438.0
root://dtn-eic.jlab.org//volatile/eic/EPIC/RECO/25.08.0/epic_craterlake/DIS/NC/5x41/minQ2=100/pythia8NCDIS_5x41_minQ2=100_beamEffects_xAngle=-0.025_hiDiv_2.0441.eicrecon.edm4eic.root,1438.0
root://dtn-eic.jlab.org//volatile/eic/EPIC/RECO/25.08.0/epic_craterlake/DIS/NC/5x41/minQ2=100/pythia8NCDIS_5x41_minQ2=100_beamEffects_xAngle=-0.025_hiDiv_2.0442.eicrecon.edm4eic.root,1438.0
root://dtn-eic.jlab.org//volatile/eic/EPIC/RECO/25.08.0/epic_craterlake/DIS/NC/5x41/minQ2=100/pythia8NCDIS_5x41_minQ2=100_beamEffects_xAngle=-0.025_hiDiv_2.0443.eicrecon.edm4eic.root,1438.0
root://dtn-eic.jlab.org//volatile/eic/EPIC/RECO/25.08.0/epic_craterlake/DIS/NC/5x41/minQ2=100/pythia8NCDIS_5x41_minQ2=100_beamEffects_xAngle=-0.025_hiDiv_2.0444.eicrecon.edm4eic.root,1438.0
root://dtn-eic.jlab.org//volatile/eic/EPIC/RECO/25.08.0/epic_craterlake/DIS/NC/5x41/minQ2=100/pythia8NCDIS_5x41_minQ2=100_beamEffects_xAngle=-0.025_hiDiv_2.0445.eicrecon.edm4eic.root,1438.0
root://dtn-eic.jlab.org//volatile/eic/EPIC/RECO/25.08.0/epic_craterlake/DIS/NC/5x41/minQ2=100/pythia8NCDIS_5x41_minQ2=100_beamEffects_xAngle=-0.025_hiDiv_2.0446.eicrecon.edm4eic.root,1438.0
root://dtn-eic.jlab.org//volatile/eic/EPIC/RECO/25.08.0/epic_craterlake/DIS/NC/5x41/minQ2=100/pythia8NCDIS_5x41_minQ2=100_beamEffects_xAngle=-0.025_hiDiv_2.0447.eicrecon.edm4eic.root,1438.0
root://dtn-eic.jlab.org//volatile/eic/EPIC/RECO/25.08.0/epic_craterlake/DIS/NC/5x41/minQ2=100/pythia8NCDIS_5x41_minQ2=100_beamEffects_xAngle=-0.025_hiDiv_2.0448.eicrecon.edm4eic.root,1438.0
root://dtn-eic.jlab.org//volatile/eic/EPIC/RECO/25.08.0/epic_craterlake/DIS/NC/5x41/minQ2=100/pythia8NCDIS_5x41_minQ2=100_beamEffects_xAngle=-0.025_hiDiv_2.0449.eicrecon.edm4eic.root,1438.0
root://dtn-eic.jlab.org//volatile/eic/EPIC/RECO/25.08.0/epic_craterlake/DIS/NC/5x41/minQ2=100/pythia8NCDIS_5x41_minQ2=100_beamEffects_xAngle=-0.025_hiDiv_2.0450.eicrecon.edm4eic.root,1438.0
root://dtn-eic.jlab.org//volatile/eic/EPIC/RECO/25.08.0/epic_craterlake/DIS/NC/5x41/minQ2=100/pythia8NCDIS_5x41_minQ2=100_beamEffects_xAngle=-0.025_hiDiv_2.0451.eicrecon.edm4eic.root,1438.0
root://dtn-eic.jlab.org//volatile/eic/EPIC/RECO/25.08.0/epic_craterlake/DIS/NC/5x41/minQ2=100/pythia8NCDIS_5x41_minQ2=100_beamEffects_xAngle=-0.025_hiDiv_2.0452.eicrecon.edm4eic.root,1438.0
root://dtn-eic.jlab.org//volatile/eic/EPIC/RECO/25.08.0/epic_craterlake/DIS/NC/5x41/minQ2=100/pythia8NCDIS_5x41_minQ2=100_beamEffects_xAngle=-0.025_hiDiv_2.0453.eicrecon.edm4eic.root,1438.0
root://dtn-eic.jlab.org//volatile/eic/EPIC/RECO/25.08.0/epic_craterlake/DIS/NC/5x41/minQ2=100/pythia8NCDIS_5x41_minQ2=100_beamEffects_xAngle=-0.025_hiDiv_2.0454.eicrecon.edm4eic.root,1438.0
root://dtn-eic.jlab.org//volatile/eic/EPIC/RECO/25.08.0/epic_craterlake/DIS/NC/5x41/minQ2=100/pythia8NCDIS_5x41_minQ2=100_beamEffects_xAngle=-0.025_hiDiv_2.0455.eicrecon.edm4eic.root,1438.0
root://dtn-eic.jlab.org//volatile/eic/EPIC/RECO/25.08.0/epic_craterlake/DIS/NC/5x41/minQ2=100/pythia8NCDIS_5x41_minQ2=100_beamEffects_xAngle=-0.025_hiDiv_2.0456.eicrecon.edm4eic.root,1438.0
root://dtn-eic.jlab.org//volatile/eic/EPIC/RECO/25.08.0/epic_craterlake/DIS/NC/5x41/minQ2=100/pythia8NCDIS_5x41_minQ2=100_beamEffects_xAngle=-0.025_hiDiv_2.0457.eicrecon.edm4eic.root,1438.0
root://dtn-eic.jlab.org//volatile/eic/EPIC/RECO/25.08.0/epic_craterlake/DIS/NC/5x41/minQ2=100/pythia8NCDIS_5x41_minQ2=100_beamEffects_xAngle=-0.025_hiDiv_2.0458.eicrecon.edm4eic.root,1438.0
root://dtn-eic.jlab.org//volatile/eic/EPIC/RECO/25.08.0/epic_craterlake/DIS/NC/5x41/minQ2=100/pythia8NCDIS_5x41_minQ2=100_beamEffects_xAngle=-0.025_hiDiv_2.0459.eicrecon.edm4eic.root,1438.0
root://dtn-eic.jlab.org//volatile/eic/EPIC/RECO/25.08.0/epic_craterlake/DIS/NC/5x41/minQ2=100/pythia8NCDIS_5x41_minQ2=100_beamEffects_xAngle=-0.025_hiDiv_2.0460.eicrecon.edm4eic.root,1438.0
root://dtn-eic.jlab.org//volatile/eic/EPIC/RECO/25.08.0/epic_craterlake/DIS/NC/5x41/minQ2=100/pythia8NCDIS_5x41_minQ2=100_beamEffects_xAngle=-0.025_hiDiv_2.0461.eicrecon.edm4eic.root,1438.0
root://dtn-eic.jlab.org//volatile/eic/EPIC/RECO/25.08.0/epic_craterlake/DIS/NC/5x41/minQ2=100/pythia8NCDIS_5x41_minQ2=100_beamEffects_xAngle=-0.025_hiDiv_2.0462.eicrecon.edm4eic.root,1438.0
root://dtn-eic.jlab.org//volatile/eic/EPIC/RECO/25.08.0/epic_craterlake/DIS/NC/5x41/minQ2=100/pythia8NCDIS_5x41_minQ2=100_beamEffects_xAngle=-0.025_hiDiv_2.0463.eicrecon.edm4eic.root,1438.0
root://dtn-eic.jlab.org//volatile/eic/EPIC/RECO/25.08.0/epic_craterlake/DIS/NC/5x41/minQ2=100/pythia8NCDIS_5x41_minQ2=100_beamEffects_xAngle=-0.025_hiDiv_2.0464.eicrecon.edm4eic.root,1438.0
root://dtn-eic.jlab.org//volatile/eic/EPIC/RECO/25.08.0/epic_craterlake/DIS/NC/5x41/minQ2=100/pythia8NCDIS_5x41_minQ2=100_beamEffects_xAngle=-0.025_hiDiv_2.0465.eicrecon.edm4eic.root,1438.0
root://dtn-eic.jlab.org//volatile/eic/EPIC/RECO/25.08.0/epic_craterlake/DIS/NC/5x41/minQ2=100/pythia8NCDIS_5x41_minQ2=100_beamEffects_xAngle=-0.025_hiDiv_2.0466.eicrecon.edm4eic.root,1438.0
root://dtn-eic.jlab.org//volatile/eic/EPIC/RECO/25.08.0/epic_craterlake/DIS/NC/5x41/minQ2=100/pythia8NCDIS_5x41_minQ2=100_beamEffects_xAngle=-0.025_hiDiv_2.0467.eicrecon.edm4eic.root,1438.0
root://dtn-eic.jlab.org//volatile/eic/EPIC/RECO/25.08.0/epic_craterlake/DIS/NC/5x41/minQ2=100/pythia8NCDIS_5x41_minQ2=100_beamEffects_xAngle=-0.025_hiDiv_2.0468.eicrecon.edm4eic.root,1438.0
root://dtn-eic.jlab.org//volatile/eic/EPIC/RECO/25.08.0/epic_craterlake/DIS/NC/5x41/minQ2=100/pythia8NCDIS_5x41_minQ2=100_beamEffects_xAngle=-0.025_hiDiv_2.0469.eicrecon.edm4eic.root,1438.0
root://dtn-eic.jlab.org//volatile/eic/EPIC/RECO/25.08.0/epic_craterlake/DIS/NC/5x41/minQ2=100/pythia8NCDIS_5x41_minQ2=100_beamEffects_xAngle=-0.025_hiDiv_2.0470.eicrecon.edm4eic.root,1438.0
root://dtn-eic.jlab.org//volatile/eic/EPIC/RECO/25.08.0/epic_craterlake/DIS/NC/5x41/minQ2=100/pythia8NCDIS_5x41_minQ2=100_beamEffects_xAngle=-0.025_hiDiv_2.0471.eicrecon.edm4eic.root,1438.0
root://dtn-eic.jlab.org//volatile/eic/EPIC/RECO/25.08.0/epic_craterlake/DIS/NC/5x41/minQ2=100/pythia8NCDIS_5x41_minQ2=100_beamEffects_xAngle=-0.025_hiDiv_2.0472.eicrecon.edm4eic.root,1438.0
root://dtn-eic.jlab.org//volatile/eic/EPIC/RECO/25.08.0/epic_craterlake/DIS/NC/5x41/minQ2=100/pythia8NCDIS_5x41_minQ2=100_beamEffects_xAngle=-0.025_hiDiv_2.0473.eicrecon.edm4eic.root,1438.0
root://dtn-eic.jlab.org//volatile/eic/EPIC/RECO/25.08.0/epic_craterlake/DIS/NC/5x41/minQ2=100/pythia8NCDIS_5x41_minQ2=100_beamEffects_xAngle=-0.025_hiDiv_2.0474.eicrecon.edm4eic.root,1438.0
root://dtn-eic.jlab.org//volatile/eic/EPIC/RECO/25.08.0/epic_craterlake/DIS/NC/5x41/minQ2=100/pythia8NCDIS_5x41_minQ2=100_beamEffects_xAngle=-0.025_hiDiv_2.0475.eicrecon.edm4eic.root,1438.0
root://dtn-eic.jlab.org//volatile/eic/EPIC/RECO/25.08.0/epic_craterlake/DIS/NC/5x41/minQ2=100/pythia8NCDIS_5x41_minQ2=100_beamEffects_xAngle=-0.025_hiDiv_2.0476.eicrecon.edm4eic.root,1438.0
root://dtn-eic.jlab.org//volatile/eic/EPIC/RECO/25.08.0/epic_craterlake/DIS/NC/5x41/minQ2=100/pythia8NCDIS_5x41_minQ2=100_beamEffects_xAngle=-0.025_hiDiv_2.0477.eicrecon.edm4eic.root,1438.0
root://dtn-eic.jlab.org//volatile/eic/EPIC/RECO/25.08.0/epic_craterlake/DIS/NC/5x41/minQ2=100/pythia8NCDIS_5x41_minQ2=100_beamEffects_xAngle=-0.025_hiDiv_2.0478.eicrecon.edm4eic.root,1438.0
root://dtn-eic.jlab.org//volatile/eic/EPIC/RECO/25.08.0/epic_craterlake/DIS/NC/5x41/minQ2=100/pythia8NCDIS_5x41_minQ2=100_beamEffects_xAngle=-0.025_hiDiv_2.0479.eicrecon.edm4eic.root,1438.0
root://dtn-eic.jlab.org//volatile/eic/EPIC/RECO/25.08.0/epic_craterlake/DIS/NC/5x41/minQ2=100/pythia8NCDIS_5x41_minQ2=100_beamEffects_xAngle=-0.025_hiDiv_2.0480.eicrecon.edm4eic.root,1438.0
root://dtn-eic.jlab.org//volatile/eic/EPIC/RECO/25.08.0/epic_craterlake/DIS/NC/5x41/minQ2=100/pythia8NCDIS_5x41_minQ2=100_beamEffects_xAngle=-0.025_hiDiv_2.0481.eicrecon.edm4eic.root,1438.0
root://dtn-eic.jlab.org//volatile/eic/EPIC/RECO/25.08.0/epic_craterlake/DIS/NC/5x41/minQ2=100/pythia8NCDIS_5x41_minQ2=100_beamEffects_xAngle=-0.025_hiDiv_2.0482.eicrecon.edm4eic.root,1438.0
root://dtn-eic.jlab.org//volatile/eic/EPIC/RECO/25.08.0/epic_craterlake/DIS/NC/5x41/minQ2=100/pythia8NCDIS_5x41_minQ2=100_beamEffects_xAngle=-0.025_hiDiv_2.0483.eicrecon.edm4eic.root,1438.0
root://dtn-eic.jlab.org//volatile/eic/EPIC/RECO/25.08.0/epic_craterlake/DIS/NC/5x41/minQ2=100/pythia8NCDIS_5x41_minQ2=100_beamEffects_xAngle=-0.025_hiDiv_2.0484.eicrecon.edm4eic.root,1438.0
root://dtn-eic.jlab.org//volatile/eic/EPIC/RECO/25.08.0/epic_craterlake/DIS/NC/5x41/minQ2=100/pythia8NCDIS_5x41_minQ2=100_beamEffects_xAngle=-0.025_hiDiv_2.0485.eicrecon.edm4eic.root,1438.0
root://dtn-eic.jlab.org//volatile/eic/EPIC/RECO/25.08.0/epic_craterlake/DIS/NC/5x41/minQ2=100/pythia8NCDIS_5x41_minQ2=100_beamEffects_xAngle=-0.025_hiDiv_2.0486.eicrecon.edm4eic.root,1438.0
root://dtn-eic.jlab.org//volatile/eic/EPIC/RECO/25.08.0/epic_craterlake/DIS/NC/5x41/minQ2=100/pythia8NCDIS_5x41_minQ2=100_beamEffects_xAngle=-0.025_hiDiv_2.0487.eicrecon.edm4eic.root,1438.0
root://dtn-eic.jlab.org//volatile/eic/EPIC/RECO/25.08.0/epic_craterlake/DIS/NC/5x41/minQ2=100/pythia8NCDIS_5x41_minQ2=100_beamEffects_xAngle=-0.025_hiDiv_2.0488.eicrecon.edm4eic.root,1438.0
root://dtn-eic.jlab.org//volatile/eic/EPIC/RECO/25.08.0/epic_craterlake/DIS/NC/5x41/minQ2=100/pythia8NCDIS_5x41_minQ2=100_beamEffects_xAngle=-0.025_hiDiv_2.0489.eicrecon.edm4eic.root,1438.0
root://dtn-eic.jlab.org//volatile/eic/EPIC/RECO/25.08.0/epic_craterlake/DIS/NC/5x41/minQ2=100/pythia8NCDIS_5x41_minQ2=100_beamEffects_xAngle=-0.025_hiDiv_2.0490.eicrecon.edm4eic.root,1438.0
root://dtn-eic.jlab.org//volatile/eic/EPIC/RECO/25.08.0/epic_craterlake/DIS/NC/5x41/minQ2=100/pythia8NCDIS_5x41_minQ2=100_beamEffects_xAngle=-0.025_hiDiv_2.0491.eicrecon.edm4eic.root,1438.0
root://dtn-eic.jlab.org//volatile/eic/EPIC/RECO/25.08.0/epic_craterlake/DIS/NC/5x41/minQ2=100/pythia8NCDIS_5x41_minQ2=100_beamEffects_xAngle=-0.025_hiDiv_2.0492.eicrecon.edm4eic.root,1438.0
root://dtn-eic.jlab.org//volatile/eic/EPIC/RECO/25.08.0/epic_craterlake/DIS/NC/5x41/minQ2=100/pythia8NCDIS_5x41_minQ2=100_beamEffects_xAngle=-0.025_hiDiv_2.0493.eicrecon.edm4eic.root,1438.0
root://dtn-eic.jlab.org//volatile/eic/EPIC/RECO/25.08.0/epic_craterlake/DIS/NC/5x41/minQ2=100/pythia8NCDIS_5x41_minQ2=100_beamEffects_xAngle=-0.025_hiDiv_2.0494.eicrecon.edm4eic.root,1438.0
root://dtn-eic.jlab.org//volatile/eic/EPIC/RECO/25.08.0/epic_craterlake/DIS/NC/5x41/minQ2=100/pythia8NCDIS_5x41_minQ2=100_beamEffects_xAngle=-0.025_hiDiv_2.0495.eicrecon.edm4eic.root,1438.0
root://dtn-eic.jlab.org//volatile/eic/EPIC/RECO/25.08.0/epic_craterlake/DIS/NC/5x41/minQ2=100/pythia8NCDIS_5x41_minQ2=100_beamEffects_xAngle=-0.025_hiDiv_2.0496.eicrecon.edm4eic.root,1438.0
root://dtn-eic.jlab.org//volatile/eic/EPIC/RECO/25.08.0/epic_craterlake/DIS/NC/5x41/minQ2=100/pythia8NCDIS_5x41_minQ2=100_beamEffects_xAngle=-0.025_hiDiv_2.0497.eicrecon.edm4eic.root,1438.0
root://dtn-eic.jlab.org//volatile/eic/EPIC/RECO/25.08.0/epic_craterlake/DIS/NC/5x41/minQ2=100/pythia8NCDIS_5x41_minQ2=100_beamEffects_xAngle=-0.025_hiDiv_2.0498.eicrecon.edm4eic.root,1438.0
root://dtn-eic.jlab.org//volatile/eic/EPIC/RECO/25.08.0/epic_craterlake/DIS/NC/5x41/minQ2=100/pythia8NCDIS_5x41_minQ2=100_beamEffects_xAngle=-0.025_hiDiv_2.0499.eicrecon.edm4eic.root,1438.0
root://dtn-eic.jlab.org//volatile/eic/EPIC/RECO/25.08.0/epic_craterlake/DIS/NC/5x41/minQ2=100/pythia8NCDIS_5x41_minQ2=100_beamEffects_xAngle=-0.025_hiDiv_2.0500.eicrecon.edm4eic.root,1438.0
root://dtn-eic.jlab.org//volatile/eic/EPIC/RECO/25.08.0/epic_craterlake/DIS/NC/5x41/minQ2=100/pythia8NCDIS_5x41_minQ2=100_beamEffects_xAngle=-0.025_hiDiv_2.0501.eicrecon.edm4eic.root,1438.0
root://dtn-eic.jlab.org//volatile/eic/EPIC/RECO/25.08.0/epic_craterlake/DIS/NC/5x41/minQ2=100/pythia8NCDIS_5x41_minQ2=100_beamEffects_xAngle=-0.025_hiDiv_2.0502.eicrecon.edm4eic.root,1438.0
root://dtn-eic.jlab.org//volatile/eic/EPIC/RECO/25.08.0/epic_craterlake/DIS/NC/5x41/minQ2=100/pythia8NCDIS_5x41_minQ2=100_beamEffects_xAngle=-0.025_hiDiv_2.0503.eicrecon.edm4eic.root,1438.0
root://dtn-eic.jlab.org//volatile/eic/EPIC/RECO/25.08.0/epic_craterlake/DIS/NC/5x41/minQ2=100/pythia8NCDIS_5x41_minQ2=100_beamEffects_xAngle=-0.025_hiDiv_2.0504.eicrecon.edm4eic.root,1438.0
root://dtn-eic.jlab.org//volatile/eic/EPIC/RECO/25.08.0/epic_craterlake/DIS/NC/5x41/minQ2=100/pythia8NCDIS_5x41_minQ2=100_beamEffects_xAngle=-0.025_hiDiv_2.0505.eicrecon.edm4eic.root,1438.0
root://dtn-eic.jlab.org//volatile/eic/EPIC/RECO/25.08.0/epic_craterlake/DIS/NC/5x41/minQ2=100/pythia8NCDIS_5x41_minQ2=100_beamEffects_xAngle=-0.025_hiDiv_2.0506.eicrecon.edm4eic.root,1438.0
root://dtn-eic.jlab.org//volatile/eic/EPIC/RECO/25.08.0/epic_craterlake/DIS/NC/5x41/minQ2=100/pythia8NCDIS_5x41_minQ2=100_beamEffects_xAngle=-0.025_hiDiv_2.0507.eicrecon.edm4eic.root,1438.0
root://dtn-eic.jlab.org//volatile/eic/EPIC/RECO/25.08.0/epic_craterlake/DIS/NC/5x41/minQ2=100/pythia8NCDIS_5x41_minQ2=100_beamEffects_xAngle=-0.025_hiDiv_2.0508.eicrecon.edm4eic.root,1438.0
root://dtn-eic.jlab.org//volatile/eic/EPIC/RECO/25.08.0/epic_craterlake/DIS/NC/5x41/minQ2=100/pythia8NCDIS_5x41_minQ2=100_beamEffects_xAngle=-0.025_hiDiv_2.0509.eicrecon.edm4eic.root,1438.0
root://dtn-eic.jlab.org//volatile/eic/EPIC/RECO/25.08.0/epic_craterlake/DIS/NC/5x41/minQ2=100/pythia8NCDIS_5x41_minQ2=100_beamEffects_xAngle=-0.025_hiDiv_2.0510.eicrecon.edm4eic.root,1438.0
root://dtn-eic.jlab.org//volatile/eic/EPIC/RECO/25.08.0/epic_craterlake/DIS/NC/5x41/minQ2=100/pythia8NCDIS_5x41_minQ2=100_beamEffects_xAngle=-0.025_hiDiv_2.0511.eicrecon.edm4eic.root,1438.0
root://dtn-eic.jlab.org//volatile/eic/EPIC/RECO/25.08.0/epic_craterlake/DIS/NC/5x41/minQ2=100/pythia8NCDIS_5x41_minQ2=100_beamEffects_xAngle=-0.025_hiDiv_2.0512.eicrecon.edm4eic.root,1438.0
root://dtn-eic.jlab.org//volatile/eic/EPIC/RECO/25.08.0/epic_craterlake/DIS/NC/5x41/minQ2=100/pythia8NCDIS_5x41_minQ2=100_beamEffects_xAngle=-0.025_hiDiv_2.0513.eicrecon.edm4eic.root,1438.0
root://dtn-eic.jlab.org//volatile/eic/EPIC/RECO/25.08.0/epic_craterlake/DIS/NC/5x41/minQ2=100/pythia8NCDIS_5x41_minQ2=100_beamEffects_xAngle=-0.025_hiDiv_2.0514.eicrecon.edm4eic.root,1438.0
root://dtn-eic.jlab.org//volatile/eic/EPIC/RECO/25.08.0/epic_craterlake/DIS/NC/5x41/minQ2=100/pythia8NCDIS_5x41_minQ2=100_beamEffects_xAngle=-0.025_hiDiv_2.0515.eicrecon.edm4eic.root,1438.0
root://dtn-eic.jlab.org//volatile/eic/EPIC/RECO/25.08.0/epic_craterlake/DIS/NC/5x41/minQ2=100/pythia8NCDIS_5x41_minQ2=100_beamEffects_xAngle=-0.025_hiDiv_2.0516.eicrecon.edm4eic.root,1438.0
root://dtn-eic.jlab.org//volatile/eic/EPIC/RECO/25.08.0/epic_craterlake/DIS/NC/5x41/minQ2=100/pythia8NCDIS_5x41_minQ2=100_beamEffects_xAngle=-0.025_hiDiv_2.0517.eicrecon.edm4eic.root,1438.0
root://dtn-eic.jlab.org//volatile/eic/EPIC/RECO/25.08.0/epic_craterlake/DIS/NC/5x41/minQ2=100/pythia8NCDIS_5x41_minQ2=100_beamEffects_xAngle=-0.025_hiDiv_2.0518.eicrecon.edm4eic.root,1438.0
root://dtn-eic.jlab.org//volatile/eic/EPIC/RECO/25.08.0/epic_craterlake/DIS/NC/5x41/minQ2=100/pythia8NCDIS_5x41_minQ2=100_beamEffects_xAngle=-0.025_hiDiv_2.0519.eicrecon.edm4eic.root,1438.0
root://dtn-eic.jlab.org//volatile/eic/EPIC/RECO/25.08.0/epic_craterlake/DIS/NC/5x41/minQ2=100/pythia8NCDIS_5x41_minQ2=100_beamEffects_xAngle=-0.025_hiDiv_2.0520.eicrecon.edm4eic.root,1438.0
root://dtn-eic.jlab.org//volatile/eic/EPIC/RECO/25.08.0/epic_craterlake/DIS/NC/5x41/minQ2=100/pythia8NCDIS_5x41_minQ2=100_beamEffects_xAngle=-0.025_hiDiv_2.0521.eicrecon.edm4eic.root,1438.0
root://dtn-eic.jlab.org//volatile/eic/EPIC/RECO/25.08.0/epic_craterlake/DIS/NC/5x41/minQ2=100/pythia8NCDIS_5x41_minQ2=100_beamEffects_xAngle=-0.025_hiDiv_2.0522.eicrecon.edm4eic.root,1438.0
root://dtn-eic.jlab.org//volatile/eic/EPIC/RECO/25.08.0/epic_craterlake/DIS/NC/5x41/minQ2=100/pythia8NCDIS_5x41_minQ2=100_beamEffects_xAngle=-0.025_hiDiv_2.0523.eicrecon.edm4eic.root,1438.0
root://dtn-eic.jlab.org//volatile/eic/EPIC/RECO/25.08.0/epic_craterlake/DIS/NC/5x41/minQ2=100/pythia8NCDIS_5x41_minQ2=100_beamEffects_xAngle=-0.025_hiDiv_2.0524.eicrecon.edm4eic.root,1438.0
root://dtn-eic.jlab.org//volatile/eic/EPIC/RECO/25.08.0/epic_craterlake/DIS/NC/5x41/minQ2=100/pythia8NCDIS_5x41_minQ2=100_beamEffects_xAngle=-0.025_hiDiv_2.0525.eicrecon.edm4eic.root,1438.0
root://dtn-eic.jlab.org//volatile/eic/EPIC/RECO/25.08.0/epic_craterlake/DIS/NC/5x41/minQ2=100/pythia8NCDIS_5x41_minQ2=100_beamEffects_xAngle=-0.025_hiDiv_2.0526.eicrecon.edm4eic.root,1438.0
root://dtn-eic.jlab.org//volatile/eic/EPIC/RECO/25.08.0/epic_craterlake/DIS/NC/5x41/minQ2=100/pythia8NCDIS_5x41_minQ2=100_beamEffects_xAngle=-0.025_hiDiv_2.0527.eicrecon.edm4eic.root,1438.0
root://dtn-eic.jlab.org//volatile/eic/EPIC/RECO/25.08.0/epic_craterlake/DIS/NC/5x41/minQ2=100/pythia8NCDIS_5x41_minQ2=100_beamEffects_xAngle=-0.025_hiDiv_2.0528.eicrecon.edm4eic.root,1438.0
root://dtn-eic.jlab.org//volatile/eic/EPIC/RECO/25.08.0/epic_craterlake/DIS/NC/5x41/minQ2=100/pythia8NCDIS_5x41_minQ2=100_beamEffects_xAngle=-0.025_hiDiv_2.0529.eicrecon.edm4eic.root,1438.0
root://dtn-eic.jlab.org//volatile/eic/EPIC/RECO/25.08.0/epic_craterlake/DIS/NC/5x41/minQ2=100/pythia8NCDIS_5x41_minQ2=100_beamEffects_xAngle=-0.025_hiDiv_2.0530.eicrecon.edm4eic.root,1438.0
root://dtn-eic.jlab.org//volatile/eic/EPIC/RECO/25.08.0/epic_craterlake/DIS/NC/5x41/minQ2=100/pythia8NCDIS_5x41_minQ2=100_beamEffects_xAngle=-0.025_hiDiv_2.0531.eicrecon.edm4eic.root,1438.0
root://dtn-eic.jlab.org//volatile/eic/EPIC/RECO/25.08.0/epic_craterlake/DIS/NC/5x41/minQ2=100/pythia8NCDIS_5x41_minQ2=100_beamEffects_xAngle=-0.025_hiDiv_2.0532.eicrecon.edm4eic.root,1438.0
root://dtn-eic.jlab.org//volatile/eic/EPIC/RECO/25.08.0/epic_craterlake/DIS/NC/5x41/minQ2=100/pythia8NCDIS_5x41_minQ2=100_beamEffects_xAngle=-0.025_hiDiv_2.0533.eicrecon.edm4eic.root,1438.0
root://dtn-eic.jlab.org//volatile/eic/EPIC/RECO/25.08.0/epic_craterlake/DIS/NC/5x41/minQ2=100/pythia8NCDIS_5x41_minQ2=100_beamEffects_xAngle=-0.025_hiDiv_2.0534.eicrecon.edm4eic.root,1438.0
root://dtn-eic.jlab.org//volatile/eic/EPIC/RECO/25.08.0/epic_craterlake/DIS/NC/5x41/minQ2=100/pythia8NCDIS_5x41_minQ2=100_beamEffects_xAngle=-0.025_hiDiv_2.0535.eicrecon.edm4eic.root,1438.0
root://dtn-eic.jlab.org//volatile/eic/EPIC/RECO/25.08.0/epic_craterlake/DIS/NC/5x41/minQ2=100/pythia8NCDIS_5x41_minQ2=100_beamEffects_xAngle=-0.025_hiDiv_2.0536.eicrecon.edm4eic.root,1438.0
root://dtn-eic.jlab.org//volatile/eic/EPIC/RECO/25.08.0/epic_craterlake/DIS/NC/5x41/minQ2=100/pythia8NCDIS_5x41_minQ2=100_beamEffects_xAngle=-0.025_hiDiv_2.0537.eicrecon.edm4eic.root,1438.0
root://dtn-eic.jlab.org//volatile/eic/EPIC/RECO/25.08.0/epic_craterlake/DIS/NC/5x41/minQ2=100/pythia8NCDIS_5x41_minQ2=100_beamEffects_xAngle=-0.025_hiDiv_2.0538.eicrecon.edm4eic.root,1438.0
root://dtn-eic.jlab.org//volatile/eic/EPIC/RECO/25.08.0/epic_craterlake/DIS/NC/5x41/minQ2=100/pythia8NCDIS_5x41_minQ2=100_beamEffects_xAngle=-0.025_hiDiv_2.0539.eicrecon.edm4eic.root,1438.0
root://dtn-eic.jlab.org//volatile/eic/EPIC/RECO/25.08.0/epic_craterlake/DIS/NC/5x41/minQ2=100/pythia8NCDIS_5x41_minQ2=100_beamEffects_xAngle=-0.025_hiDiv_2.0540.eicrecon.edm4eic.root,1438.0
root://dtn-eic.jlab.org//volatile/eic/EPIC/RECO/25.08.0/epic_craterlake/DIS/NC/5x41/minQ2=100/pythia8NCDIS_5x41_minQ2=100_beamEffects_xAngle=-0.025_hiDiv_2.0541.eicrecon.edm4eic.root,1438.0
root://dtn-eic.jlab.org//volatile/eic/EPIC/RECO/25.08.0/epic_craterlake/DIS/NC/5x41/minQ2=100/pythia8NCDIS_5x41_minQ2=100_beamEffects_xAngle=-0.025_hiDiv_2.0542.eicrecon.edm4eic.root,1438.0
root://dtn-eic.jlab.org//volatile/eic/EPIC/RECO/25.08.0/epic_craterlake/DIS/NC/5x41/minQ2=100/pythia8NCDIS_5x41_minQ2=100_beamEffects_xAngle=-0.025_hiDiv_2.0543.eicrecon.edm4eic.root,1438.0
root://dtn-eic.jlab.org//volatile/eic/EPIC/RECO/25.08.0/epic_craterlake/DIS/NC/5x41/minQ2=100/pythia8NCDIS_5x41_minQ2=100_beamEffects_xAngle=-0.025_hiDiv_2.0544.eicrecon.edm4eic.root,1438.0
root://dtn-eic.jlab.org//volatile/eic/EPIC/RECO/25.08.0/epic_craterlake/DIS/NC/5x41/minQ2=100/pythia8NCDIS_5x41_minQ2=100_beamEffects_xAngle=-0.025_hiDiv_2.0545.eicrecon.edm4eic.root,1438.0
root://dtn-eic.jlab.org//volatile/eic/EPIC/RECO/25.08.0/epic_craterlake/DIS/NC/5x41/minQ2=100/pythia8NCDIS_5x41_minQ2=100_beamEffects_xAngle=-0.025_hiDiv_2.0546.eicrecon.edm4eic.root,1438.0
root://dtn-eic.jlab.org//volatile/eic/EPIC/RECO/25.08.0/epic_craterlake/DIS/NC/5x41/minQ2=100/pythia8NCDIS_5x41_minQ2=100_beamEffects_xAngle=-0.025_hiDiv_2.0547.eicrecon.edm4eic.root,1438.0
root://dtn-eic.jlab.org//volatile/eic/EPIC/RECO/25.08.0/epic_craterlake/DIS/NC/5x41/minQ2=100/pythia8NCDIS_5x41_minQ2=100_beamEffects_xAngle=-0.025_hiDiv_2.0548.eicrecon.edm4eic.root,1438.0
root://dtn-eic.jlab.org//volatile/eic/EPIC/RECO/25.08.0/epic_craterlake/DIS/NC/5x41/minQ2=100/pythia8NCDIS_5x41_minQ2=100_beamEffects_xAngle=-0.025_hiDiv_2.0549.eicrecon.edm4eic.root,1438.0
root://dtn-eic.jlab.org//volatile/eic/EPIC/RECO/25.08.0/epic_craterlake/DIS/NC/5x41/minQ2=100/pythia8NCDIS_5x41_minQ2=100_beamEffects_xAngle=-0.025_hiDiv_2.0550.eicrecon.edm4eic.root,1438.0
root://dtn-eic.jlab.org//volatile/eic/EPIC/RECO/25.08.0/epic_craterlake/DIS/NC/5x41/minQ2=100/pythia8NCDIS_5x41_minQ2=100_beamEffects_xAngle=-0.025_hiDiv_2.0551.eicrecon.edm4eic.root,1438.0
root://dtn-eic.jlab.org//volatile/eic/EPIC/RECO/25.08.0/epic_craterlake/DIS/NC/5x41/minQ2=100/pythia8NCDIS_5x41_minQ2=100_beamEffects_xAngle=-0.025_hiDiv_2.0552.eicrecon.edm4eic.root,1438.0
root://dtn-eic.jlab.org//volatile/eic/EPIC/RECO/25.08.0/epic_craterlake/DIS/NC/5x41/minQ2=100/pythia8NCDIS_5x41_minQ2=100_beamEffects_xAngle=-0.025_hiDiv_2.0553.eicrecon.edm4eic.root,1438.0
root://dtn-eic.jlab.org//volatile/eic/EPIC/RECO/25.08.0/epic_craterlake/DIS/NC/5x41/minQ2=100/pythia8NCDIS_5x41_minQ2=100_beamEffects_xAngle=-0.025_hiDiv_2.0554.eicrecon.edm4eic.root,1438.0
root://dtn-eic.jlab.org//volatile/eic/EPIC/RECO/25.08.0/epic_craterlake/DIS/NC/5x41/minQ2=100/pythia8NCDIS_5x41_minQ2=100_beamEffects_xAngle=-0.025_hiDiv_2.0555.eicrecon.edm4eic.root,1438.0
root://dtn-eic.jlab.org//volatile/eic/EPIC/RECO/25.08.0/epic_craterlake/DIS/NC/5x41/minQ2=100/pythia8NCDIS_5x41_minQ2=100_beamEffects_xAngle=-0.025_hiDiv_2.0556.eicrecon.edm4eic.root,1438.0
root://dtn-eic.jlab.org//volatile/eic/EPIC/RECO/25.08.0/epic_craterlake/DIS/NC/5x41/minQ2=100/pythia8NCDIS_5x41_minQ2=100_beamEffects_xAngle=-0.025_hiDiv_2.0557.eicrecon.edm4eic.root,1438.0
root://dtn-eic.jlab.org//volatile/eic/EPIC/RECO/25.08.0/epic_craterlake/DIS/NC/5x41/minQ2=100/pythia8NCDIS_5x41_minQ2=100_beamEffects_xAngle=-0.025_hiDiv_2.0558.eicrecon.edm4eic.root,1438.0
root://dtn-eic.jlab.org//volatile/eic/EPIC/RECO/25.08.0/epic_craterlake/DIS/NC/5x41/minQ2=100/pythia8NCDIS_5x41_minQ2=100_beamEffects_xAngle=-0.025_hiDiv_2.0559.eicrecon.edm4eic.root,1438.0
root://dtn-eic.jlab.org//volatile/eic/EPIC/RECO/25.08.0/epic_craterlake/DIS/NC/5x41/minQ2=100/pythia8NCDIS_5x41_minQ2=100_beamEffects_xAngle=-0.025_hiDiv_2.0560.eicrecon.edm4eic.root,1438.0
root://dtn-eic.jlab.org//volatile/eic/EPIC/RECO/25.08.0/epic_craterlake/DIS/NC/5x41/minQ2=100/pythia8NCDIS_5x41_minQ2=100_beamEffects_xAngle=-0.025_hiDiv_2.0561.eicrecon.edm4eic.root,1438.0
root://dtn-eic.jlab.org//volatile/eic/EPIC/RECO/25.08.0/epic_craterlake/DIS/NC/5x41/minQ2=100/pythia8NCDIS_5x41_minQ2=100_beamEffects_xAngle=-0.025_hiDiv_2.0562.eicrecon.edm4eic.root,1438.0
root://dtn-eic.jlab.org//volatile/eic/EPIC/RECO/25.08.0/epic_craterlake/DIS/NC/5x41/minQ2=100/pythia8NCDIS_5x41_minQ2=100_beamEffects_xAngle=-0.025_hiDiv_2.0563.eicrecon.edm4eic.root,1438.0
root://dtn-eic.jlab.org//volatile/eic/EPIC/RECO/25.08.0/epic_craterlake/DIS/NC/5x41/minQ2=100/pythia8NCDIS_5x41_minQ2=100_beamEffects_xAngle=-0.025_hiDiv_2.0564.eicrecon.edm4eic.root,1438.0
root://dtn-eic.jlab.org//volatile/eic/EPIC/RECO/25.08.0/epic_craterlake/DIS/NC/5x41/minQ2=100/pythia8NCDIS_5x41_minQ2=100_beamEffects_xAngle=-0.025_hiDiv_2.0565.eicrecon.edm4eic.root,1438.0
root://dtn-eic.jlab.org//volatile/eic/EPIC/RECO/25.08.0/epic_craterlake/DIS/NC/5x41/minQ2=100/pythia8NCDIS_5x41_minQ2=100_beamEffects_xAngle=-0.025_hiDiv_2.0566.eicrecon.edm4eic.root,1438.0
root://dtn-eic.jlab.org//volatile/eic/EPIC/RECO/25.08.0/epic_craterlake/DIS/NC/5x41/minQ2=100/pythia8NCDIS_5x41_minQ2=100_beamEffects_xAngle=-0.025_hiDiv_2.0567.eicrecon.edm4eic.root,1438.0
root://dtn-eic.jlab.org//volatile/eic/EPIC/RECO/25.08.0/epic_craterlake/DIS/NC/5x41/minQ2=100/pythia8NCDIS_5x41_minQ2=100_beamEffects_xAngle=-0.025_hiDiv_2.0568.eicrecon.edm4eic.root,1438.0
root://dtn-eic.jlab.org//volatile/eic/EPIC/RECO/25.08.0/epic_craterlake/DIS/NC/5x41/minQ2=100/pythia8NCDIS_5x41_minQ2=100_beamEffects_xAngle=-0.025_hiDiv_2.0569.eicrecon.edm4eic.root,1438.0
root://dtn-eic.jlab.org//volatile/eic/EPIC/RECO/25.08.0/epic_craterlake/DIS/NC/5x41/minQ2=100/pythia8NCDIS_5x41_minQ2=100_beamEffects_xAngle=-0.025_hiDiv_2.0570.eicrecon.edm4eic.root,1438.0
root://dtn-eic.jlab.org//volatile/eic/EPIC/RECO/25.08.0/epic_craterlake/DIS/NC/5x41/minQ2=100/pythia8NCDIS_5x41_minQ2=100_beamEffects_xAngle=-0.025_hiDiv_2.0571.eicrecon.edm4eic.root,1438.0
root://dtn-eic.jlab.org//volatile/eic/EPIC/RECO/25.08.0/epic_craterlake/DIS/NC/5x41/minQ2=100/pythia8NCDIS_5x41_minQ2=100_beamEffects_xAngle=-0.025_hiDiv_2.0572.eicrecon.edm4eic.root,1438.0
root://dtn-eic.jlab.org//volatile/eic/EPIC/RECO/25.08.0/epic_craterlake/DIS/NC/5x41/minQ2=100/pythia8NCDIS_5x41_minQ2=100_beamEffects_xAngle=-0.025_hiDiv_2.0573.eicrecon.edm4eic.root,1438.0
root://dtn-eic.jlab.org//volatile/eic/EPIC/RECO/25.08.0/epic_craterlake/DIS/NC/5x41/minQ2=100/pythia8NCDIS_5x41_minQ2=100_beamEffects_xAngle=-0.025_hiDiv_2.0574.eicrecon.edm4eic.root,1438.0
root://dtn-eic.jlab.org//volatile/eic/EPIC/RECO/25.08.0/epic_craterlake/DIS/NC/5x41/minQ2=100/pythia8NCDIS_5x41_minQ2=100_beamEffects_xAngle=-0.025_hiDiv_2.0575.eicrecon.edm4eic.root,1438.0
root://dtn-eic.jlab.org//volatile/eic/EPIC/RECO/25.08.0/epic_craterlake/DIS/NC/5x41/minQ2=100/pythia8NCDIS_5x41_minQ2=100_beamEffects_xAngle=-0.025_hiDiv_2.0576.eicrecon.edm4eic.root,1438.0
root://dtn-eic.jlab.org//volatile/eic/EPIC/RECO/25.08.0/epic_craterlake/DIS/NC/5x41/minQ2=100/pythia8NCDIS_5x41_minQ2=100_beamEffects_xAngle=-0.025_hiDiv_2.0577.eicrecon.edm4eic.root,1438.0
root://dtn-eic.jlab.org//volatile/eic/EPIC/RECO/25.08.0/epic_craterlake/DIS/NC/5x41/minQ2=100/pythia8NCDIS_5x41_minQ2=100_beamEffects_xAngle=-0.025_hiDiv_2.0578.eicrecon.edm4eic.root,1438.0
root://dtn-eic.jlab.org//volatile/eic/EPIC/RECO/25.08.0/epic_craterlake/DIS/NC/5x41/minQ2=100/pythia8NCDIS_5x41_minQ2=100_beamEffects_xAngle=-0.025_hiDiv_2.0579.eicrecon.edm4eic.root,1438.0
root://dtn-eic.jlab.org//volatile/eic/EPIC/RECO/25.08.0/epic_craterlake/DIS/NC/5x41/minQ2=100/pythia8NCDIS_5x41_minQ2=100_beamEffects_xAngle=-0.025_hiDiv_2.0580.eicrecon.edm4eic.root,1438.0
root://dtn-eic.jlab.org//volatile/eic/EPIC/RECO/25.08.0/epic_craterlake/DIS/NC/5x41/minQ2=100/pythia8NCDIS_5x41_minQ2=100_beamEffects_xAngle=-0.025_hiDiv_2.0581.eicrecon.edm4eic.root,1438.0
root://dtn-eic.jlab.org//volatile/eic/EPIC/RECO/25.08.0/epic_craterlake/DIS/NC/5x41/minQ2=100/pythia8NCDIS_5x41_minQ2=100_beamEffects_xAngle=-0.025_hiDiv_2.0582.eicrecon.edm4eic.root,1438.0
root://dtn-eic.jlab.org//volatile/eic/EPIC/RECO/25.08.0/epic_craterlake/DIS/NC/5x41/minQ2=100/pythia8NCDIS_5x41_minQ2=100_beamEffects_xAngle=-0.025_hiDiv_2.0583.eicrecon.edm4eic.root,1438.0
root://dtn-eic.jlab.org//volatile/eic/EPIC/RECO/25.08.0/epic_craterlake/DIS/NC/5x41/minQ2=100/pythia8NCDIS_5x41_minQ2=100_beamEffects_xAngle=-0.025_hiDiv_2.0584.eicrecon.edm4eic.root,1438.0
root://dtn-eic.jlab.org//volatile/eic/EPIC/RECO/25.08.0/epic_craterlake/DIS/NC/5x41/minQ2=100/pythia8NCDIS_5x41_minQ2=100_beamEffects_xAngle=-0.025_hiDiv_2.0585.eicrecon.edm4eic.root,1438.0
root://dtn-eic.jlab.org//volatile/eic/EPIC/RECO/25.08.0/epic_craterlake/DIS/NC/5x41/minQ2=100/pythia8NCDIS_5x41_minQ2=100_beamEffects_xAngle=-0.025_hiDiv_2.0586.eicrecon.edm4eic.root,1438.0
root://dtn-eic.jlab.org//volatile/eic/EPIC/RECO/25.08.0/epic_craterlake/DIS/NC/5x41/minQ2=100/pythia8NCDIS_5x41_minQ2=100_beamEffects_xAngle=-0.025_hiDiv_2.0587.eicrecon.edm4eic.root,1438.0
root://dtn-eic.jlab.org//volatile/eic/EPIC/RECO/25.08.0/epic_craterlake/DIS/NC/5x41/minQ2=100/pythia8NCDIS_5x41_minQ2=100_beamEffects_xAngle=-0.025_hiDiv_2.0588.eicrecon.edm4eic.root,1438.0
root://dtn-eic.jlab.org//volatile/eic/EPIC/RECO/25.08.0/epic_craterlake/DIS/NC/5x41/minQ2=100/pythia8NCDIS_5x41_minQ2=100_beamEffects_xAngle=-0.025_hiDiv_2.0589.eicrecon.edm4eic.root,1438.0
root://dtn-eic.jlab.org//volatile/eic/EPIC/RECO/25.08.0/epic_craterlake/DIS/NC/5x41/minQ2=100/pythia8NCDIS_5x41_minQ2=100_beamEffects_xAngle=-0.025_hiDiv_2.0590.eicrecon.edm4eic.root,1438.0
root://dtn-eic.jlab.org//volatile/eic/EPIC/RECO/25.08.0/epic_craterlake/DIS/NC/5x41/minQ2=100/pythia8NCDIS_5x41_minQ2=100_beamEffects_xAngle=-0.025_hiDiv_2.0591.eicrecon.edm4eic.root,1438.0
root://dtn-eic.jlab.org//volatile/eic/EPIC/RECO/25.08.0/epic_craterlake/DIS/NC/5x41/minQ2=100/pythia8NCDIS_5x41_minQ2=100_beamEffects_xAngle=-0.025_hiDiv_2.0592.eicrecon.edm4eic.root,1438.0
root://dtn-eic.jlab.org//volatile/eic/EPIC/RECO/25.08.0/epic_craterlake/DIS/NC/5x41/minQ2=100/pythia8NCDIS_5x41_minQ2=100_beamEffects_xAngle=-0.025_hiDiv_2.0593.eicrecon.edm4eic.root,1438.0
root://dtn-eic.jlab.org//volatile/eic/EPIC/RECO/25.08.0/epic_craterlake/DIS/NC/5x41/minQ2=100/pythia8NCDIS_5x41_minQ2=100_beamEffects_xAngle=-0.025_hiDiv_2.0594.eicrecon.edm4eic.root,1438.0
root://dtn-eic.jlab.org//volatile/eic/EPIC/RECO/25.08.0/epic_craterlake/DIS/NC/5x41/minQ2=100/pythia8NCDIS_5x41_minQ2=100_beamEffects_xAngle=-0.025_hiDiv_2.0595.eicrecon.edm4eic.root,1438.0
root://dtn-eic.jlab.org//volatile/eic/EPIC/RECO/25.08.0/epic_craterlake/DIS/NC/5x41/minQ2=100/pythia8NCDIS_5x41_minQ2=100_beamEffects_xAngle=-0.025_hiDiv_2.0596.eicrecon.edm4eic.root,1438.0
root://dtn-eic.jlab.org//volatile/eic/EPIC/RECO/25.08.0/epic_craterlake/DIS/NC/5x41/minQ2=100/pythia8NCDIS_5x41_minQ2=100_beamEffects_xAngle=-0.025_hiDiv_2.0597.eicrecon.edm4eic.root,1438.0
root://dtn-eic.jlab.org//volatile/eic/EPIC/RECO/25.08.0/epic_craterlake/DIS/NC/5x41/minQ2=100/pythia8NCDIS_5x41_minQ2=100_beamEffects_xAngle=-0.025_hiDiv_2.0598.eicrecon.edm4eic.root,1438.0
root://dtn-eic.jlab.org//volatile/eic/EPIC/RECO/25.08.0/epic_craterlake/DIS/NC/5x41/minQ2=100/pythia8NCDIS_5x41_minQ2=100_beamEffects_xAngle=-0.025_hiDiv_2.0599.eicrecon.edm4eic.root,1438.0
root://dtn-eic.jlab.org//volatile/eic/EPIC/RECO/25.08.0/epic_craterlake/DIS/NC/5x41/minQ2=100/pythia8NCDIS_5x41_minQ2=100_beamEffects_xAngle=-0.025_hiDiv_2.0600.eicrecon.edm4eic.root,1438.0
root://dtn-eic.jlab.org//volatile/eic/EPIC/RECO/25.08.0/epic_craterlake/DIS/NC/5x41/minQ2=100/pythia8NCDIS_5x41_minQ2=100_beamEffects_xAngle=-0.025_hiDiv_2.0601.eicrecon.edm4eic.root,1438.0
root://dtn-eic.jlab.org//volatile/eic/EPIC/RECO/25.08.0/epic_craterlake/DIS/NC/5x41/minQ2=100/pythia8NCDIS_5x41_minQ2=100_beamEffects_xAngle=-0.025_hiDiv_2.0602.eicrecon.edm4eic.root,1438.0
root://dtn-eic.jlab.org//volatile/eic/EPIC/RECO/25.08.0/epic_craterlake/DIS/NC/5x41/minQ2=100/pythia8NCDIS_5x41_minQ2=100_beamEffects_xAngle=-0.025_hiDiv_2.0603.eicrecon.edm4eic.root,1438.0
root://dtn-eic.jlab.org//volatile/eic/EPIC/RECO/25.08.0/epic_craterlake/DIS/NC/5x41/minQ2=100/pythia8NCDIS_5x41_minQ2=100_beamEffects_xAngle=-0.025_hiDiv_2.0604.eicrecon.edm4eic.root,1438.0
root://dtn-eic.jlab.org//volatile/eic/EPIC/RECO/25.08.0/epic_craterlake/DIS/NC/5x41/minQ2=100/pythia8NCDIS_5x41_minQ2=100_beamEffects_xAngle=-0.025_hiDiv_2.0605.eicrecon.edm4eic.root,1438.0
root://dtn-eic.jlab.org//volatile/eic/EPIC/RECO/25.08.0/epic_craterlake/DIS/NC/5x41/minQ2=100/pythia8NCDIS_5x41_minQ2=100_beamEffects_xAngle=-0.025_hiDiv_2.0606.eicrecon.edm4eic.root,1438.0
root://dtn-eic.jlab.org//volatile/eic/EPIC/RECO/25.08.0/epic_craterlake/DIS/NC/5x41/minQ2=100/pythia8NCDIS_5x41_minQ2=100_beamEffects_xAngle=-0.025_hiDiv_2.0607.eicrecon.edm4eic.root,1438.0
root://dtn-eic.jlab.org//volatile/eic/EPIC/RECO/25.08.0/epic_craterlake/DIS/NC/5x41/minQ2=100/pythia8NCDIS_5x41_minQ2=100_beamEffects_xAngle=-0.025_hiDiv_2.0608.eicrecon.edm4eic.root,1438.0
root://dtn-eic.jlab.org//volatile/eic/EPIC/RECO/25.08.0/epic_craterlake/DIS/NC/5x41/minQ2=100/pythia8NCDIS_5x41_minQ2=100_beamEffects_xAngle=-0.025_hiDiv_2.0609.eicrecon.edm4eic.root,1438.0
root://dtn-eic.jlab.org//volatile/eic/EPIC/RECO/25.08.0/epic_craterlake/DIS/NC/5x41/minQ2=100/pythia8NCDIS_5x41_minQ2=100_beamEffects_xAngle=-0.025_hiDiv_2.0610.eicrecon.edm4eic.root,1438.0
root://dtn-eic.jlab.org//volatile/eic/EPIC/RECO/25.08.0/epic_craterlake/DIS/NC/5x41/minQ2=100/pythia8NCDIS_5x41_minQ2=100_beamEffects_xAngle=-0.025_hiDiv_2.0611.eicrecon.edm4eic.root,1438.0
root://dtn-eic.jlab.org//volatile/eic/EPIC/RECO/25.08.0/epic_craterlake/DIS/NC/5x41/minQ2=100/pythia8NCDIS_5x41_minQ2=100_beamEffects_xAngle=-0.025_hiDiv_2.0612.eicrecon.edm4eic.root,1438.0
root://dtn-eic.jlab.org//volatile/eic/EPIC/RECO/25.08.0/epic_craterlake/DIS/NC/5x41/minQ2=100/pythia8NCDIS_5x41_minQ2=100_beamEffects_xAngle=-0.025_hiDiv_2.0613.eicrecon.edm4eic.root,1438.0
root://dtn-eic.jlab.org//volatile/eic/EPIC/RECO/25.08.0/epic_craterlake/DIS/NC/5x41/minQ2=100/pythia8NCDIS_5x41_minQ2=100_beamEffects_xAngle=-0.025_hiDiv_2.0614.eicrecon.edm4eic.root,1438.0
root://dtn-eic.jlab.org//volatile/eic/EPIC/RECO/25.08.0/epic_craterlake/DIS/NC/5x41/minQ2=100/pythia8NCDIS_5x41_minQ2=100_beamEffects_xAngle=-0.025_hiDiv_2.0615.eicrecon.edm4eic.root,1438.0
root://dtn-eic.jlab.org//volatile/eic/EPIC/RECO/25.08.0/epic_craterlake/DIS/NC/5x41/minQ2=100/pythia8NCDIS_5x41_minQ2=100_beamEffects_xAngle=-0.025_hiDiv_2.0616.eicrecon.edm4eic.root,1438.0
root://dtn-eic.jlab.org//volatile/eic/EPIC/RECO/25.08.0/epic_craterlake/DIS/NC/5x41/minQ2=100/pythia8NCDIS_5x41_minQ2=100_beamEffects_xAngle=-0.025_hiDiv_2.0617.eicrecon.edm4eic.root,1438.0
root://dtn-eic.jlab.org//volatile/eic/EPIC/RECO/25.08.0/epic_craterlake/DIS/NC/5x41/minQ2=100/pythia8NCDIS_5x41_minQ2=100_beamEffects_xAngle=-0.025_hiDiv_2.0618.eicrecon.edm4eic.root,1438.0
root://dtn-eic.jlab.org//volatile/eic/EPIC/RECO/25.08.0/epic_craterlake/DIS/NC/5x41/minQ2=100/pythia8NCDIS_5x41_minQ2=100_beamEffects_xAngle=-0.025_hiDiv_2.0619.eicrecon.edm4eic.root,1438.0
root://dtn-eic.jlab.org//volatile/eic/EPIC/RECO/25.08.0/epic_craterlake/DIS/NC/5x41/minQ2=100/pythia8NCDIS_5x41_minQ2=100_beamEffects_xAngle=-0.025_hiDiv_2.0620.eicrecon.edm4eic.root,1438.0
root://dtn-eic.jlab.org//volatile/eic/EPIC/RECO/25.08.0/epic_craterlake/DIS/NC/5x41/minQ2=100/pythia8NCDIS_5x41_minQ2=100_beamEffects_xAngle=-0.025_hiDiv_2.0621.eicrecon.edm4eic.root,1438.0
root://dtn-eic.jlab.org//volatile/eic/EPIC/RECO/25.08.0/epic_craterlake/DIS/NC/5x41/minQ2=100/pythia8NCDIS_5x41_minQ2=100_beamEffects_xAngle=-0.025_hiDiv_2.0622.eicrecon.edm4eic.root,1438.0
root://dtn-eic.jlab.org//volatile/eic/EPIC/RECO/25.08.0/epic_craterlake/DIS/NC/5x41/minQ2=100/pythia8NCDIS_5x41_minQ2=100_beamEffects_xAngle=-0.025_hiDiv_2.0623.eicrecon.edm4eic.root,1438.0
root://dtn-eic.jlab.org//volatile/eic/EPIC/RECO/25.08.0/epic_craterlake/DIS/NC/5x41/minQ2=100/pythia8NCDIS_5x41_minQ2=100_beamEffects_xAngle=-0.025_hiDiv_2.0624.eicrecon.edm4eic.root,1438.0
root://dtn-eic.jlab.org//volatile/eic/EPIC/RECO/25.08.0/epic_craterlake/DIS/NC/5x41/minQ2=100/pythia8NCDIS_5x41_minQ2=100_beamEffects_xAngle=-0.025_hiDiv_2.0625.eicrecon.edm4eic.root,1438.0
root://dtn-eic.jlab.org//volatile/eic/EPIC/RECO/25.08.0/epic_craterlake/DIS/NC/5x41/minQ2=100/pythia8NCDIS_5x41_minQ2=100_beamEffects_xAngle=-0.025_hiDiv_2.0626.eicrecon.edm4eic.root,1438.0
root://dtn-eic.jlab.org//volatile/eic/EPIC/RECO/25.08.0/epic_craterlake/DIS/NC/5x41/minQ2=100/pythia8NCDIS_5x41_minQ2=100_beamEffects_xAngle=-0.025_hiDiv_2.0627.eicrecon.edm4eic.root,1438.0
root://dtn-eic.jlab.org//volatile/eic/EPIC/RECO/25.08.0/epic_craterlake/DIS/NC/5x41/minQ2=100/pythia8NCDIS_5x41_minQ2=100_beamEffects_xAngle=-0.025_hiDiv_2.0628.eicrecon.edm4eic.root,1438.0
root://dtn-eic.jlab.org//volatile/eic/EPIC/RECO/25.08.0/epic_craterlake/DIS/NC/5x41/minQ2=100/pythia8NCDIS_5x41_minQ2=100_beamEffects_xAngle=-0.025_hiDiv_2.0629.eicrecon.edm4eic.root,1438.0
root://dtn-eic.jlab.org//volatile/eic/EPIC/RECO/25.08.0/epic_craterlake/DIS/NC/5x41/minQ2=100/pythia8NCDIS_5x41_minQ2=100_beamEffects_xAngle=-0.025_hiDiv_2.0630.eicrecon.edm4eic.root,1438.0
root://dtn-eic.jlab.org//volatile/eic/EPIC/RECO/25.08.0/epic_craterlake/DIS/NC/5x41/minQ2=100/pythia8NCDIS_5x41_minQ2=100_beamEffects_xAngle=-0.025_hiDiv_2.0631.eicrecon.edm4eic.root,1438.0
root://dtn-eic.jlab.org//volatile/eic/EPIC/RECO/25.08.0/epic_craterlake/DIS/NC/5x41/minQ2=100/pythia8NCDIS_5x41_minQ2=100_beamEffects_xAngle=-0.025_hiDiv_2.0632.eicrecon.edm4eic.root,1438.0
root://dtn-eic.jlab.org//volatile/eic/EPIC/RECO/25.08.0/epic_craterlake/DIS/NC/5x41/minQ2=100/pythia8NCDIS_5x41_minQ2=100_beamEffects_xAngle=-0.025_hiDiv_2.0633.eicrecon.edm4eic.root,1438.0
root://dtn-eic.jlab.org//volatile/eic/EPIC/RECO/25.08.0/epic_craterlake/DIS/NC/5x41/minQ2=100/pythia8NCDIS_5x41_minQ2=100_beamEffects_xAngle=-0.025_hiDiv_2.0634.eicrecon.edm4eic.root,1438.0
root://dtn-eic.jlab.org//volatile/eic/EPIC/RECO/25.08.0/epic_craterlake/DIS/NC/5x41/minQ2=100/pythia8NCDIS_5x41_minQ2=100_beamEffects_xAngle=-0.025_hiDiv_2.0635.eicrecon.edm4eic.root,1438.0
root://dtn-eic.jlab.org//volatile/eic/EPIC/RECO/25.08.0/epic_craterlake/DIS/NC/5x41/minQ2=100/pythia8NCDIS_5x41_minQ2=100_beamEffects_xAngle=-0.025_hiDiv_2.0636.eicrecon.edm4eic.root,1438.0
root://dtn-eic.jlab.org//volatile/eic/EPIC/RECO/25.08.0/epic_craterlake/DIS/NC/5x41/minQ2=100/pythia8NCDIS_5x41_minQ2=100_beamEffects_xAngle=-0.025_hiDiv_2.0637.eicrecon.edm4eic.root,1438.0
root://dtn-eic.jlab.org//volatile/eic/EPIC/RECO/25.08.0/epic_craterlake/DIS/NC/5x41/minQ2=100/pythia8NCDIS_5x41_minQ2=100_beamEffects_xAngle=-0.025_hiDiv_2.0638.eicrecon.edm4eic.root,1438.0
root://dtn-eic.jlab.org//volatile/eic/EPIC/RECO/25.08.0/epic_craterlake/DIS/NC/5x41/minQ2=100/pythia8NCDIS_5x41_minQ2=100_beamEffects_xAngle=-0.025_hiDiv_2.0639.eicrecon.edm4eic.root,1438.0
root://dtn-eic.jlab.org//volatile/eic/EPIC/RECO/25.08.0/epic_craterlake/DIS/NC/5x41/minQ2=100/pythia8NCDIS_5x41_minQ2=100_beamEffects_xAngle=-0.025_hiDiv_2.0640.eicrecon.edm4eic.root,1438.0
root://dtn-eic.jlab.org//volatile/eic/EPIC/RECO/25.08.0/epic_craterlake/DIS/NC/5x41/minQ2=100/pythia8NCDIS_5x41_minQ2=100_beamEffects_xAngle=-0.025_hiDiv_2.0641.eicrecon.edm4eic.root,1438.0
root://dtn-eic.jlab.org//volatile/eic/EPIC/RECO/25.08.0/epic_craterlake/DIS/NC/5x41/minQ2=100/pythia8NCDIS_5x41_minQ2=100_beamEffects_xAngle=-0.025_hiDiv_2.0642.eicrecon.edm4eic.root,1438.0
root://dtn-eic.jlab.org//volatile/eic/EPIC/RECO/25.08.0/epic_craterlake/DIS/NC/5x41/minQ2=100/pythia8NCDIS_5x41_minQ2=100_beamEffects_xAngle=-0.025_hiDiv_2.0643.eicrecon.edm4eic.root,1438.0
root://dtn-eic.jlab.org//volatile/eic/EPIC/RECO/25.08.0/epic_craterlake/DIS/NC/5x41/minQ2=100/pythia8NCDIS_5x41_minQ2=100_beamEffects_xAngle=-0.025_hiDiv_2.0644.eicrecon.edm4eic.root,1438.0
root://dtn-eic.jlab.org//volatile/eic/EPIC/RECO/25.08.0/epic_craterlake/DIS/NC/5x41/minQ2=100/pythia8NCDIS_5x41_minQ2=100_beamEffects_xAngle=-0.025_hiDiv_2.0645.eicrecon.edm4eic.root,1438.0
root://dtn-eic.jlab.org//volatile/eic/EPIC/RECO/25.08.0/epic_craterlake/DIS/NC/5x41/minQ2=100/pythia8NCDIS_5x41_minQ2=100_beamEffects_xAngle=-0.025_hiDiv_2.0646.eicrecon.edm4eic.root,1438.0
root://dtn-eic.jlab.org//volatile/eic/EPIC/RECO/25.08.0/epic_craterlake/DIS/NC/5x41/minQ2=100/pythia8NCDIS_5x41_minQ2=100_beamEffects_xAngle=-0.025_hiDiv_2.0647.eicrecon.edm4eic.root,1438.0
root://dtn-eic.jlab.org//volatile/eic/EPIC/RECO/25.08.0/epic_craterlake/DIS/NC/5x41/minQ2=100/pythia8NCDIS_5x41_minQ2=100_beamEffects_xAngle=-0.025_hiDiv_2.0648.eicrecon.edm4eic.root,1438.0
root://dtn-eic.jlab.org//volatile/eic/EPIC/RECO/25.08.0/epic_craterlake/DIS/NC/5x41/minQ2=100/pythia8NCDIS_5x41_minQ2=100_beamEffects_xAngle=-0.025_hiDiv_2.0649.eicrecon.edm4eic.root,1438.0
root://dtn-eic.jlab.org//volatile/eic/EPIC/RECO/25.08.0/epic_craterlake/DIS/NC/5x41/minQ2=100/pythia8NCDIS_5x41_minQ2=100_beamEffects_xAngle=-0.025_hiDiv_2.0650.eicrecon.edm4eic.root,1438.0
root://dtn-eic.jlab.org//volatile/eic/EPIC/RECO/25.08.0/epic_craterlake/DIS/NC/5x41/minQ2=100/pythia8NCDIS_5x41_minQ2=100_beamEffects_xAngle=-0.025_hiDiv_2.0651.eicrecon.edm4eic.root,1438.0
root://dtn-eic.jlab.org//volatile/eic/EPIC/RECO/25.08.0/epic_craterlake/DIS/NC/5x41/minQ2=100/pythia8NCDIS_5x41_minQ2=100_beamEffects_xAngle=-0.025_hiDiv_2.0652.eicrecon.edm4eic.root,1438.0
root://dtn-eic.jlab.org//volatile/eic/EPIC/RECO/25.08.0/epic_craterlake/DIS/NC/5x41/minQ2=100/pythia8NCDIS_5x41_minQ2=100_beamEffects_xAngle=-0.025_hiDiv_2.0653.eicrecon.edm4eic.root,1438.0
root://dtn-eic.jlab.org//volatile/eic/EPIC/RECO/25.08.0/epic_craterlake/DIS/NC/5x41/minQ2=100/pythia8NCDIS_5x41_minQ2=100_beamEffects_xAngle=-0.025_hiDiv_2.0654.eicrecon.edm4eic.root,1438.0
root://dtn-eic.jlab.org//volatile/eic/EPIC/RECO/25.08.0/epic_craterlake/DIS/NC/5x41/minQ2=100/pythia8NCDIS_5x41_minQ2=100_beamEffects_xAngle=-0.025_hiDiv_2.0655.eicrecon.edm4eic.root,1438.0
root://dtn-eic.jlab.org//volatile/eic/EPIC/RECO/25.08.0/epic_craterlake/DIS/NC/5x41/minQ2=100/pythia8NCDIS_5x41_minQ2=100_beamEffects_xAngle=-0.025_hiDiv_2.0656.eicrecon.edm4eic.root,1438.0
root://dtn-eic.jlab.org//volatile/eic/EPIC/RECO/25.08.0/epic_craterlake/DIS/NC/5x41/minQ2=100/pythia8NCDIS_5x41_minQ2=100_beamEffects_xAngle=-0.025_hiDiv_2.0657.eicrecon.edm4eic.root,1438.0
root://dtn-eic.jlab.org//volatile/eic/EPIC/RECO/25.08.0/epic_craterlake/DIS/NC/5x41/minQ2=100/pythia8NCDIS_5x41_minQ2=100_beamEffects_xAngle=-0.025_hiDiv_2.0658.eicrecon.edm4eic.root,1438.0
root://dtn-eic.jlab.org//volatile/eic/EPIC/RECO/25.08.0/epic_craterlake/DIS/NC/5x41/minQ2=100/pythia8NCDIS_5x41_minQ2=100_beamEffects_xAngle=-0.025_hiDiv_2.0659.eicrecon.edm4eic.root,1438.0
root://dtn-eic.jlab.org//volatile/eic/EPIC/RECO/25.08.0/epic_craterlake/DIS/NC/5x41/minQ2=100/pythia8NCDIS_5x41_minQ2=100_beamEffects_xAngle=-0.025_hiDiv_2.0660.eicrecon.edm4eic.root,1438.0
root://dtn-eic.jlab.org//volatile/eic/EPIC/RECO/25.08.0/epic_craterlake/DIS/NC/5x41/minQ2=100/pythia8NCDIS_5x41_minQ2=100_beamEffects_xAngle=-0.025_hiDiv_2.0661.eicrecon.edm4eic.root,1438.0
root://dtn-eic.jlab.org//volatile/eic/EPIC/RECO/25.08.0/epic_craterlake/DIS/NC/5x41/minQ2=100/pythia8NCDIS_5x41_minQ2=100_beamEffects_xAngle=-0.025_hiDiv_2.0662.eicrecon.edm4eic.root,1438.0
root://dtn-eic.jlab.org//volatile/eic/EPIC/RECO/25.08.0/epic_craterlake/DIS/NC/5x41/minQ2=100/pythia8NCDIS_5x41_minQ2=100_beamEffects_xAngle=-0.025_hiDiv_2.0663.eicrecon.edm4eic.root,1438.0
root://dtn-eic.jlab.org//volatile/eic/EPIC/RECO/25.08.0/epic_craterlake/DIS/NC/5x41/minQ2=100/pythia8NCDIS_5x41_minQ2=100_beamEffects_xAngle=-0.025_hiDiv_2.0664.eicrecon.edm4eic.root,1438.0
root://dtn-eic.jlab.org//volatile/eic/EPIC/RECO/25.08.0/epic_craterlake/DIS/NC/5x41/minQ2=100/pythia8NCDIS_5x41_minQ2=100_beamEffects_xAngle=-0.025_hiDiv_2.0665.eicrecon.edm4eic.root,1438.0
root://dtn-eic.jlab.org//volatile/eic/EPIC/RECO/25.08.0/epic_craterlake/DIS/NC/5x41/minQ2=100/pythia8NCDIS_5x41_minQ2=100_beamEffects_xAngle=-0.025_hiDiv_2.0666.eicrecon.edm4eic.root,1438.0
root://dtn-eic.jlab.org//volatile/eic/EPIC/RECO/25.08.0/epic_craterlake/DIS/NC/5x41/minQ2=100/pythia8NCDIS_5x41_minQ2=100_beamEffects_xAngle=-0.025_hiDiv_2.0667.eicrecon.edm4eic.root,1438.0
root://dtn-eic.jlab.org//volatile/eic/EPIC/RECO/25.08.0/epic_craterlake/DIS/NC/5x41/minQ2=100/pythia8NCDIS_5x41_minQ2=100_beamEffects_xAngle=-0.025_hiDiv_2.0668.eicrecon.edm4eic.root,1438.0
root://dtn-eic.jlab.org//volatile/eic/EPIC/RECO/25.08.0/epic_craterlake/DIS/NC/5x41/minQ2=100/pythia8NCDIS_5x41_minQ2=100_beamEffects_xAngle=-0.025_hiDiv_2.0669.eicrecon.edm4eic.root,1438.0
root://dtn-eic.jlab.org//volatile/eic/EPIC/RECO/25.08.0/epic_craterlake/DIS/NC/5x41/minQ2=100/pythia8NCDIS_5x41_minQ2=100_beamEffects_xAngle=-0.025_hiDiv_2.0670.eicrecon.edm4eic.root,1438.0
root://dtn-eic.jlab.org//volatile/eic/EPIC/RECO/25.08.0/epic_craterlake/DIS/NC/5x41/minQ2=100/pythia8NCDIS_5x41_minQ2=100_beamEffects_xAngle=-0.025_hiDiv_2.0671.eicrecon.edm4eic.root,1438.0
root://dtn-eic.jlab.org//volatile/eic/EPIC/RECO/25.08.0/epic_craterlake/DIS/NC/5x41/minQ2=100/pythia8NCDIS_5x41_minQ2=100_beamEffects_xAngle=-0.025_hiDiv_2.0672.eicrecon.edm4eic.root,1438.0
root://dtn-eic.jlab.org//volatile/eic/EPIC/RECO/25.08.0/epic_craterlake/DIS/NC/5x41/minQ2=100/pythia8NCDIS_5x41_minQ2=100_beamEffects_xAngle=-0.025_hiDiv_2.0673.eicrecon.edm4eic.root,1438.0
root://dtn-eic.jlab.org//volatile/eic/EPIC/RECO/25.08.0/epic_craterlake/DIS/NC/5x41/minQ2=100/pythia8NCDIS_5x41_minQ2=100_beamEffects_xAngle=-0.025_hiDiv_2.0674.eicrecon.edm4eic.root,1438.0
root://dtn-eic.jlab.org//volatile/eic/EPIC/RECO/25.08.0/epic_craterlake/DIS/NC/5x41/minQ2=100/pythia8NCDIS_5x41_minQ2=100_beamEffects_xAngle=-0.025_hiDiv_2.0675.eicrecon.edm4eic.root,1438.0
root://dtn-eic.jlab.org//volatile/eic/EPIC/RECO/25.08.0/epic_craterlake/DIS/NC/5x41/minQ2=100/pythia8NCDIS_5x41_minQ2=100_beamEffects_xAngle=-0.025_hiDiv_2.0676.eicrecon.edm4eic.root,1438.0
root://dtn-eic.jlab.org//volatile/eic/EPIC/RECO/25.08.0/epic_craterlake/DIS/NC/5x41/minQ2=100/pythia8NCDIS_5x41_minQ2=100_beamEffects_xAngle=-0.025_hiDiv_2.0677.eicrecon.edm4eic.root,1438.0
root://dtn-eic.jlab.org//volatile/eic/EPIC/RECO/25.08.0/epic_craterlake/DIS/NC/5x41/minQ2=100/pythia8NCDIS_5x41_minQ2=100_beamEffects_xAngle=-0.025_hiDiv_2.0678.eicrecon.edm4eic.root,1438.0
root://dtn-eic.jlab.org//volatile/eic/EPIC/RECO/25.08.0/epic_craterlake/DIS/NC/5x41/minQ2=100/pythia8NCDIS_5x41_minQ2=100_beamEffects_xAngle=-0.025_hiDiv_2.0679.eicrecon.edm4eic.root,1438.0
root://dtn-eic.jlab.org//volatile/eic/EPIC/RECO/25.08.0/epic_craterlake/DIS/NC/5x41/minQ2=100/pythia8NCDIS_5x41_minQ2=100_beamEffects_xAngle=-0.025_hiDiv_2.0680.eicrecon.edm4eic.root,1438.0
root://dtn-eic.jlab.org//volatile/eic/EPIC/RECO/25.08.0/epic_craterlake/DIS/NC/5x41/minQ2=100/pythia8NCDIS_5x41_minQ2=100_beamEffects_xAngle=-0.025_hiDiv_2.0681.eicrecon.edm4eic.root,1438.0
root://dtn-eic.jlab.org//volatile/eic/EPIC/RECO/25.08.0/epic_craterlake/DIS/NC/5x41/minQ2=100/pythia8NCDIS_5x41_minQ2=100_beamEffects_xAngle=-0.025_hiDiv_2.0682.eicrecon.edm4eic.root,1438.0
root://dtn-eic.jlab.org//volatile/eic/EPIC/RECO/25.08.0/epic_craterlake/DIS/NC/5x41/minQ2=100/pythia8NCDIS_5x41_minQ2=100_beamEffects_xAngle=-0.025_hiDiv_2.0683.eicrecon.edm4eic.root,1438.0
root://dtn-eic.jlab.org//volatile/eic/EPIC/RECO/25.08.0/epic_craterlake/DIS/NC/5x41/minQ2=100/pythia8NCDIS_5x41_minQ2=100_beamEffects_xAngle=-0.025_hiDiv_2.0684.eicrecon.edm4eic.root,1438.0
root://dtn-eic.jlab.org//volatile/eic/EPIC/RECO/25.08.0/epic_craterlake/DIS/NC/5x41/minQ2=100/pythia8NCDIS_5x41_minQ2=100_beamEffects_xAngle=-0.025_hiDiv_2.0685.eicrecon.edm4eic.root,1438.0
root://dtn-eic.jlab.org//volatile/eic/EPIC/RECO/25.08.0/epic_craterlake/DIS/NC/5x41/minQ2=100/pythia8NCDIS_5x41_minQ2=100_beamEffects_xAngle=-0.025_hiDiv_2.0686.eicrecon.edm4eic.root,1438.0
root://dtn-eic.jlab.org//volatile/eic/EPIC/RECO/25.08.0/epic_craterlake/DIS/NC/5x41/minQ2=100/pythia8NCDIS_5x41_minQ2=100_beamEffects_xAngle=-0.025_hiDiv_2.0687.eicrecon.edm4eic.root,1438.0
root://dtn-eic.jlab.org//volatile/eic/EPIC/RECO/25.08.0/epic_craterlake/DIS/NC/5x41/minQ2=100/pythia8NCDIS_5x41_minQ2=100_beamEffects_xAngle=-0.025_hiDiv_2.0688.eicrecon.edm4eic.root,1438.0
root://dtn-eic.jlab.org//volatile/eic/EPIC/RECO/25.08.0/epic_craterlake/DIS/NC/5x41/minQ2=100/pythia8NCDIS_5x41_minQ2=100_beamEffects_xAngle=-0.025_hiDiv_2.0689.eicrecon.edm4eic.root,1438.0
root://dtn-eic.jlab.org//volatile/eic/EPIC/RECO/25.08.0/epic_craterlake/DIS/NC/5x41/minQ2=100/pythia8NCDIS_5x41_minQ2=100_beamEffects_xAngle=-0.025_hiDiv_2.0690.eicrecon.edm4eic.root,1438.0
root://dtn-eic.jlab.org//volatile/eic/EPIC/RECO/25.08.0/epic_craterlake/DIS/NC/5x41/minQ2=100/pythia8NCDIS_5x41_minQ2=100_beamEffects_xAngle=-0.025_hiDiv_2.0691.eicrecon.edm4eic.root,1438.0
root://dtn-eic.jlab.org//volatile/eic/EPIC/RECO/25.08.0/epic_craterlake/DIS/NC/5x41/minQ2=100/pythia8NCDIS_5x41_minQ2=100_beamEffects_xAngle=-0.025_hiDiv_2.0692.eicrecon.edm4eic.root,1438.0
root://dtn-eic.jlab.org//volatile/eic/EPIC/RECO/25.08.0/epic_craterlake/DIS/NC/5x41/minQ2=100/pythia8NCDIS_5x41_minQ2=100_beamEffects_xAngle=-0.025_hiDiv_2.0693.eicrecon.edm4eic.root,1438.0
root://dtn-eic.jlab.org//volatile/eic/EPIC/RECO/25.08.0/epic_craterlake/DIS/NC/5x41/minQ2=100/pythia8NCDIS_5x41_minQ2=100_beamEffects_xAngle=-0.025_hiDiv_2.0694.eicrecon.edm4eic.root,1438.0
root://dtn-eic.jlab.org//volatile/eic/EPIC/RECO/25.08.0/epic_craterlake/DIS/NC/5x41/minQ2=100/pythia8NCDIS_5x41_minQ2=100_beamEffects_xAngle=-0.025_hiDiv_3.0000.eicrecon.edm4eic.root,1438.0
root://dtn-eic.jlab.org//volatile/eic/EPIC/RECO/25.08.0/epic_craterlake/DIS/NC/5x41/minQ2=100/pythia8NCDIS_5x41_minQ2=100_beamEffects_xAngle=-0.025_hiDiv_3.0001.eicrecon.edm4eic.root,1438.0
root://dtn-eic.jlab.org//volatile/eic/EPIC/RECO/25.08.0/epic_craterlake/DIS/NC/5x41/minQ2=100/pythia8NCDIS_5x41_minQ2=100_beamEffects_xAngle=-0.025_hiDiv_3.0002.eicrecon.edm4eic.root,1438.0
root://dtn-eic.jlab.org//volatile/eic/EPIC/RECO/25.08.0/epic_craterlake/DIS/NC/5x41/minQ2=100/pythia8NCDIS_5x41_minQ2=100_beamEffects_xAngle=-0.025_hiDiv_3.0003.eicrecon.edm4eic.root,1438.0
root://dtn-eic.jlab.org//volatile/eic/EPIC/RECO/25.08.0/epic_craterlake/DIS/NC/5x41/minQ2=100/pythia8NCDIS_5x41_minQ2=100_beamEffects_xAngle=-0.025_hiDiv_3.0004.eicrecon.edm4eic.root,1438.0
root://dtn-eic.jlab.org//volatile/eic/EPIC/RECO/25.08.0/epic_craterlake/DIS/NC/5x41/minQ2=100/pythia8NCDIS_5x41_minQ2=100_beamEffects_xAngle=-0.025_hiDiv_3.0005.eicrecon.edm4eic.root,1438.0
root://dtn-eic.jlab.org//volatile/eic/EPIC/RECO/25.08.0/epic_craterlake/DIS/NC/5x41/minQ2=100/pythia8NCDIS_5x41_minQ2=100_beamEffects_xAngle=-0.025_hiDiv_3.0006.eicrecon.edm4eic.root,1438.0
root://dtn-eic.jlab.org//volatile/eic/EPIC/RECO/25.08.0/epic_craterlake/DIS/NC/5x41/minQ2=100/pythia8NCDIS_5x41_minQ2=100_beamEffects_xAngle=-0.025_hiDiv_3.0007.eicrecon.edm4eic.root,1438.0
root://dtn-eic.jlab.org//volatile/eic/EPIC/RECO/25.08.0/epic_craterlake/DIS/NC/5x41/minQ2=100/pythia8NCDIS_5x41_minQ2=100_beamEffects_xAngle=-0.025_hiDiv_3.0008.eicrecon.edm4eic.root,1438.0
root://dtn-eic.jlab.org//volatile/eic/EPIC/RECO/25.08.0/epic_craterlake/DIS/NC/5x41/minQ2=100/pythia8NCDIS_5x41_minQ2=100_beamEffects_xAngle=-0.025_hiDiv_3.0009.eicrecon.edm4eic.root,1438.0
root://dtn-eic.jlab.org//volatile/eic/EPIC/RECO/25.08.0/epic_craterlake/DIS/NC/5x41/minQ2=100/pythia8NCDIS_5x41_minQ2=100_beamEffects_xAngle=-0.025_hiDiv_3.0010.eicrecon.edm4eic.root,1438.0
root://dtn-eic.jlab.org//volatile/eic/EPIC/RECO/25.08.0/epic_craterlake/DIS/NC/5x41/minQ2=100/pythia8NCDIS_5x41_minQ2=100_beamEffects_xAngle=-0.025_hiDiv_3.0011.eicrecon.edm4eic.root,1438.0
root://dtn-eic.jlab.org//volatile/eic/EPIC/RECO/25.08.0/epic_craterlake/DIS/NC/5x41/minQ2=100/pythia8NCDIS_5x41_minQ2=100_beamEffects_xAngle=-0.025_hiDiv_3.0012.eicrecon.edm4eic.root,1438.0
root://dtn-eic.jlab.org//volatile/eic/EPIC/RECO/25.08.0/epic_craterlake/DIS/NC/5x41/minQ2=100/pythia8NCDIS_5x41_minQ2=100_beamEffects_xAngle=-0.025_hiDiv_3.0013.eicrecon.edm4eic.root,1438.0
root://dtn-eic.jlab.org//volatile/eic/EPIC/RECO/25.08.0/epic_craterlake/DIS/NC/5x41/minQ2=100/pythia8NCDIS_5x41_minQ2=100_beamEffects_xAngle=-0.025_hiDiv_3.0014.eicrecon.edm4eic.root,1438.0
root://dtn-eic.jlab.org//volatile/eic/EPIC/RECO/25.08.0/epic_craterlake/DIS/NC/5x41/minQ2=100/pythia8NCDIS_5x41_minQ2=100_beamEffects_xAngle=-0.025_hiDiv_3.0015.eicrecon.edm4eic.root,1438.0
root://dtn-eic.jlab.org//volatile/eic/EPIC/RECO/25.08.0/epic_craterlake/DIS/NC/5x41/minQ2=100/pythia8NCDIS_5x41_minQ2=100_beamEffects_xAngle=-0.025_hiDiv_3.0016.eicrecon.edm4eic.root,1438.0
root://dtn-eic.jlab.org//volatile/eic/EPIC/RECO/25.08.0/epic_craterlake/DIS/NC/5x41/minQ2=100/pythia8NCDIS_5x41_minQ2=100_beamEffects_xAngle=-0.025_hiDiv_3.0017.eicrecon.edm4eic.root,1438.0
root://dtn-eic.jlab.org//volatile/eic/EPIC/RECO/25.08.0/epic_craterlake/DIS/NC/5x41/minQ2=100/pythia8NCDIS_5x41_minQ2=100_beamEffects_xAngle=-0.025_hiDiv_3.0018.eicrecon.edm4eic.root,1438.0
root://dtn-eic.jlab.org//volatile/eic/EPIC/RECO/25.08.0/epic_craterlake/DIS/NC/5x41/minQ2=100/pythia8NCDIS_5x41_minQ2=100_beamEffects_xAngle=-0.025_hiDiv_3.0019.eicrecon.edm4eic.root,1438.0
root://dtn-eic.jlab.org//volatile/eic/EPIC/RECO/25.08.0/epic_craterlake/DIS/NC/5x41/minQ2=100/pythia8NCDIS_5x41_minQ2=100_beamEffects_xAngle=-0.025_hiDiv_3.0020.eicrecon.edm4eic.root,1438.0
root://dtn-eic.jlab.org//volatile/eic/EPIC/RECO/25.08.0/epic_craterlake/DIS/NC/5x41/minQ2=100/pythia8NCDIS_5x41_minQ2=100_beamEffects_xAngle=-0.025_hiDiv_3.0021.eicrecon.edm4eic.root,1438.0
root://dtn-eic.jlab.org//volatile/eic/EPIC/RECO/25.08.0/epic_craterlake/DIS/NC/5x41/minQ2=100/pythia8NCDIS_5x41_minQ2=100_beamEffects_xAngle=-0.025_hiDiv_3.0022.eicrecon.edm4eic.root,1438.0
root://dtn-eic.jlab.org//volatile/eic/EPIC/RECO/25.08.0/epic_craterlake/DIS/NC/5x41/minQ2=100/pythia8NCDIS_5x41_minQ2=100_beamEffects_xAngle=-0.025_hiDiv_3.0023.eicrecon.edm4eic.root,1438.0
root://dtn-eic.jlab.org//volatile/eic/EPIC/RECO/25.08.0/epic_craterlake/DIS/NC/5x41/minQ2=100/pythia8NCDIS_5x41_minQ2=100_beamEffects_xAngle=-0.025_hiDiv_3.0024.eicrecon.edm4eic.root,1438.0
root://dtn-eic.jlab.org//volatile/eic/EPIC/RECO/25.08.0/epic_craterlake/DIS/NC/5x41/minQ2=100/pythia8NCDIS_5x41_minQ2=100_beamEffects_xAngle=-0.025_hiDiv_3.0025.eicrecon.edm4eic.root,1438.0
root://dtn-eic.jlab.org//volatile/eic/EPIC/RECO/25.08.0/epic_craterlake/DIS/NC/5x41/minQ2=100/pythia8NCDIS_5x41_minQ2=100_beamEffects_xAngle=-0.025_hiDiv_3.0026.eicrecon.edm4eic.root,1438.0
root://dtn-eic.jlab.org//volatile/eic/EPIC/RECO/25.08.0/epic_craterlake/DIS/NC/5x41/minQ2=100/pythia8NCDIS_5x41_minQ2=100_beamEffects_xAngle=-0.025_hiDiv_3.0027.eicrecon.edm4eic.root,1438.0
root://dtn-eic.jlab.org//volatile/eic/EPIC/RECO/25.08.0/epic_craterlake/DIS/NC/5x41/minQ2=100/pythia8NCDIS_5x41_minQ2=100_beamEffects_xAngle=-0.025_hiDiv_3.0028.eicrecon.edm4eic.root,1438.0
root://dtn-eic.jlab.org//volatile/eic/EPIC/RECO/25.08.0/epic_craterlake/DIS/NC/5x41/minQ2=100/pythia8NCDIS_5x41_minQ2=100_beamEffects_xAngle=-0.025_hiDiv_3.0029.eicrecon.edm4eic.root,1438.0
root://dtn-eic.jlab.org//volatile/eic/EPIC/RECO/25.08.0/epic_craterlake/DIS/NC/5x41/minQ2=100/pythia8NCDIS_5x41_minQ2=100_beamEffects_xAngle=-0.025_hiDiv_3.0030.eicrecon.edm4eic.root,1438.0
root://dtn-eic.jlab.org//volatile/eic/EPIC/RECO/25.08.0/epic_craterlake/DIS/NC/5x41/minQ2=100/pythia8NCDIS_5x41_minQ2=100_beamEffects_xAngle=-0.025_hiDiv_3.0031.eicrecon.edm4eic.root,1438.0
root://dtn-eic.jlab.org//volatile/eic/EPIC/RECO/25.08.0/epic_craterlake/DIS/NC/5x41/minQ2=100/pythia8NCDIS_5x41_minQ2=100_beamEffects_xAngle=-0.025_hiDiv_3.0032.eicrecon.edm4eic.root,1438.0
root://dtn-eic.jlab.org//volatile/eic/EPIC/RECO/25.08.0/epic_craterlake/DIS/NC/5x41/minQ2=100/pythia8NCDIS_5x41_minQ2=100_beamEffects_xAngle=-0.025_hiDiv_3.0033.eicrecon.edm4eic.root,1438.0
root://dtn-eic.jlab.org//volatile/eic/EPIC/RECO/25.08.0/epic_craterlake/DIS/NC/5x41/minQ2=100/pythia8NCDIS_5x41_minQ2=100_beamEffects_xAngle=-0.025_hiDiv_3.0034.eicrecon.edm4eic.root,1438.0
root://dtn-eic.jlab.org//volatile/eic/EPIC/RECO/25.08.0/epic_craterlake/DIS/NC/5x41/minQ2=100/pythia8NCDIS_5x41_minQ2=100_beamEffects_xAngle=-0.025_hiDiv_3.0035.eicrecon.edm4eic.root,1438.0
root://dtn-eic.jlab.org//volatile/eic/EPIC/RECO/25.08.0/epic_craterlake/DIS/NC/5x41/minQ2=100/pythia8NCDIS_5x41_minQ2=100_beamEffects_xAngle=-0.025_hiDiv_3.0036.eicrecon.edm4eic.root,1438.0
root://dtn-eic.jlab.org//volatile/eic/EPIC/RECO/25.08.0/epic_craterlake/DIS/NC/5x41/minQ2=100/pythia8NCDIS_5x41_minQ2=100_beamEffects_xAngle=-0.025_hiDiv_3.0037.eicrecon.edm4eic.root,1438.0
root://dtn-eic.jlab.org//volatile/eic/EPIC/RECO/25.08.0/epic_craterlake/DIS/NC/5x41/minQ2=100/pythia8NCDIS_5x41_minQ2=100_beamEffects_xAngle=-0.025_hiDiv_3.0038.eicrecon.edm4eic.root,1438.0
root://dtn-eic.jlab.org//volatile/eic/EPIC/RECO/25.08.0/epic_craterlake/DIS/NC/5x41/minQ2=100/pythia8NCDIS_5x41_minQ2=100_beamEffects_xAngle=-0.025_hiDiv_3.0039.eicrecon.edm4eic.root,1438.0
root://dtn-eic.jlab.org//volatile/eic/EPIC/RECO/25.08.0/epic_craterlake/DIS/NC/5x41/minQ2=100/pythia8NCDIS_5x41_minQ2=100_beamEffects_xAngle=-0.025_hiDiv_3.0040.eicrecon.edm4eic.root,1438.0
root://dtn-eic.jlab.org//volatile/eic/EPIC/RECO/25.08.0/epic_craterlake/DIS/NC/5x41/minQ2=100/pythia8NCDIS_5x41_minQ2=100_beamEffects_xAngle=-0.025_hiDiv_3.0041.eicrecon.edm4eic.root,1438.0
root://dtn-eic.jlab.org//volatile/eic/EPIC/RECO/25.08.0/epic_craterlake/DIS/NC/5x41/minQ2=100/pythia8NCDIS_5x41_minQ2=100_beamEffects_xAngle=-0.025_hiDiv_3.0042.eicrecon.edm4eic.root,1438.0
root://dtn-eic.jlab.org//volatile/eic/EPIC/RECO/25.08.0/epic_craterlake/DIS/NC/5x41/minQ2=100/pythia8NCDIS_5x41_minQ2=100_beamEffects_xAngle=-0.025_hiDiv_3.0043.eicrecon.edm4eic.root,1438.0
root://dtn-eic.jlab.org//volatile/eic/EPIC/RECO/25.08.0/epic_craterlake/DIS/NC/5x41/minQ2=100/pythia8NCDIS_5x41_minQ2=100_beamEffects_xAngle=-0.025_hiDiv_3.0044.eicrecon.edm4eic.root,1438.0
root://dtn-eic.jlab.org//volatile/eic/EPIC/RECO/25.08.0/epic_craterlake/DIS/NC/5x41/minQ2=100/pythia8NCDIS_5x41_minQ2=100_beamEffects_xAngle=-0.025_hiDiv_3.0045.eicrecon.edm4eic.root,1438.0
root://dtn-eic.jlab.org//volatile/eic/EPIC/RECO/25.08.0/epic_craterlake/DIS/NC/5x41/minQ2=100/pythia8NCDIS_5x41_minQ2=100_beamEffects_xAngle=-0.025_hiDiv_3.0046.eicrecon.edm4eic.root,1438.0
root://dtn-eic.jlab.org//volatile/eic/EPIC/RECO/25.08.0/epic_craterlake/DIS/NC/5x41/minQ2=100/pythia8NCDIS_5x41_minQ2=100_beamEffects_xAngle=-0.025_hiDiv_3.0047.eicrecon.edm4eic.root,1438.0
root://dtn-eic.jlab.org//volatile/eic/EPIC/RECO/25.08.0/epic_craterlake/DIS/NC/5x41/minQ2=100/pythia8NCDIS_5x41_minQ2=100_beamEffects_xAngle=-0.025_hiDiv_3.0048.eicrecon.edm4eic.root,1438.0
root://dtn-eic.jlab.org//volatile/eic/EPIC/RECO/25.08.0/epic_craterlake/DIS/NC/5x41/minQ2=100/pythia8NCDIS_5x41_minQ2=100_beamEffects_xAngle=-0.025_hiDiv_3.0049.eicrecon.edm4eic.root,1438.0
root://dtn-eic.jlab.org//volatile/eic/EPIC/RECO/25.08.0/epic_craterlake/DIS/NC/5x41/minQ2=100/pythia8NCDIS_5x41_minQ2=100_beamEffects_xAngle=-0.025_hiDiv_3.0050.eicrecon.edm4eic.root,1438.0
root://dtn-eic.jlab.org//volatile/eic/EPIC/RECO/25.08.0/epic_craterlake/DIS/NC/5x41/minQ2=100/pythia8NCDIS_5x41_minQ2=100_beamEffects_xAngle=-0.025_hiDiv_3.0051.eicrecon.edm4eic.root,1438.0
root://dtn-eic.jlab.org//volatile/eic/EPIC/RECO/25.08.0/epic_craterlake/DIS/NC/5x41/minQ2=100/pythia8NCDIS_5x41_minQ2=100_beamEffects_xAngle=-0.025_hiDiv_3.0052.eicrecon.edm4eic.root,1438.0
root://dtn-eic.jlab.org//volatile/eic/EPIC/RECO/25.08.0/epic_craterlake/DIS/NC/5x41/minQ2=100/pythia8NCDIS_5x41_minQ2=100_beamEffects_xAngle=-0.025_hiDiv_3.0053.eicrecon.edm4eic.root,1438.0
root://dtn-eic.jlab.org//volatile/eic/EPIC/RECO/25.08.0/epic_craterlake/DIS/NC/5x41/minQ2=100/pythia8NCDIS_5x41_minQ2=100_beamEffects_xAngle=-0.025_hiDiv_3.0054.eicrecon.edm4eic.root,1438.0
root://dtn-eic.jlab.org//volatile/eic/EPIC/RECO/25.08.0/epic_craterlake/DIS/NC/5x41/minQ2=100/pythia8NCDIS_5x41_minQ2=100_beamEffects_xAngle=-0.025_hiDiv_3.0055.eicrecon.edm4eic.root,1438.0
root://dtn-eic.jlab.org//volatile/eic/EPIC/RECO/25.08.0/epic_craterlake/DIS/NC/5x41/minQ2=100/pythia8NCDIS_5x41_minQ2=100_beamEffects_xAngle=-0.025_hiDiv_3.0056.eicrecon.edm4eic.root,1438.0
root://dtn-eic.jlab.org//volatile/eic/EPIC/RECO/25.08.0/epic_craterlake/DIS/NC/5x41/minQ2=100/pythia8NCDIS_5x41_minQ2=100_beamEffects_xAngle=-0.025_hiDiv_3.0057.eicrecon.edm4eic.root,1438.0
root://dtn-eic.jlab.org//volatile/eic/EPIC/RECO/25.08.0/epic_craterlake/DIS/NC/5x41/minQ2=100/pythia8NCDIS_5x41_minQ2=100_beamEffects_xAngle=-0.025_hiDiv_3.0058.eicrecon.edm4eic.root,1438.0
root://dtn-eic.jlab.org//volatile/eic/EPIC/RECO/25.08.0/epic_craterlake/DIS/NC/5x41/minQ2=100/pythia8NCDIS_5x41_minQ2=100_beamEffects_xAngle=-0.025_hiDiv_3.0059.eicrecon.edm4eic.root,1438.0
root://dtn-eic.jlab.org//volatile/eic/EPIC/RECO/25.08.0/epic_craterlake/DIS/NC/5x41/minQ2=100/pythia8NCDIS_5x41_minQ2=100_beamEffects_xAngle=-0.025_hiDiv_3.0060.eicrecon.edm4eic.root,1438.0
root://dtn-eic.jlab.org//volatile/eic/EPIC/RECO/25.08.0/epic_craterlake/DIS/NC/5x41/minQ2=100/pythia8NCDIS_5x41_minQ2=100_beamEffects_xAngle=-0.025_hiDiv_3.0061.eicrecon.edm4eic.root,1438.0
root://dtn-eic.jlab.org//volatile/eic/EPIC/RECO/25.08.0/epic_craterlake/DIS/NC/5x41/minQ2=100/pythia8NCDIS_5x41_minQ2=100_beamEffects_xAngle=-0.025_hiDiv_3.0062.eicrecon.edm4eic.root,1438.0
root://dtn-eic.jlab.org//volatile/eic/EPIC/RECO/25.08.0/epic_craterlake/DIS/NC/5x41/minQ2=100/pythia8NCDIS_5x41_minQ2=100_beamEffects_xAngle=-0.025_hiDiv_3.0063.eicrecon.edm4eic.root,1438.0
root://dtn-eic.jlab.org//volatile/eic/EPIC/RECO/25.08.0/epic_craterlake/DIS/NC/5x41/minQ2=100/pythia8NCDIS_5x41_minQ2=100_beamEffects_xAngle=-0.025_hiDiv_3.0064.eicrecon.edm4eic.root,1438.0
root://dtn-eic.jlab.org//volatile/eic/EPIC/RECO/25.08.0/epic_craterlake/DIS/NC/5x41/minQ2=100/pythia8NCDIS_5x41_minQ2=100_beamEffects_xAngle=-0.025_hiDiv_3.0065.eicrecon.edm4eic.root,1438.0
root://dtn-eic.jlab.org//volatile/eic/EPIC/RECO/25.08.0/epic_craterlake/DIS/NC/5x41/minQ2=100/pythia8NCDIS_5x41_minQ2=100_beamEffects_xAngle=-0.025_hiDiv_3.0066.eicrecon.edm4eic.root,1438.0
root://dtn-eic.jlab.org//volatile/eic/EPIC/RECO/25.08.0/epic_craterlake/DIS/NC/5x41/minQ2=100/pythia8NCDIS_5x41_minQ2=100_beamEffects_xAngle=-0.025_hiDiv_3.0067.eicrecon.edm4eic.root,1438.0
root://dtn-eic.jlab.org//volatile/eic/EPIC/RECO/25.08.0/epic_craterlake/DIS/NC/5x41/minQ2=100/pythia8NCDIS_5x41_minQ2=100_beamEffects_xAngle=-0.025_hiDiv_3.0068.eicrecon.edm4eic.root,1438.0
root://dtn-eic.jlab.org//volatile/eic/EPIC/RECO/25.08.0/epic_craterlake/DIS/NC/5x41/minQ2=100/pythia8NCDIS_5x41_minQ2=100_beamEffects_xAngle=-0.025_hiDiv_3.0069.eicrecon.edm4eic.root,1438.0
root://dtn-eic.jlab.org//volatile/eic/EPIC/RECO/25.08.0/epic_craterlake/DIS/NC/5x41/minQ2=100/pythia8NCDIS_5x41_minQ2=100_beamEffects_xAngle=-0.025_hiDiv_3.0070.eicrecon.edm4eic.root,1438.0
root://dtn-eic.jlab.org//volatile/eic/EPIC/RECO/25.08.0/epic_craterlake/DIS/NC/5x41/minQ2=100/pythia8NCDIS_5x41_minQ2=100_beamEffects_xAngle=-0.025_hiDiv_3.0071.eicrecon.edm4eic.root,1438.0
root://dtn-eic.jlab.org//volatile/eic/EPIC/RECO/25.08.0/epic_craterlake/DIS/NC/5x41/minQ2=100/pythia8NCDIS_5x41_minQ2=100_beamEffects_xAngle=-0.025_hiDiv_3.0072.eicrecon.edm4eic.root,1438.0
root://dtn-eic.jlab.org//volatile/eic/EPIC/RECO/25.08.0/epic_craterlake/DIS/NC/5x41/minQ2=100/pythia8NCDIS_5x41_minQ2=100_beamEffects_xAngle=-0.025_hiDiv_3.0073.eicrecon.edm4eic.root,1438.0
root://dtn-eic.jlab.org//volatile/eic/EPIC/RECO/25.08.0/epic_craterlake/DIS/NC/5x41/minQ2=100/pythia8NCDIS_5x41_minQ2=100_beamEffects_xAngle=-0.025_hiDiv_3.0074.eicrecon.edm4eic.root,1438.0
root://dtn-eic.jlab.org//volatile/eic/EPIC/RECO/25.08.0/epic_craterlake/DIS/NC/5x41/minQ2=100/pythia8NCDIS_5x41_minQ2=100_beamEffects_xAngle=-0.025_hiDiv_3.0075.eicrecon.edm4eic.root,1438.0
root://dtn-eic.jlab.org//volatile/eic/EPIC/RECO/25.08.0/epic_craterlake/DIS/NC/5x41/minQ2=100/pythia8NCDIS_5x41_minQ2=100_beamEffects_xAngle=-0.025_hiDiv_3.0076.eicrecon.edm4eic.root,1438.0
root://dtn-eic.jlab.org//volatile/eic/EPIC/RECO/25.08.0/epic_craterlake/DIS/NC/5x41/minQ2=100/pythia8NCDIS_5x41_minQ2=100_beamEffects_xAngle=-0.025_hiDiv_3.0077.eicrecon.edm4eic.root,1438.0
root://dtn-eic.jlab.org//volatile/eic/EPIC/RECO/25.08.0/epic_craterlake/DIS/NC/5x41/minQ2=100/pythia8NCDIS_5x41_minQ2=100_beamEffects_xAngle=-0.025_hiDiv_3.0078.eicrecon.edm4eic.root,1438.0
root://dtn-eic.jlab.org//volatile/eic/EPIC/RECO/25.08.0/epic_craterlake/DIS/NC/5x41/minQ2=100/pythia8NCDIS_5x41_minQ2=100_beamEffects_xAngle=-0.025_hiDiv_3.0079.eicrecon.edm4eic.root,1438.0
root://dtn-eic.jlab.org//volatile/eic/EPIC/RECO/25.08.0/epic_craterlake/DIS/NC/5x41/minQ2=100/pythia8NCDIS_5x41_minQ2=100_beamEffects_xAngle=-0.025_hiDiv_3.0080.eicrecon.edm4eic.root,1438.0
root://dtn-eic.jlab.org//volatile/eic/EPIC/RECO/25.08.0/epic_craterlake/DIS/NC/5x41/minQ2=100/pythia8NCDIS_5x41_minQ2=100_beamEffects_xAngle=-0.025_hiDiv_3.0081.eicrecon.edm4eic.root,1438.0
root://dtn-eic.jlab.org//volatile/eic/EPIC/RECO/25.08.0/epic_craterlake/DIS/NC/5x41/minQ2=100/pythia8NCDIS_5x41_minQ2=100_beamEffects_xAngle=-0.025_hiDiv_3.0082.eicrecon.edm4eic.root,1438.0
root://dtn-eic.jlab.org//volatile/eic/EPIC/RECO/25.08.0/epic_craterlake/DIS/NC/5x41/minQ2=100/pythia8NCDIS_5x41_minQ2=100_beamEffects_xAngle=-0.025_hiDiv_3.0083.eicrecon.edm4eic.root,1438.0
root://dtn-eic.jlab.org//volatile/eic/EPIC/RECO/25.08.0/epic_craterlake/DIS/NC/5x41/minQ2=100/pythia8NCDIS_5x41_minQ2=100_beamEffects_xAngle=-0.025_hiDiv_3.0084.eicrecon.edm4eic.root,1438.0
root://dtn-eic.jlab.org//volatile/eic/EPIC/RECO/25.08.0/epic_craterlake/DIS/NC/5x41/minQ2=100/pythia8NCDIS_5x41_minQ2=100_beamEffects_xAngle=-0.025_hiDiv_3.0085.eicrecon.edm4eic.root,1438.0
root://dtn-eic.jlab.org//volatile/eic/EPIC/RECO/25.08.0/epic_craterlake/DIS/NC/5x41/minQ2=100/pythia8NCDIS_5x41_minQ2=100_beamEffects_xAngle=-0.025_hiDiv_3.0086.eicrecon.edm4eic.root,1438.0
root://dtn-eic.jlab.org//volatile/eic/EPIC/RECO/25.08.0/epic_craterlake/DIS/NC/5x41/minQ2=100/pythia8NCDIS_5x41_minQ2=100_beamEffects_xAngle=-0.025_hiDiv_3.0087.eicrecon.edm4eic.root,1438.0
root://dtn-eic.jlab.org//volatile/eic/EPIC/RECO/25.08.0/epic_craterlake/DIS/NC/5x41/minQ2=100/pythia8NCDIS_5x41_minQ2=100_beamEffects_xAngle=-0.025_hiDiv_3.0088.eicrecon.edm4eic.root,1438.0
root://dtn-eic.jlab.org//volatile/eic/EPIC/RECO/25.08.0/epic_craterlake/DIS/NC/5x41/minQ2=100/pythia8NCDIS_5x41_minQ2=100_beamEffects_xAngle=-0.025_hiDiv_3.0089.eicrecon.edm4eic.root,1438.0
root://dtn-eic.jlab.org//volatile/eic/EPIC/RECO/25.08.0/epic_craterlake/DIS/NC/5x41/minQ2=100/pythia8NCDIS_5x41_minQ2=100_beamEffects_xAngle=-0.025_hiDiv_3.0090.eicrecon.edm4eic.root,1438.0
root://dtn-eic.jlab.org//volatile/eic/EPIC/RECO/25.08.0/epic_craterlake/DIS/NC/5x41/minQ2=100/pythia8NCDIS_5x41_minQ2=100_beamEffects_xAngle=-0.025_hiDiv_3.0091.eicrecon.edm4eic.root,1438.0
root://dtn-eic.jlab.org//volatile/eic/EPIC/RECO/25.08.0/epic_craterlake/DIS/NC/5x41/minQ2=100/pythia8NCDIS_5x41_minQ2=100_beamEffects_xAngle=-0.025_hiDiv_3.0092.eicrecon.edm4eic.root,1438.0
root://dtn-eic.jlab.org//volatile/eic/EPIC/RECO/25.08.0/epic_craterlake/DIS/NC/5x41/minQ2=100/pythia8NCDIS_5x41_minQ2=100_beamEffects_xAngle=-0.025_hiDiv_3.0093.eicrecon.edm4eic.root,1438.0
root://dtn-eic.jlab.org//volatile/eic/EPIC/RECO/25.08.0/epic_craterlake/DIS/NC/5x41/minQ2=100/pythia8NCDIS_5x41_minQ2=100_beamEffects_xAngle=-0.025_hiDiv_3.0094.eicrecon.edm4eic.root,1438.0
root://dtn-eic.jlab.org//volatile/eic/EPIC/RECO/25.08.0/epic_craterlake/DIS/NC/5x41/minQ2=100/pythia8NCDIS_5x41_minQ2=100_beamEffects_xAngle=-0.025_hiDiv_3.0095.eicrecon.edm4eic.root,1438.0
root://dtn-eic.jlab.org//volatile/eic/EPIC/RECO/25.08.0/epic_craterlake/DIS/NC/5x41/minQ2=100/pythia8NCDIS_5x41_minQ2=100_beamEffects_xAngle=-0.025_hiDiv_3.0096.eicrecon.edm4eic.root,1438.0
root://dtn-eic.jlab.org//volatile/eic/EPIC/RECO/25.08.0/epic_craterlake/DIS/NC/5x41/minQ2=100/pythia8NCDIS_5x41_minQ2=100_beamEffects_xAngle=-0.025_hiDiv_3.0097.eicrecon.edm4eic.root,1438.0
root://dtn-eic.jlab.org//volatile/eic/EPIC/RECO/25.08.0/epic_craterlake/DIS/NC/5x41/minQ2=100/pythia8NCDIS_5x41_minQ2=100_beamEffects_xAngle=-0.025_hiDiv_3.0098.eicrecon.edm4eic.root,1438.0
root://dtn-eic.jlab.org//volatile/eic/EPIC/RECO/25.08.0/epic_craterlake/DIS/NC/5x41/minQ2=100/pythia8NCDIS_5x41_minQ2=100_beamEffects_xAngle=-0.025_hiDiv_3.0099.eicrecon.edm4eic.root,1438.0
root://dtn-eic.jlab.org//volatile/eic/EPIC/RECO/25.08.0/epic_craterlake/DIS/NC/5x41/minQ2=100/pythia8NCDIS_5x41_minQ2=100_beamEffects_xAngle=-0.025_hiDiv_3.0100.eicrecon.edm4eic.root,1438.0
root://dtn-eic.jlab.org//volatile/eic/EPIC/RECO/25.08.0/epic_craterlake/DIS/NC/5x41/minQ2=100/pythia8NCDIS_5x41_minQ2=100_beamEffects_xAngle=-0.025_hiDiv_3.0101.eicrecon.edm4eic.root,1438.0
root://dtn-eic.jlab.org//volatile/eic/EPIC/RECO/25.08.0/epic_craterlake/DIS/NC/5x41/minQ2=100/pythia8NCDIS_5x41_minQ2=100_beamEffects_xAngle=-0.025_hiDiv_3.0102.eicrecon.edm4eic.root,1438.0
root://dtn-eic.jlab.org//volatile/eic/EPIC/RECO/25.08.0/epic_craterlake/DIS/NC/5x41/minQ2=100/pythia8NCDIS_5x41_minQ2=100_beamEffects_xAngle=-0.025_hiDiv_3.0103.eicrecon.edm4eic.root,1438.0
root://dtn-eic.jlab.org//volatile/eic/EPIC/RECO/25.08.0/epic_craterlake/DIS/NC/5x41/minQ2=100/pythia8NCDIS_5x41_minQ2=100_beamEffects_xAngle=-0.025_hiDiv_3.0104.eicrecon.edm4eic.root,1438.0
root://dtn-eic.jlab.org//volatile/eic/EPIC/RECO/25.08.0/epic_craterlake/DIS/NC/5x41/minQ2=100/pythia8NCDIS_5x41_minQ2=100_beamEffects_xAngle=-0.025_hiDiv_3.0105.eicrecon.edm4eic.root,1438.0
root://dtn-eic.jlab.org//volatile/eic/EPIC/RECO/25.08.0/epic_craterlake/DIS/NC/5x41/minQ2=100/pythia8NCDIS_5x41_minQ2=100_beamEffects_xAngle=-0.025_hiDiv_3.0106.eicrecon.edm4eic.root,1438.0
root://dtn-eic.jlab.org//volatile/eic/EPIC/RECO/25.08.0/epic_craterlake/DIS/NC/5x41/minQ2=100/pythia8NCDIS_5x41_minQ2=100_beamEffects_xAngle=-0.025_hiDiv_3.0107.eicrecon.edm4eic.root,1438.0
root://dtn-eic.jlab.org//volatile/eic/EPIC/RECO/25.08.0/epic_craterlake/DIS/NC/5x41/minQ2=100/pythia8NCDIS_5x41_minQ2=100_beamEffects_xAngle=-0.025_hiDiv_3.0108.eicrecon.edm4eic.root,1438.0
root://dtn-eic.jlab.org//volatile/eic/EPIC/RECO/25.08.0/epic_craterlake/DIS/NC/5x41/minQ2=100/pythia8NCDIS_5x41_minQ2=100_beamEffects_xAngle=-0.025_hiDiv_3.0109.eicrecon.edm4eic.root,1438.0
root://dtn-eic.jlab.org//volatile/eic/EPIC/RECO/25.08.0/epic_craterlake/DIS/NC/5x41/minQ2=100/pythia8NCDIS_5x41_minQ2=100_beamEffects_xAngle=-0.025_hiDiv_3.0110.eicrecon.edm4eic.root,1438.0
root://dtn-eic.jlab.org//volatile/eic/EPIC/RECO/25.08.0/epic_craterlake/DIS/NC/5x41/minQ2=100/pythia8NCDIS_5x41_minQ2=100_beamEffects_xAngle=-0.025_hiDiv_3.0111.eicrecon.edm4eic.root,1438.0
root://dtn-eic.jlab.org//volatile/eic/EPIC/RECO/25.08.0/epic_craterlake/DIS/NC/5x41/minQ2=100/pythia8NCDIS_5x41_minQ2=100_beamEffects_xAngle=-0.025_hiDiv_3.0112.eicrecon.edm4eic.root,1438.0
root://dtn-eic.jlab.org//volatile/eic/EPIC/RECO/25.08.0/epic_craterlake/DIS/NC/5x41/minQ2=100/pythia8NCDIS_5x41_minQ2=100_beamEffects_xAngle=-0.025_hiDiv_3.0113.eicrecon.edm4eic.root,1438.0
root://dtn-eic.jlab.org//volatile/eic/EPIC/RECO/25.08.0/epic_craterlake/DIS/NC/5x41/minQ2=100/pythia8NCDIS_5x41_minQ2=100_beamEffects_xAngle=-0.025_hiDiv_3.0114.eicrecon.edm4eic.root,1438.0
root://dtn-eic.jlab.org//volatile/eic/EPIC/RECO/25.08.0/epic_craterlake/DIS/NC/5x41/minQ2=100/pythia8NCDIS_5x41_minQ2=100_beamEffects_xAngle=-0.025_hiDiv_3.0115.eicrecon.edm4eic.root,1438.0
root://dtn-eic.jlab.org//volatile/eic/EPIC/RECO/25.08.0/epic_craterlake/DIS/NC/5x41/minQ2=100/pythia8NCDIS_5x41_minQ2=100_beamEffects_xAngle=-0.025_hiDiv_3.0116.eicrecon.edm4eic.root,1438.0
root://dtn-eic.jlab.org//volatile/eic/EPIC/RECO/25.08.0/epic_craterlake/DIS/NC/5x41/minQ2=100/pythia8NCDIS_5x41_minQ2=100_beamEffects_xAngle=-0.025_hiDiv_3.0117.eicrecon.edm4eic.root,1438.0
root://dtn-eic.jlab.org//volatile/eic/EPIC/RECO/25.08.0/epic_craterlake/DIS/NC/5x41/minQ2=100/pythia8NCDIS_5x41_minQ2=100_beamEffects_xAngle=-0.025_hiDiv_3.0118.eicrecon.edm4eic.root,1438.0
root://dtn-eic.jlab.org//volatile/eic/EPIC/RECO/25.08.0/epic_craterlake/DIS/NC/5x41/minQ2=100/pythia8NCDIS_5x41_minQ2=100_beamEffects_xAngle=-0.025_hiDiv_3.0119.eicrecon.edm4eic.root,1438.0
root://dtn-eic.jlab.org//volatile/eic/EPIC/RECO/25.08.0/epic_craterlake/DIS/NC/5x41/minQ2=100/pythia8NCDIS_5x41_minQ2=100_beamEffects_xAngle=-0.025_hiDiv_3.0120.eicrecon.edm4eic.root,1438.0
root://dtn-eic.jlab.org//volatile/eic/EPIC/RECO/25.08.0/epic_craterlake/DIS/NC/5x41/minQ2=100/pythia8NCDIS_5x41_minQ2=100_beamEffects_xAngle=-0.025_hiDiv_3.0121.eicrecon.edm4eic.root,1438.0
root://dtn-eic.jlab.org//volatile/eic/EPIC/RECO/25.08.0/epic_craterlake/DIS/NC/5x41/minQ2=100/pythia8NCDIS_5x41_minQ2=100_beamEffects_xAngle=-0.025_hiDiv_3.0122.eicrecon.edm4eic.root,1438.0
root://dtn-eic.jlab.org//volatile/eic/EPIC/RECO/25.08.0/epic_craterlake/DIS/NC/5x41/minQ2=100/pythia8NCDIS_5x41_minQ2=100_beamEffects_xAngle=-0.025_hiDiv_3.0123.eicrecon.edm4eic.root,1438.0
root://dtn-eic.jlab.org//volatile/eic/EPIC/RECO/25.08.0/epic_craterlake/DIS/NC/5x41/minQ2=100/pythia8NCDIS_5x41_minQ2=100_beamEffects_xAngle=-0.025_hiDiv_3.0124.eicrecon.edm4eic.root,1438.0
root://dtn-eic.jlab.org//volatile/eic/EPIC/RECO/25.08.0/epic_craterlake/DIS/NC/5x41/minQ2=100/pythia8NCDIS_5x41_minQ2=100_beamEffects_xAngle=-0.025_hiDiv_3.0125.eicrecon.edm4eic.root,1438.0
root://dtn-eic.jlab.org//volatile/eic/EPIC/RECO/25.08.0/epic_craterlake/DIS/NC/5x41/minQ2=100/pythia8NCDIS_5x41_minQ2=100_beamEffects_xAngle=-0.025_hiDiv_3.0126.eicrecon.edm4eic.root,1438.0
root://dtn-eic.jlab.org//volatile/eic/EPIC/RECO/25.08.0/epic_craterlake/DIS/NC/5x41/minQ2=100/pythia8NCDIS_5x41_minQ2=100_beamEffects_xAngle=-0.025_hiDiv_3.0127.eicrecon.edm4eic.root,1438.0
root://dtn-eic.jlab.org//volatile/eic/EPIC/RECO/25.08.0/epic_craterlake/DIS/NC/5x41/minQ2=100/pythia8NCDIS_5x41_minQ2=100_beamEffects_xAngle=-0.025_hiDiv_3.0128.eicrecon.edm4eic.root,1438.0
root://dtn-eic.jlab.org//volatile/eic/EPIC/RECO/25.08.0/epic_craterlake/DIS/NC/5x41/minQ2=100/pythia8NCDIS_5x41_minQ2=100_beamEffects_xAngle=-0.025_hiDiv_3.0129.eicrecon.edm4eic.root,1438.0
root://dtn-eic.jlab.org//volatile/eic/EPIC/RECO/25.08.0/epic_craterlake/DIS/NC/5x41/minQ2=100/pythia8NCDIS_5x41_minQ2=100_beamEffects_xAngle=-0.025_hiDiv_3.0130.eicrecon.edm4eic.root,1438.0
root://dtn-eic.jlab.org//volatile/eic/EPIC/RECO/25.08.0/epic_craterlake/DIS/NC/5x41/minQ2=100/pythia8NCDIS_5x41_minQ2=100_beamEffects_xAngle=-0.025_hiDiv_3.0131.eicrecon.edm4eic.root,1438.0
root://dtn-eic.jlab.org//volatile/eic/EPIC/RECO/25.08.0/epic_craterlake/DIS/NC/5x41/minQ2=100/pythia8NCDIS_5x41_minQ2=100_beamEffects_xAngle=-0.025_hiDiv_3.0132.eicrecon.edm4eic.root,1438.0
root://dtn-eic.jlab.org//volatile/eic/EPIC/RECO/25.08.0/epic_craterlake/DIS/NC/5x41/minQ2=100/pythia8NCDIS_5x41_minQ2=100_beamEffects_xAngle=-0.025_hiDiv_3.0133.eicrecon.edm4eic.root,1438.0
root://dtn-eic.jlab.org//volatile/eic/EPIC/RECO/25.08.0/epic_craterlake/DIS/NC/5x41/minQ2=100/pythia8NCDIS_5x41_minQ2=100_beamEffects_xAngle=-0.025_hiDiv_3.0134.eicrecon.edm4eic.root,1438.0
root://dtn-eic.jlab.org//volatile/eic/EPIC/RECO/25.08.0/epic_craterlake/DIS/NC/5x41/minQ2=100/pythia8NCDIS_5x41_minQ2=100_beamEffects_xAngle=-0.025_hiDiv_3.0135.eicrecon.edm4eic.root,1438.0
root://dtn-eic.jlab.org//volatile/eic/EPIC/RECO/25.08.0/epic_craterlake/DIS/NC/5x41/minQ2=100/pythia8NCDIS_5x41_minQ2=100_beamEffects_xAngle=-0.025_hiDiv_3.0136.eicrecon.edm4eic.root,1438.0
root://dtn-eic.jlab.org//volatile/eic/EPIC/RECO/25.08.0/epic_craterlake/DIS/NC/5x41/minQ2=100/pythia8NCDIS_5x41_minQ2=100_beamEffects_xAngle=-0.025_hiDiv_3.0137.eicrecon.edm4eic.root,1438.0
root://dtn-eic.jlab.org//volatile/eic/EPIC/RECO/25.08.0/epic_craterlake/DIS/NC/5x41/minQ2=100/pythia8NCDIS_5x41_minQ2=100_beamEffects_xAngle=-0.025_hiDiv_3.0138.eicrecon.edm4eic.root,1438.0
root://dtn-eic.jlab.org//volatile/eic/EPIC/RECO/25.08.0/epic_craterlake/DIS/NC/5x41/minQ2=100/pythia8NCDIS_5x41_minQ2=100_beamEffects_xAngle=-0.025_hiDiv_3.0139.eicrecon.edm4eic.root,1438.0
root://dtn-eic.jlab.org//volatile/eic/EPIC/RECO/25.08.0/epic_craterlake/DIS/NC/5x41/minQ2=100/pythia8NCDIS_5x41_minQ2=100_beamEffects_xAngle=-0.025_hiDiv_3.0140.eicrecon.edm4eic.root,1438.0
root://dtn-eic.jlab.org//volatile/eic/EPIC/RECO/25.08.0/epic_craterlake/DIS/NC/5x41/minQ2=100/pythia8NCDIS_5x41_minQ2=100_beamEffects_xAngle=-0.025_hiDiv_3.0141.eicrecon.edm4eic.root,1438.0
root://dtn-eic.jlab.org//volatile/eic/EPIC/RECO/25.08.0/epic_craterlake/DIS/NC/5x41/minQ2=100/pythia8NCDIS_5x41_minQ2=100_beamEffects_xAngle=-0.025_hiDiv_3.0142.eicrecon.edm4eic.root,1438.0
root://dtn-eic.jlab.org//volatile/eic/EPIC/RECO/25.08.0/epic_craterlake/DIS/NC/5x41/minQ2=100/pythia8NCDIS_5x41_minQ2=100_beamEffects_xAngle=-0.025_hiDiv_3.0143.eicrecon.edm4eic.root,1438.0
root://dtn-eic.jlab.org//volatile/eic/EPIC/RECO/25.08.0/epic_craterlake/DIS/NC/5x41/minQ2=100/pythia8NCDIS_5x41_minQ2=100_beamEffects_xAngle=-0.025_hiDiv_3.0144.eicrecon.edm4eic.root,1438.0
root://dtn-eic.jlab.org//volatile/eic/EPIC/RECO/25.08.0/epic_craterlake/DIS/NC/5x41/minQ2=100/pythia8NCDIS_5x41_minQ2=100_beamEffects_xAngle=-0.025_hiDiv_3.0145.eicrecon.edm4eic.root,1438.0
root://dtn-eic.jlab.org//volatile/eic/EPIC/RECO/25.08.0/epic_craterlake/DIS/NC/5x41/minQ2=100/pythia8NCDIS_5x41_minQ2=100_beamEffects_xAngle=-0.025_hiDiv_3.0146.eicrecon.edm4eic.root,1438.0
root://dtn-eic.jlab.org//volatile/eic/EPIC/RECO/25.08.0/epic_craterlake/DIS/NC/5x41/minQ2=100/pythia8NCDIS_5x41_minQ2=100_beamEffects_xAngle=-0.025_hiDiv_3.0147.eicrecon.edm4eic.root,1438.0
root://dtn-eic.jlab.org//volatile/eic/EPIC/RECO/25.08.0/epic_craterlake/DIS/NC/5x41/minQ2=100/pythia8NCDIS_5x41_minQ2=100_beamEffects_xAngle=-0.025_hiDiv_3.0148.eicrecon.edm4eic.root,1438.0
root://dtn-eic.jlab.org//volatile/eic/EPIC/RECO/25.08.0/epic_craterlake/DIS/NC/5x41/minQ2=100/pythia8NCDIS_5x41_minQ2=100_beamEffects_xAngle=-0.025_hiDiv_3.0149.eicrecon.edm4eic.root,1438.0
root://dtn-eic.jlab.org//volatile/eic/EPIC/RECO/25.08.0/epic_craterlake/DIS/NC/5x41/minQ2=100/pythia8NCDIS_5x41_minQ2=100_beamEffects_xAngle=-0.025_hiDiv_3.0150.eicrecon.edm4eic.root,1438.0
root://dtn-eic.jlab.org//volatile/eic/EPIC/RECO/25.08.0/epic_craterlake/DIS/NC/5x41/minQ2=100/pythia8NCDIS_5x41_minQ2=100_beamEffects_xAngle=-0.025_hiDiv_3.0151.eicrecon.edm4eic.root,1438.0
root://dtn-eic.jlab.org//volatile/eic/EPIC/RECO/25.08.0/epic_craterlake/DIS/NC/5x41/minQ2=100/pythia8NCDIS_5x41_minQ2=100_beamEffects_xAngle=-0.025_hiDiv_3.0152.eicrecon.edm4eic.root,1438.0
root://dtn-eic.jlab.org//volatile/eic/EPIC/RECO/25.08.0/epic_craterlake/DIS/NC/5x41/minQ2=100/pythia8NCDIS_5x41_minQ2=100_beamEffects_xAngle=-0.025_hiDiv_3.0153.eicrecon.edm4eic.root,1438.0
root://dtn-eic.jlab.org//volatile/eic/EPIC/RECO/25.08.0/epic_craterlake/DIS/NC/5x41/minQ2=100/pythia8NCDIS_5x41_minQ2=100_beamEffects_xAngle=-0.025_hiDiv_3.0154.eicrecon.edm4eic.root,1438.0
root://dtn-eic.jlab.org//volatile/eic/EPIC/RECO/25.08.0/epic_craterlake/DIS/NC/5x41/minQ2=100/pythia8NCDIS_5x41_minQ2=100_beamEffects_xAngle=-0.025_hiDiv_3.0155.eicrecon.edm4eic.root,1438.0
root://dtn-eic.jlab.org//volatile/eic/EPIC/RECO/25.08.0/epic_craterlake/DIS/NC/5x41/minQ2=100/pythia8NCDIS_5x41_minQ2=100_beamEffects_xAngle=-0.025_hiDiv_3.0156.eicrecon.edm4eic.root,1438.0
root://dtn-eic.jlab.org//volatile/eic/EPIC/RECO/25.08.0/epic_craterlake/DIS/NC/5x41/minQ2=100/pythia8NCDIS_5x41_minQ2=100_beamEffects_xAngle=-0.025_hiDiv_3.0157.eicrecon.edm4eic.root,1438.0
root://dtn-eic.jlab.org//volatile/eic/EPIC/RECO/25.08.0/epic_craterlake/DIS/NC/5x41/minQ2=100/pythia8NCDIS_5x41_minQ2=100_beamEffects_xAngle=-0.025_hiDiv_3.0158.eicrecon.edm4eic.root,1438.0
root://dtn-eic.jlab.org//volatile/eic/EPIC/RECO/25.08.0/epic_craterlake/DIS/NC/5x41/minQ2=100/pythia8NCDIS_5x41_minQ2=100_beamEffects_xAngle=-0.025_hiDiv_3.0159.eicrecon.edm4eic.root,1438.0
root://dtn-eic.jlab.org//volatile/eic/EPIC/RECO/25.08.0/epic_craterlake/DIS/NC/5x41/minQ2=100/pythia8NCDIS_5x41_minQ2=100_beamEffects_xAngle=-0.025_hiDiv_3.0160.eicrecon.edm4eic.root,1438.0
root://dtn-eic.jlab.org//volatile/eic/EPIC/RECO/25.08.0/epic_craterlake/DIS/NC/5x41/minQ2=100/pythia8NCDIS_5x41_minQ2=100_beamEffects_xAngle=-0.025_hiDiv_3.0161.eicrecon.edm4eic.root,1438.0
root://dtn-eic.jlab.org//volatile/eic/EPIC/RECO/25.08.0/epic_craterlake/DIS/NC/5x41/minQ2=100/pythia8NCDIS_5x41_minQ2=100_beamEffects_xAngle=-0.025_hiDiv_3.0162.eicrecon.edm4eic.root,1438.0
root://dtn-eic.jlab.org//volatile/eic/EPIC/RECO/25.08.0/epic_craterlake/DIS/NC/5x41/minQ2=100/pythia8NCDIS_5x41_minQ2=100_beamEffects_xAngle=-0.025_hiDiv_3.0163.eicrecon.edm4eic.root,1438.0
root://dtn-eic.jlab.org//volatile/eic/EPIC/RECO/25.08.0/epic_craterlake/DIS/NC/5x41/minQ2=100/pythia8NCDIS_5x41_minQ2=100_beamEffects_xAngle=-0.025_hiDiv_3.0164.eicrecon.edm4eic.root,1438.0
root://dtn-eic.jlab.org//volatile/eic/EPIC/RECO/25.08.0/epic_craterlake/DIS/NC/5x41/minQ2=100/pythia8NCDIS_5x41_minQ2=100_beamEffects_xAngle=-0.025_hiDiv_3.0165.eicrecon.edm4eic.root,1438.0
root://dtn-eic.jlab.org//volatile/eic/EPIC/RECO/25.08.0/epic_craterlake/DIS/NC/5x41/minQ2=100/pythia8NCDIS_5x41_minQ2=100_beamEffects_xAngle=-0.025_hiDiv_3.0166.eicrecon.edm4eic.root,1438.0
root://dtn-eic.jlab.org//volatile/eic/EPIC/RECO/25.08.0/epic_craterlake/DIS/NC/5x41/minQ2=100/pythia8NCDIS_5x41_minQ2=100_beamEffects_xAngle=-0.025_hiDiv_3.0167.eicrecon.edm4eic.root,1438.0
root://dtn-eic.jlab.org//volatile/eic/EPIC/RECO/25.08.0/epic_craterlake/DIS/NC/5x41/minQ2=100/pythia8NCDIS_5x41_minQ2=100_beamEffects_xAngle=-0.025_hiDiv_3.0168.eicrecon.edm4eic.root,1438.0
root://dtn-eic.jlab.org//volatile/eic/EPIC/RECO/25.08.0/epic_craterlake/DIS/NC/5x41/minQ2=100/pythia8NCDIS_5x41_minQ2=100_beamEffects_xAngle=-0.025_hiDiv_3.0169.eicrecon.edm4eic.root,1438.0
root://dtn-eic.jlab.org//volatile/eic/EPIC/RECO/25.08.0/epic_craterlake/DIS/NC/5x41/minQ2=100/pythia8NCDIS_5x41_minQ2=100_beamEffects_xAngle=-0.025_hiDiv_3.0170.eicrecon.edm4eic.root,1438.0
root://dtn-eic.jlab.org//volatile/eic/EPIC/RECO/25.08.0/epic_craterlake/DIS/NC/5x41/minQ2=100/pythia8NCDIS_5x41_minQ2=100_beamEffects_xAngle=-0.025_hiDiv_3.0171.eicrecon.edm4eic.root,1438.0
root://dtn-eic.jlab.org//volatile/eic/EPIC/RECO/25.08.0/epic_craterlake/DIS/NC/5x41/minQ2=100/pythia8NCDIS_5x41_minQ2=100_beamEffects_xAngle=-0.025_hiDiv_3.0172.eicrecon.edm4eic.root,1438.0
root://dtn-eic.jlab.org//volatile/eic/EPIC/RECO/25.08.0/epic_craterlake/DIS/NC/5x41/minQ2=100/pythia8NCDIS_5x41_minQ2=100_beamEffects_xAngle=-0.025_hiDiv_3.0173.eicrecon.edm4eic.root,1438.0
root://dtn-eic.jlab.org//volatile/eic/EPIC/RECO/25.08.0/epic_craterlake/DIS/NC/5x41/minQ2=100/pythia8NCDIS_5x41_minQ2=100_beamEffects_xAngle=-0.025_hiDiv_3.0174.eicrecon.edm4eic.root,1438.0
root://dtn-eic.jlab.org//volatile/eic/EPIC/RECO/25.08.0/epic_craterlake/DIS/NC/5x41/minQ2=100/pythia8NCDIS_5x41_minQ2=100_beamEffects_xAngle=-0.025_hiDiv_3.0175.eicrecon.edm4eic.root,1438.0
root://dtn-eic.jlab.org//volatile/eic/EPIC/RECO/25.08.0/epic_craterlake/DIS/NC/5x41/minQ2=100/pythia8NCDIS_5x41_minQ2=100_beamEffects_xAngle=-0.025_hiDiv_3.0176.eicrecon.edm4eic.root,1438.0
root://dtn-eic.jlab.org//volatile/eic/EPIC/RECO/25.08.0/epic_craterlake/DIS/NC/5x41/minQ2=100/pythia8NCDIS_5x41_minQ2=100_beamEffects_xAngle=-0.025_hiDiv_3.0177.eicrecon.edm4eic.root,1438.0
root://dtn-eic.jlab.org//volatile/eic/EPIC/RECO/25.08.0/epic_craterlake/DIS/NC/5x41/minQ2=100/pythia8NCDIS_5x41_minQ2=100_beamEffects_xAngle=-0.025_hiDiv_3.0178.eicrecon.edm4eic.root,1438.0
root://dtn-eic.jlab.org//volatile/eic/EPIC/RECO/25.08.0/epic_craterlake/DIS/NC/5x41/minQ2=100/pythia8NCDIS_5x41_minQ2=100_beamEffects_xAngle=-0.025_hiDiv_3.0179.eicrecon.edm4eic.root,1438.0
root://dtn-eic.jlab.org//volatile/eic/EPIC/RECO/25.08.0/epic_craterlake/DIS/NC/5x41/minQ2=100/pythia8NCDIS_5x41_minQ2=100_beamEffects_xAngle=-0.025_hiDiv_3.0180.eicrecon.edm4eic.root,1438.0
root://dtn-eic.jlab.org//volatile/eic/EPIC/RECO/25.08.0/epic_craterlake/DIS/NC/5x41/minQ2=100/pythia8NCDIS_5x41_minQ2=100_beamEffects_xAngle=-0.025_hiDiv_3.0181.eicrecon.edm4eic.root,1438.0
root://dtn-eic.jlab.org//volatile/eic/EPIC/RECO/25.08.0/epic_craterlake/DIS/NC/5x41/minQ2=100/pythia8NCDIS_5x41_minQ2=100_beamEffects_xAngle=-0.025_hiDiv_3.0182.eicrecon.edm4eic.root,1438.0
root://dtn-eic.jlab.org//volatile/eic/EPIC/RECO/25.08.0/epic_craterlake/DIS/NC/5x41/minQ2=100/pythia8NCDIS_5x41_minQ2=100_beamEffects_xAngle=-0.025_hiDiv_3.0183.eicrecon.edm4eic.root,1438.0
root://dtn-eic.jlab.org//volatile/eic/EPIC/RECO/25.08.0/epic_craterlake/DIS/NC/5x41/minQ2=100/pythia8NCDIS_5x41_minQ2=100_beamEffects_xAngle=-0.025_hiDiv_3.0184.eicrecon.edm4eic.root,1438.0
root://dtn-eic.jlab.org//volatile/eic/EPIC/RECO/25.08.0/epic_craterlake/DIS/NC/5x41/minQ2=100/pythia8NCDIS_5x41_minQ2=100_beamEffects_xAngle=-0.025_hiDiv_3.0185.eicrecon.edm4eic.root,1438.0
root://dtn-eic.jlab.org//volatile/eic/EPIC/RECO/25.08.0/epic_craterlake/DIS/NC/5x41/minQ2=100/pythia8NCDIS_5x41_minQ2=100_beamEffects_xAngle=-0.025_hiDiv_3.0186.eicrecon.edm4eic.root,1438.0
root://dtn-eic.jlab.org//volatile/eic/EPIC/RECO/25.08.0/epic_craterlake/DIS/NC/5x41/minQ2=100/pythia8NCDIS_5x41_minQ2=100_beamEffects_xAngle=-0.025_hiDiv_3.0187.eicrecon.edm4eic.root,1438.0
root://dtn-eic.jlab.org//volatile/eic/EPIC/RECO/25.08.0/epic_craterlake/DIS/NC/5x41/minQ2=100/pythia8NCDIS_5x41_minQ2=100_beamEffects_xAngle=-0.025_hiDiv_3.0188.eicrecon.edm4eic.root,1438.0
root://dtn-eic.jlab.org//volatile/eic/EPIC/RECO/25.08.0/epic_craterlake/DIS/NC/5x41/minQ2=100/pythia8NCDIS_5x41_minQ2=100_beamEffects_xAngle=-0.025_hiDiv_3.0189.eicrecon.edm4eic.root,1438.0
root://dtn-eic.jlab.org//volatile/eic/EPIC/RECO/25.08.0/epic_craterlake/DIS/NC/5x41/minQ2=100/pythia8NCDIS_5x41_minQ2=100_beamEffects_xAngle=-0.025_hiDiv_3.0190.eicrecon.edm4eic.root,1438.0
root://dtn-eic.jlab.org//volatile/eic/EPIC/RECO/25.08.0/epic_craterlake/DIS/NC/5x41/minQ2=100/pythia8NCDIS_5x41_minQ2=100_beamEffects_xAngle=-0.025_hiDiv_3.0191.eicrecon.edm4eic.root,1438.0
root://dtn-eic.jlab.org//volatile/eic/EPIC/RECO/25.08.0/epic_craterlake/DIS/NC/5x41/minQ2=100/pythia8NCDIS_5x41_minQ2=100_beamEffects_xAngle=-0.025_hiDiv_3.0192.eicrecon.edm4eic.root,1438.0
root://dtn-eic.jlab.org//volatile/eic/EPIC/RECO/25.08.0/epic_craterlake/DIS/NC/5x41/minQ2=100/pythia8NCDIS_5x41_minQ2=100_beamEffects_xAngle=-0.025_hiDiv_3.0193.eicrecon.edm4eic.root,1438.0
root://dtn-eic.jlab.org//volatile/eic/EPIC/RECO/25.08.0/epic_craterlake/DIS/NC/5x41/minQ2=100/pythia8NCDIS_5x41_minQ2=100_beamEffects_xAngle=-0.025_hiDiv_3.0194.eicrecon.edm4eic.root,1438.0
root://dtn-eic.jlab.org//volatile/eic/EPIC/RECO/25.08.0/epic_craterlake/DIS/NC/5x41/minQ2=100/pythia8NCDIS_5x41_minQ2=100_beamEffects_xAngle=-0.025_hiDiv_3.0195.eicrecon.edm4eic.root,1438.0
root://dtn-eic.jlab.org//volatile/eic/EPIC/RECO/25.08.0/epic_craterlake/DIS/NC/5x41/minQ2=100/pythia8NCDIS_5x41_minQ2=100_beamEffects_xAngle=-0.025_hiDiv_3.0196.eicrecon.edm4eic.root,1438.0
root://dtn-eic.jlab.org//volatile/eic/EPIC/RECO/25.08.0/epic_craterlake/DIS/NC/5x41/minQ2=100/pythia8NCDIS_5x41_minQ2=100_beamEffects_xAngle=-0.025_hiDiv_3.0197.eicrecon.edm4eic.root,1438.0
root://dtn-eic.jlab.org//volatile/eic/EPIC/RECO/25.08.0/epic_craterlake/DIS/NC/5x41/minQ2=100/pythia8NCDIS_5x41_minQ2=100_beamEffects_xAngle=-0.025_hiDiv_3.0198.eicrecon.edm4eic.root,1438.0
root://dtn-eic.jlab.org//volatile/eic/EPIC/RECO/25.08.0/epic_craterlake/DIS/NC/5x41/minQ2=100/pythia8NCDIS_5x41_minQ2=100_beamEffects_xAngle=-0.025_hiDiv_3.0199.eicrecon.edm4eic.root,1438.0
root://dtn-eic.jlab.org//volatile/eic/EPIC/RECO/25.08.0/epic_craterlake/DIS/NC/5x41/minQ2=100/pythia8NCDIS_5x41_minQ2=100_beamEffects_xAngle=-0.025_hiDiv_3.0200.eicrecon.edm4eic.root,1438.0
root://dtn-eic.jlab.org//volatile/eic/EPIC/RECO/25.08.0/epic_craterlake/DIS/NC/5x41/minQ2=100/pythia8NCDIS_5x41_minQ2=100_beamEffects_xAngle=-0.025_hiDiv_3.0201.eicrecon.edm4eic.root,1438.0
root://dtn-eic.jlab.org//volatile/eic/EPIC/RECO/25.08.0/epic_craterlake/DIS/NC/5x41/minQ2=100/pythia8NCDIS_5x41_minQ2=100_beamEffects_xAngle=-0.025_hiDiv_3.0202.eicrecon.edm4eic.root,1438.0
root://dtn-eic.jlab.org//volatile/eic/EPIC/RECO/25.08.0/epic_craterlake/DIS/NC/5x41/minQ2=100/pythia8NCDIS_5x41_minQ2=100_beamEffects_xAngle=-0.025_hiDiv_3.0203.eicrecon.edm4eic.root,1438.0
root://dtn-eic.jlab.org//volatile/eic/EPIC/RECO/25.08.0/epic_craterlake/DIS/NC/5x41/minQ2=100/pythia8NCDIS_5x41_minQ2=100_beamEffects_xAngle=-0.025_hiDiv_3.0204.eicrecon.edm4eic.root,1438.0
root://dtn-eic.jlab.org//volatile/eic/EPIC/RECO/25.08.0/epic_craterlake/DIS/NC/5x41/minQ2=100/pythia8NCDIS_5x41_minQ2=100_beamEffects_xAngle=-0.025_hiDiv_3.0205.eicrecon.edm4eic.root,1438.0
root://dtn-eic.jlab.org//volatile/eic/EPIC/RECO/25.08.0/epic_craterlake/DIS/NC/5x41/minQ2=100/pythia8NCDIS_5x41_minQ2=100_beamEffects_xAngle=-0.025_hiDiv_3.0206.eicrecon.edm4eic.root,1438.0
root://dtn-eic.jlab.org//volatile/eic/EPIC/RECO/25.08.0/epic_craterlake/DIS/NC/5x41/minQ2=100/pythia8NCDIS_5x41_minQ2=100_beamEffects_xAngle=-0.025_hiDiv_3.0207.eicrecon.edm4eic.root,1438.0
root://dtn-eic.jlab.org//volatile/eic/EPIC/RECO/25.08.0/epic_craterlake/DIS/NC/5x41/minQ2=100/pythia8NCDIS_5x41_minQ2=100_beamEffects_xAngle=-0.025_hiDiv_3.0208.eicrecon.edm4eic.root,1438.0
root://dtn-eic.jlab.org//volatile/eic/EPIC/RECO/25.08.0/epic_craterlake/DIS/NC/5x41/minQ2=100/pythia8NCDIS_5x41_minQ2=100_beamEffects_xAngle=-0.025_hiDiv_3.0209.eicrecon.edm4eic.root,1438.0
root://dtn-eic.jlab.org//volatile/eic/EPIC/RECO/25.08.0/epic_craterlake/DIS/NC/5x41/minQ2=100/pythia8NCDIS_5x41_minQ2=100_beamEffects_xAngle=-0.025_hiDiv_3.0210.eicrecon.edm4eic.root,1438.0
root://dtn-eic.jlab.org//volatile/eic/EPIC/RECO/25.08.0/epic_craterlake/DIS/NC/5x41/minQ2=100/pythia8NCDIS_5x41_minQ2=100_beamEffects_xAngle=-0.025_hiDiv_3.0211.eicrecon.edm4eic.root,1438.0
root://dtn-eic.jlab.org//volatile/eic/EPIC/RECO/25.08.0/epic_craterlake/DIS/NC/5x41/minQ2=100/pythia8NCDIS_5x41_minQ2=100_beamEffects_xAngle=-0.025_hiDiv_3.0212.eicrecon.edm4eic.root,1438.0
root://dtn-eic.jlab.org//volatile/eic/EPIC/RECO/25.08.0/epic_craterlake/DIS/NC/5x41/minQ2=100/pythia8NCDIS_5x41_minQ2=100_beamEffects_xAngle=-0.025_hiDiv_3.0213.eicrecon.edm4eic.root,1438.0
root://dtn-eic.jlab.org//volatile/eic/EPIC/RECO/25.08.0/epic_craterlake/DIS/NC/5x41/minQ2=100/pythia8NCDIS_5x41_minQ2=100_beamEffects_xAngle=-0.025_hiDiv_3.0214.eicrecon.edm4eic.root,1438.0
root://dtn-eic.jlab.org//volatile/eic/EPIC/RECO/25.08.0/epic_craterlake/DIS/NC/5x41/minQ2=100/pythia8NCDIS_5x41_minQ2=100_beamEffects_xAngle=-0.025_hiDiv_3.0215.eicrecon.edm4eic.root,1438.0
root://dtn-eic.jlab.org//volatile/eic/EPIC/RECO/25.08.0/epic_craterlake/DIS/NC/5x41/minQ2=100/pythia8NCDIS_5x41_minQ2=100_beamEffects_xAngle=-0.025_hiDiv_3.0216.eicrecon.edm4eic.root,1438.0
root://dtn-eic.jlab.org//volatile/eic/EPIC/RECO/25.08.0/epic_craterlake/DIS/NC/5x41/minQ2=100/pythia8NCDIS_5x41_minQ2=100_beamEffects_xAngle=-0.025_hiDiv_3.0217.eicrecon.edm4eic.root,1438.0
root://dtn-eic.jlab.org//volatile/eic/EPIC/RECO/25.08.0/epic_craterlake/DIS/NC/5x41/minQ2=100/pythia8NCDIS_5x41_minQ2=100_beamEffects_xAngle=-0.025_hiDiv_3.0218.eicrecon.edm4eic.root,1438.0
root://dtn-eic.jlab.org//volatile/eic/EPIC/RECO/25.08.0/epic_craterlake/DIS/NC/5x41/minQ2=100/pythia8NCDIS_5x41_minQ2=100_beamEffects_xAngle=-0.025_hiDiv_3.0219.eicrecon.edm4eic.root,1438.0
root://dtn-eic.jlab.org//volatile/eic/EPIC/RECO/25.08.0/epic_craterlake/DIS/NC/5x41/minQ2=100/pythia8NCDIS_5x41_minQ2=100_beamEffects_xAngle=-0.025_hiDiv_3.0220.eicrecon.edm4eic.root,1438.0
root://dtn-eic.jlab.org//volatile/eic/EPIC/RECO/25.08.0/epic_craterlake/DIS/NC/5x41/minQ2=100/pythia8NCDIS_5x41_minQ2=100_beamEffects_xAngle=-0.025_hiDiv_3.0221.eicrecon.edm4eic.root,1438.0
root://dtn-eic.jlab.org//volatile/eic/EPIC/RECO/25.08.0/epic_craterlake/DIS/NC/5x41/minQ2=100/pythia8NCDIS_5x41_minQ2=100_beamEffects_xAngle=-0.025_hiDiv_3.0222.eicrecon.edm4eic.root,1438.0
root://dtn-eic.jlab.org//volatile/eic/EPIC/RECO/25.08.0/epic_craterlake/DIS/NC/5x41/minQ2=100/pythia8NCDIS_5x41_minQ2=100_beamEffects_xAngle=-0.025_hiDiv_3.0223.eicrecon.edm4eic.root,1438.0
root://dtn-eic.jlab.org//volatile/eic/EPIC/RECO/25.08.0/epic_craterlake/DIS/NC/5x41/minQ2=100/pythia8NCDIS_5x41_minQ2=100_beamEffects_xAngle=-0.025_hiDiv_3.0224.eicrecon.edm4eic.root,1438.0
root://dtn-eic.jlab.org//volatile/eic/EPIC/RECO/25.08.0/epic_craterlake/DIS/NC/5x41/minQ2=100/pythia8NCDIS_5x41_minQ2=100_beamEffects_xAngle=-0.025_hiDiv_3.0225.eicrecon.edm4eic.root,1438.0
root://dtn-eic.jlab.org//volatile/eic/EPIC/RECO/25.08.0/epic_craterlake/DIS/NC/5x41/minQ2=100/pythia8NCDIS_5x41_minQ2=100_beamEffects_xAngle=-0.025_hiDiv_3.0226.eicrecon.edm4eic.root,1438.0
root://dtn-eic.jlab.org//volatile/eic/EPIC/RECO/25.08.0/epic_craterlake/DIS/NC/5x41/minQ2=100/pythia8NCDIS_5x41_minQ2=100_beamEffects_xAngle=-0.025_hiDiv_3.0227.eicrecon.edm4eic.root,1438.0
root://dtn-eic.jlab.org//volatile/eic/EPIC/RECO/25.08.0/epic_craterlake/DIS/NC/5x41/minQ2=100/pythia8NCDIS_5x41_minQ2=100_beamEffects_xAngle=-0.025_hiDiv_3.0228.eicrecon.edm4eic.root,1438.0
root://dtn-eic.jlab.org//volatile/eic/EPIC/RECO/25.08.0/epic_craterlake/DIS/NC/5x41/minQ2=100/pythia8NCDIS_5x41_minQ2=100_beamEffects_xAngle=-0.025_hiDiv_3.0229.eicrecon.edm4eic.root,1438.0
root://dtn-eic.jlab.org//volatile/eic/EPIC/RECO/25.08.0/epic_craterlake/DIS/NC/5x41/minQ2=100/pythia8NCDIS_5x41_minQ2=100_beamEffects_xAngle=-0.025_hiDiv_3.0230.eicrecon.edm4eic.root,1438.0
root://dtn-eic.jlab.org//volatile/eic/EPIC/RECO/25.08.0/epic_craterlake/DIS/NC/5x41/minQ2=100/pythia8NCDIS_5x41_minQ2=100_beamEffects_xAngle=-0.025_hiDiv_3.0231.eicrecon.edm4eic.root,1438.0
root://dtn-eic.jlab.org//volatile/eic/EPIC/RECO/25.08.0/epic_craterlake/DIS/NC/5x41/minQ2=100/pythia8NCDIS_5x41_minQ2=100_beamEffects_xAngle=-0.025_hiDiv_3.0232.eicrecon.edm4eic.root,1438.0
root://dtn-eic.jlab.org//volatile/eic/EPIC/RECO/25.08.0/epic_craterlake/DIS/NC/5x41/minQ2=100/pythia8NCDIS_5x41_minQ2=100_beamEffects_xAngle=-0.025_hiDiv_3.0233.eicrecon.edm4eic.root,1438.0
root://dtn-eic.jlab.org//volatile/eic/EPIC/RECO/25.08.0/epic_craterlake/DIS/NC/5x41/minQ2=100/pythia8NCDIS_5x41_minQ2=100_beamEffects_xAngle=-0.025_hiDiv_3.0234.eicrecon.edm4eic.root,1438.0
root://dtn-eic.jlab.org//volatile/eic/EPIC/RECO/25.08.0/epic_craterlake/DIS/NC/5x41/minQ2=100/pythia8NCDIS_5x41_minQ2=100_beamEffects_xAngle=-0.025_hiDiv_3.0235.eicrecon.edm4eic.root,1438.0
root://dtn-eic.jlab.org//volatile/eic/EPIC/RECO/25.08.0/epic_craterlake/DIS/NC/5x41/minQ2=100/pythia8NCDIS_5x41_minQ2=100_beamEffects_xAngle=-0.025_hiDiv_3.0236.eicrecon.edm4eic.root,1438.0
root://dtn-eic.jlab.org//volatile/eic/EPIC/RECO/25.08.0/epic_craterlake/DIS/NC/5x41/minQ2=100/pythia8NCDIS_5x41_minQ2=100_beamEffects_xAngle=-0.025_hiDiv_3.0237.eicrecon.edm4eic.root,1438.0
root://dtn-eic.jlab.org//volatile/eic/EPIC/RECO/25.08.0/epic_craterlake/DIS/NC/5x41/minQ2=100/pythia8NCDIS_5x41_minQ2=100_beamEffects_xAngle=-0.025_hiDiv_3.0238.eicrecon.edm4eic.root,1438.0
root://dtn-eic.jlab.org//volatile/eic/EPIC/RECO/25.08.0/epic_craterlake/DIS/NC/5x41/minQ2=100/pythia8NCDIS_5x41_minQ2=100_beamEffects_xAngle=-0.025_hiDiv_3.0239.eicrecon.edm4eic.root,1438.0
root://dtn-eic.jlab.org//volatile/eic/EPIC/RECO/25.08.0/epic_craterlake/DIS/NC/5x41/minQ2=100/pythia8NCDIS_5x41_minQ2=100_beamEffects_xAngle=-0.025_hiDiv_3.0240.eicrecon.edm4eic.root,1438.0
root://dtn-eic.jlab.org//volatile/eic/EPIC/RECO/25.08.0/epic_craterlake/DIS/NC/5x41/minQ2=100/pythia8NCDIS_5x41_minQ2=100_beamEffects_xAngle=-0.025_hiDiv_3.0241.eicrecon.edm4eic.root,1438.0
root://dtn-eic.jlab.org//volatile/eic/EPIC/RECO/25.08.0/epic_craterlake/DIS/NC/5x41/minQ2=100/pythia8NCDIS_5x41_minQ2=100_beamEffects_xAngle=-0.025_hiDiv_3.0242.eicrecon.edm4eic.root,1438.0
root://dtn-eic.jlab.org//volatile/eic/EPIC/RECO/25.08.0/epic_craterlake/DIS/NC/5x41/minQ2=100/pythia8NCDIS_5x41_minQ2=100_beamEffects_xAngle=-0.025_hiDiv_3.0243.eicrecon.edm4eic.root,1438.0
root://dtn-eic.jlab.org//volatile/eic/EPIC/RECO/25.08.0/epic_craterlake/DIS/NC/5x41/minQ2=100/pythia8NCDIS_5x41_minQ2=100_beamEffects_xAngle=-0.025_hiDiv_3.0244.eicrecon.edm4eic.root,1438.0
root://dtn-eic.jlab.org//volatile/eic/EPIC/RECO/25.08.0/epic_craterlake/DIS/NC/5x41/minQ2=100/pythia8NCDIS_5x41_minQ2=100_beamEffects_xAngle=-0.025_hiDiv_3.0245.eicrecon.edm4eic.root,1438.0
root://dtn-eic.jlab.org//volatile/eic/EPIC/RECO/25.08.0/epic_craterlake/DIS/NC/5x41/minQ2=100/pythia8NCDIS_5x41_minQ2=100_beamEffects_xAngle=-0.025_hiDiv_3.0246.eicrecon.edm4eic.root,1438.0
root://dtn-eic.jlab.org//volatile/eic/EPIC/RECO/25.08.0/epic_craterlake/DIS/NC/5x41/minQ2=100/pythia8NCDIS_5x41_minQ2=100_beamEffects_xAngle=-0.025_hiDiv_3.0247.eicrecon.edm4eic.root,1438.0
root://dtn-eic.jlab.org//volatile/eic/EPIC/RECO/25.08.0/epic_craterlake/DIS/NC/5x41/minQ2=100/pythia8NCDIS_5x41_minQ2=100_beamEffects_xAngle=-0.025_hiDiv_3.0248.eicrecon.edm4eic.root,1438.0
root://dtn-eic.jlab.org//volatile/eic/EPIC/RECO/25.08.0/epic_craterlake/DIS/NC/5x41/minQ2=100/pythia8NCDIS_5x41_minQ2=100_beamEffects_xAngle=-0.025_hiDiv_3.0249.eicrecon.edm4eic.root,1438.0
root://dtn-eic.jlab.org//volatile/eic/EPIC/RECO/25.08.0/epic_craterlake/DIS/NC/5x41/minQ2=100/pythia8NCDIS_5x41_minQ2=100_beamEffects_xAngle=-0.025_hiDiv_3.0250.eicrecon.edm4eic.root,1438.0
root://dtn-eic.jlab.org//volatile/eic/EPIC/RECO/25.08.0/epic_craterlake/DIS/NC/5x41/minQ2=100/pythia8NCDIS_5x41_minQ2=100_beamEffects_xAngle=-0.025_hiDiv_3.0251.eicrecon.edm4eic.root,1438.0
root://dtn-eic.jlab.org//volatile/eic/EPIC/RECO/25.08.0/epic_craterlake/DIS/NC/5x41/minQ2=100/pythia8NCDIS_5x41_minQ2=100_beamEffects_xAngle=-0.025_hiDiv_3.0252.eicrecon.edm4eic.root,1438.0
root://dtn-eic.jlab.org//volatile/eic/EPIC/RECO/25.08.0/epic_craterlake/DIS/NC/5x41/minQ2=100/pythia8NCDIS_5x41_minQ2=100_beamEffects_xAngle=-0.025_hiDiv_3.0253.eicrecon.edm4eic.root,1438.0
root://dtn-eic.jlab.org//volatile/eic/EPIC/RECO/25.08.0/epic_craterlake/DIS/NC/5x41/minQ2=100/pythia8NCDIS_5x41_minQ2=100_beamEffects_xAngle=-0.025_hiDiv_3.0254.eicrecon.edm4eic.root,1438.0
root://dtn-eic.jlab.org//volatile/eic/EPIC/RECO/25.08.0/epic_craterlake/DIS/NC/5x41/minQ2=100/pythia8NCDIS_5x41_minQ2=100_beamEffects_xAngle=-0.025_hiDiv_3.0255.eicrecon.edm4eic.root,1438.0
root://dtn-eic.jlab.org//volatile/eic/EPIC/RECO/25.08.0/epic_craterlake/DIS/NC/5x41/minQ2=100/pythia8NCDIS_5x41_minQ2=100_beamEffects_xAngle=-0.025_hiDiv_3.0256.eicrecon.edm4eic.root,1438.0
root://dtn-eic.jlab.org//volatile/eic/EPIC/RECO/25.08.0/epic_craterlake/DIS/NC/5x41/minQ2=100/pythia8NCDIS_5x41_minQ2=100_beamEffects_xAngle=-0.025_hiDiv_3.0257.eicrecon.edm4eic.root,1438.0
root://dtn-eic.jlab.org//volatile/eic/EPIC/RECO/25.08.0/epic_craterlake/DIS/NC/5x41/minQ2=100/pythia8NCDIS_5x41_minQ2=100_beamEffects_xAngle=-0.025_hiDiv_3.0258.eicrecon.edm4eic.root,1438.0
root://dtn-eic.jlab.org//volatile/eic/EPIC/RECO/25.08.0/epic_craterlake/DIS/NC/5x41/minQ2=100/pythia8NCDIS_5x41_minQ2=100_beamEffects_xAngle=-0.025_hiDiv_3.0259.eicrecon.edm4eic.root,1438.0
root://dtn-eic.jlab.org//volatile/eic/EPIC/RECO/25.08.0/epic_craterlake/DIS/NC/5x41/minQ2=100/pythia8NCDIS_5x41_minQ2=100_beamEffects_xAngle=-0.025_hiDiv_3.0260.eicrecon.edm4eic.root,1438.0
root://dtn-eic.jlab.org//volatile/eic/EPIC/RECO/25.08.0/epic_craterlake/DIS/NC/5x41/minQ2=100/pythia8NCDIS_5x41_minQ2=100_beamEffects_xAngle=-0.025_hiDiv_3.0261.eicrecon.edm4eic.root,1438.0
root://dtn-eic.jlab.org//volatile/eic/EPIC/RECO/25.08.0/epic_craterlake/DIS/NC/5x41/minQ2=100/pythia8NCDIS_5x41_minQ2=100_beamEffects_xAngle=-0.025_hiDiv_3.0262.eicrecon.edm4eic.root,1438.0
root://dtn-eic.jlab.org//volatile/eic/EPIC/RECO/25.08.0/epic_craterlake/DIS/NC/5x41/minQ2=100/pythia8NCDIS_5x41_minQ2=100_beamEffects_xAngle=-0.025_hiDiv_3.0263.eicrecon.edm4eic.root,1438.0
root://dtn-eic.jlab.org//volatile/eic/EPIC/RECO/25.08.0/epic_craterlake/DIS/NC/5x41/minQ2=100/pythia8NCDIS_5x41_minQ2=100_beamEffects_xAngle=-0.025_hiDiv_3.0264.eicrecon.edm4eic.root,1438.0
root://dtn-eic.jlab.org//volatile/eic/EPIC/RECO/25.08.0/epic_craterlake/DIS/NC/5x41/minQ2=100/pythia8NCDIS_5x41_minQ2=100_beamEffects_xAngle=-0.025_hiDiv_3.0265.eicrecon.edm4eic.root,1438.0
root://dtn-eic.jlab.org//volatile/eic/EPIC/RECO/25.08.0/epic_craterlake/DIS/NC/5x41/minQ2=100/pythia8NCDIS_5x41_minQ2=100_beamEffects_xAngle=-0.025_hiDiv_3.0266.eicrecon.edm4eic.root,1438.0
root://dtn-eic.jlab.org//volatile/eic/EPIC/RECO/25.08.0/epic_craterlake/DIS/NC/5x41/minQ2=100/pythia8NCDIS_5x41_minQ2=100_beamEffects_xAngle=-0.025_hiDiv_3.0267.eicrecon.edm4eic.root,1438.0
root://dtn-eic.jlab.org//volatile/eic/EPIC/RECO/25.08.0/epic_craterlake/DIS/NC/5x41/minQ2=100/pythia8NCDIS_5x41_minQ2=100_beamEffects_xAngle=-0.025_hiDiv_3.0268.eicrecon.edm4eic.root,1438.0
root://dtn-eic.jlab.org//volatile/eic/EPIC/RECO/25.08.0/epic_craterlake/DIS/NC/5x41/minQ2=100/pythia8NCDIS_5x41_minQ2=100_beamEffects_xAngle=-0.025_hiDiv_3.0269.eicrecon.edm4eic.root,1438.0
root://dtn-eic.jlab.org//volatile/eic/EPIC/RECO/25.08.0/epic_craterlake/DIS/NC/5x41/minQ2=100/pythia8NCDIS_5x41_minQ2=100_beamEffects_xAngle=-0.025_hiDiv_3.0270.eicrecon.edm4eic.root,1438.0
root://dtn-eic.jlab.org//volatile/eic/EPIC/RECO/25.08.0/epic_craterlake/DIS/NC/5x41/minQ2=100/pythia8NCDIS_5x41_minQ2=100_beamEffects_xAngle=-0.025_hiDiv_3.0271.eicrecon.edm4eic.root,1438.0
root://dtn-eic.jlab.org//volatile/eic/EPIC/RECO/25.08.0/epic_craterlake/DIS/NC/5x41/minQ2=100/pythia8NCDIS_5x41_minQ2=100_beamEffects_xAngle=-0.025_hiDiv_3.0272.eicrecon.edm4eic.root,1438.0
root://dtn-eic.jlab.org//volatile/eic/EPIC/RECO/25.08.0/epic_craterlake/DIS/NC/5x41/minQ2=100/pythia8NCDIS_5x41_minQ2=100_beamEffects_xAngle=-0.025_hiDiv_3.0273.eicrecon.edm4eic.root,1438.0
root://dtn-eic.jlab.org//volatile/eic/EPIC/RECO/25.08.0/epic_craterlake/DIS/NC/5x41/minQ2=100/pythia8NCDIS_5x41_minQ2=100_beamEffects_xAngle=-0.025_hiDiv_3.0274.eicrecon.edm4eic.root,1438.0
root://dtn-eic.jlab.org//volatile/eic/EPIC/RECO/25.08.0/epic_craterlake/DIS/NC/5x41/minQ2=100/pythia8NCDIS_5x41_minQ2=100_beamEffects_xAngle=-0.025_hiDiv_3.0275.eicrecon.edm4eic.root,1438.0
root://dtn-eic.jlab.org//volatile/eic/EPIC/RECO/25.08.0/epic_craterlake/DIS/NC/5x41/minQ2=100/pythia8NCDIS_5x41_minQ2=100_beamEffects_xAngle=-0.025_hiDiv_3.0276.eicrecon.edm4eic.root,1438.0
root://dtn-eic.jlab.org//volatile/eic/EPIC/RECO/25.08.0/epic_craterlake/DIS/NC/5x41/minQ2=100/pythia8NCDIS_5x41_minQ2=100_beamEffects_xAngle=-0.025_hiDiv_3.0277.eicrecon.edm4eic.root,1438.0
root://dtn-eic.jlab.org//volatile/eic/EPIC/RECO/25.08.0/epic_craterlake/DIS/NC/5x41/minQ2=100/pythia8NCDIS_5x41_minQ2=100_beamEffects_xAngle=-0.025_hiDiv_3.0278.eicrecon.edm4eic.root,1438.0
root://dtn-eic.jlab.org//volatile/eic/EPIC/RECO/25.08.0/epic_craterlake/DIS/NC/5x41/minQ2=100/pythia8NCDIS_5x41_minQ2=100_beamEffects_xAngle=-0.025_hiDiv_3.0279.eicrecon.edm4eic.root,1438.0
root://dtn-eic.jlab.org//volatile/eic/EPIC/RECO/25.08.0/epic_craterlake/DIS/NC/5x41/minQ2=100/pythia8NCDIS_5x41_minQ2=100_beamEffects_xAngle=-0.025_hiDiv_3.0280.eicrecon.edm4eic.root,1438.0
root://dtn-eic.jlab.org//volatile/eic/EPIC/RECO/25.08.0/epic_craterlake/DIS/NC/5x41/minQ2=100/pythia8NCDIS_5x41_minQ2=100_beamEffects_xAngle=-0.025_hiDiv_3.0281.eicrecon.edm4eic.root,1438.0
root://dtn-eic.jlab.org//volatile/eic/EPIC/RECO/25.08.0/epic_craterlake/DIS/NC/5x41/minQ2=100/pythia8NCDIS_5x41_minQ2=100_beamEffects_xAngle=-0.025_hiDiv_3.0282.eicrecon.edm4eic.root,1438.0
root://dtn-eic.jlab.org//volatile/eic/EPIC/RECO/25.08.0/epic_craterlake/DIS/NC/5x41/minQ2=100/pythia8NCDIS_5x41_minQ2=100_beamEffects_xAngle=-0.025_hiDiv_3.0283.eicrecon.edm4eic.root,1438.0
root://dtn-eic.jlab.org//volatile/eic/EPIC/RECO/25.08.0/epic_craterlake/DIS/NC/5x41/minQ2=100/pythia8NCDIS_5x41_minQ2=100_beamEffects_xAngle=-0.025_hiDiv_3.0284.eicrecon.edm4eic.root,1438.0
root://dtn-eic.jlab.org//volatile/eic/EPIC/RECO/25.08.0/epic_craterlake/DIS/NC/5x41/minQ2=100/pythia8NCDIS_5x41_minQ2=100_beamEffects_xAngle=-0.025_hiDiv_3.0285.eicrecon.edm4eic.root,1438.0
root://dtn-eic.jlab.org//volatile/eic/EPIC/RECO/25.08.0/epic_craterlake/DIS/NC/5x41/minQ2=100/pythia8NCDIS_5x41_minQ2=100_beamEffects_xAngle=-0.025_hiDiv_3.0286.eicrecon.edm4eic.root,1438.0
root://dtn-eic.jlab.org//volatile/eic/EPIC/RECO/25.08.0/epic_craterlake/DIS/NC/5x41/minQ2=100/pythia8NCDIS_5x41_minQ2=100_beamEffects_xAngle=-0.025_hiDiv_3.0287.eicrecon.edm4eic.root,1438.0
root://dtn-eic.jlab.org//volatile/eic/EPIC/RECO/25.08.0/epic_craterlake/DIS/NC/5x41/minQ2=100/pythia8NCDIS_5x41_minQ2=100_beamEffects_xAngle=-0.025_hiDiv_3.0288.eicrecon.edm4eic.root,1438.0
root://dtn-eic.jlab.org//volatile/eic/EPIC/RECO/25.08.0/epic_craterlake/DIS/NC/5x41/minQ2=100/pythia8NCDIS_5x41_minQ2=100_beamEffects_xAngle=-0.025_hiDiv_3.0289.eicrecon.edm4eic.root,1438.0
root://dtn-eic.jlab.org//volatile/eic/EPIC/RECO/25.08.0/epic_craterlake/DIS/NC/5x41/minQ2=100/pythia8NCDIS_5x41_minQ2=100_beamEffects_xAngle=-0.025_hiDiv_3.0290.eicrecon.edm4eic.root,1438.0
root://dtn-eic.jlab.org//volatile/eic/EPIC/RECO/25.08.0/epic_craterlake/DIS/NC/5x41/minQ2=100/pythia8NCDIS_5x41_minQ2=100_beamEffects_xAngle=-0.025_hiDiv_3.0291.eicrecon.edm4eic.root,1438.0
root://dtn-eic.jlab.org//volatile/eic/EPIC/RECO/25.08.0/epic_craterlake/DIS/NC/5x41/minQ2=100/pythia8NCDIS_5x41_minQ2=100_beamEffects_xAngle=-0.025_hiDiv_3.0292.eicrecon.edm4eic.root,1438.0
root://dtn-eic.jlab.org//volatile/eic/EPIC/RECO/25.08.0/epic_craterlake/DIS/NC/5x41/minQ2=100/pythia8NCDIS_5x41_minQ2=100_beamEffects_xAngle=-0.025_hiDiv_3.0293.eicrecon.edm4eic.root,1438.0
root://dtn-eic.jlab.org//volatile/eic/EPIC/RECO/25.08.0/epic_craterlake/DIS/NC/5x41/minQ2=100/pythia8NCDIS_5x41_minQ2=100_beamEffects_xAngle=-0.025_hiDiv_3.0294.eicrecon.edm4eic.root,1438.0
root://dtn-eic.jlab.org//volatile/eic/EPIC/RECO/25.08.0/epic_craterlake/DIS/NC/5x41/minQ2=100/pythia8NCDIS_5x41_minQ2=100_beamEffects_xAngle=-0.025_hiDiv_3.0295.eicrecon.edm4eic.root,1438.0
root://dtn-eic.jlab.org//volatile/eic/EPIC/RECO/25.08.0/epic_craterlake/DIS/NC/5x41/minQ2=100/pythia8NCDIS_5x41_minQ2=100_beamEffects_xAngle=-0.025_hiDiv_3.0296.eicrecon.edm4eic.root,1438.0
root://dtn-eic.jlab.org//volatile/eic/EPIC/RECO/25.08.0/epic_craterlake/DIS/NC/5x41/minQ2=100/pythia8NCDIS_5x41_minQ2=100_beamEffects_xAngle=-0.025_hiDiv_3.0297.eicrecon.edm4eic.root,1438.0
root://dtn-eic.jlab.org//volatile/eic/EPIC/RECO/25.08.0/epic_craterlake/DIS/NC/5x41/minQ2=100/pythia8NCDIS_5x41_minQ2=100_beamEffects_xAngle=-0.025_hiDiv_3.0298.eicrecon.edm4eic.root,1438.0
root://dtn-eic.jlab.org//volatile/eic/EPIC/RECO/25.08.0/epic_craterlake/DIS/NC/5x41/minQ2=100/pythia8NCDIS_5x41_minQ2=100_beamEffects_xAngle=-0.025_hiDiv_3.0299.eicrecon.edm4eic.root,1438.0
root://dtn-eic.jlab.org//volatile/eic/EPIC/RECO/25.08.0/epic_craterlake/DIS/NC/5x41/minQ2=100/pythia8NCDIS_5x41_minQ2=100_beamEffects_xAngle=-0.025_hiDiv_3.0300.eicrecon.edm4eic.root,1438.0
root://dtn-eic.jlab.org//volatile/eic/EPIC/RECO/25.08.0/epic_craterlake/DIS/NC/5x41/minQ2=100/pythia8NCDIS_5x41_minQ2=100_beamEffects_xAngle=-0.025_hiDiv_3.0301.eicrecon.edm4eic.root,1438.0
root://dtn-eic.jlab.org//volatile/eic/EPIC/RECO/25.08.0/epic_craterlake/DIS/NC/5x41/minQ2=100/pythia8NCDIS_5x41_minQ2=100_beamEffects_xAngle=-0.025_hiDiv_3.0302.eicrecon.edm4eic.root,1438.0
root://dtn-eic.jlab.org//volatile/eic/EPIC/RECO/25.08.0/epic_craterlake/DIS/NC/5x41/minQ2=100/pythia8NCDIS_5x41_minQ2=100_beamEffects_xAngle=-0.025_hiDiv_3.0303.eicrecon.edm4eic.root,1438.0
root://dtn-eic.jlab.org//volatile/eic/EPIC/RECO/25.08.0/epic_craterlake/DIS/NC/5x41/minQ2=100/pythia8NCDIS_5x41_minQ2=100_beamEffects_xAngle=-0.025_hiDiv_3.0304.eicrecon.edm4eic.root,1438.0
root://dtn-eic.jlab.org//volatile/eic/EPIC/RECO/25.08.0/epic_craterlake/DIS/NC/5x41/minQ2=100/pythia8NCDIS_5x41_minQ2=100_beamEffects_xAngle=-0.025_hiDiv_3.0305.eicrecon.edm4eic.root,1438.0
root://dtn-eic.jlab.org//volatile/eic/EPIC/RECO/25.08.0/epic_craterlake/DIS/NC/5x41/minQ2=100/pythia8NCDIS_5x41_minQ2=100_beamEffects_xAngle=-0.025_hiDiv_3.0306.eicrecon.edm4eic.root,1438.0
root://dtn-eic.jlab.org//volatile/eic/EPIC/RECO/25.08.0/epic_craterlake/DIS/NC/5x41/minQ2=100/pythia8NCDIS_5x41_minQ2=100_beamEffects_xAngle=-0.025_hiDiv_3.0307.eicrecon.edm4eic.root,1438.0
root://dtn-eic.jlab.org//volatile/eic/EPIC/RECO/25.08.0/epic_craterlake/DIS/NC/5x41/minQ2=100/pythia8NCDIS_5x41_minQ2=100_beamEffects_xAngle=-0.025_hiDiv_3.0308.eicrecon.edm4eic.root,1438.0
root://dtn-eic.jlab.org//volatile/eic/EPIC/RECO/25.08.0/epic_craterlake/DIS/NC/5x41/minQ2=100/pythia8NCDIS_5x41_minQ2=100_beamEffects_xAngle=-0.025_hiDiv_3.0309.eicrecon.edm4eic.root,1438.0
root://dtn-eic.jlab.org//volatile/eic/EPIC/RECO/25.08.0/epic_craterlake/DIS/NC/5x41/minQ2=100/pythia8NCDIS_5x41_minQ2=100_beamEffects_xAngle=-0.025_hiDiv_3.0310.eicrecon.edm4eic.root,1438.0
root://dtn-eic.jlab.org//volatile/eic/EPIC/RECO/25.08.0/epic_craterlake/DIS/NC/5x41/minQ2=100/pythia8NCDIS_5x41_minQ2=100_beamEffects_xAngle=-0.025_hiDiv_3.0311.eicrecon.edm4eic.root,1438.0
root://dtn-eic.jlab.org//volatile/eic/EPIC/RECO/25.08.0/epic_craterlake/DIS/NC/5x41/minQ2=100/pythia8NCDIS_5x41_minQ2=100_beamEffects_xAngle=-0.025_hiDiv_3.0312.eicrecon.edm4eic.root,1438.0
root://dtn-eic.jlab.org//volatile/eic/EPIC/RECO/25.08.0/epic_craterlake/DIS/NC/5x41/minQ2=100/pythia8NCDIS_5x41_minQ2=100_beamEffects_xAngle=-0.025_hiDiv_3.0313.eicrecon.edm4eic.root,1438.0
root://dtn-eic.jlab.org//volatile/eic/EPIC/RECO/25.08.0/epic_craterlake/DIS/NC/5x41/minQ2=100/pythia8NCDIS_5x41_minQ2=100_beamEffects_xAngle=-0.025_hiDiv_3.0314.eicrecon.edm4eic.root,1438.0
root://dtn-eic.jlab.org//volatile/eic/EPIC/RECO/25.08.0/epic_craterlake/DIS/NC/5x41/minQ2=100/pythia8NCDIS_5x41_minQ2=100_beamEffects_xAngle=-0.025_hiDiv_3.0315.eicrecon.edm4eic.root,1438.0
root://dtn-eic.jlab.org//volatile/eic/EPIC/RECO/25.08.0/epic_craterlake/DIS/NC/5x41/minQ2=100/pythia8NCDIS_5x41_minQ2=100_beamEffects_xAngle=-0.025_hiDiv_3.0316.eicrecon.edm4eic.root,1438.0
root://dtn-eic.jlab.org//volatile/eic/EPIC/RECO/25.08.0/epic_craterlake/DIS/NC/5x41/minQ2=100/pythia8NCDIS_5x41_minQ2=100_beamEffects_xAngle=-0.025_hiDiv_3.0317.eicrecon.edm4eic.root,1438.0
root://dtn-eic.jlab.org//volatile/eic/EPIC/RECO/25.08.0/epic_craterlake/DIS/NC/5x41/minQ2=100/pythia8NCDIS_5x41_minQ2=100_beamEffects_xAngle=-0.025_hiDiv_3.0318.eicrecon.edm4eic.root,1438.0
root://dtn-eic.jlab.org//volatile/eic/EPIC/RECO/25.08.0/epic_craterlake/DIS/NC/5x41/minQ2=100/pythia8NCDIS_5x41_minQ2=100_beamEffects_xAngle=-0.025_hiDiv_3.0319.eicrecon.edm4eic.root,1438.0
root://dtn-eic.jlab.org//volatile/eic/EPIC/RECO/25.08.0/epic_craterlake/DIS/NC/5x41/minQ2=100/pythia8NCDIS_5x41_minQ2=100_beamEffects_xAngle=-0.025_hiDiv_3.0320.eicrecon.edm4eic.root,1438.0
root://dtn-eic.jlab.org//volatile/eic/EPIC/RECO/25.08.0/epic_craterlake/DIS/NC/5x41/minQ2=100/pythia8NCDIS_5x41_minQ2=100_beamEffects_xAngle=-0.025_hiDiv_3.0321.eicrecon.edm4eic.root,1438.0
root://dtn-eic.jlab.org//volatile/eic/EPIC/RECO/25.08.0/epic_craterlake/DIS/NC/5x41/minQ2=100/pythia8NCDIS_5x41_minQ2=100_beamEffects_xAngle=-0.025_hiDiv_3.0322.eicrecon.edm4eic.root,1438.0
root://dtn-eic.jlab.org//volatile/eic/EPIC/RECO/25.08.0/epic_craterlake/DIS/NC/5x41/minQ2=100/pythia8NCDIS_5x41_minQ2=100_beamEffects_xAngle=-0.025_hiDiv_3.0323.eicrecon.edm4eic.root,1438.0
root://dtn-eic.jlab.org//volatile/eic/EPIC/RECO/25.08.0/epic_craterlake/DIS/NC/5x41/minQ2=100/pythia8NCDIS_5x41_minQ2=100_beamEffects_xAngle=-0.025_hiDiv_3.0324.eicrecon.edm4eic.root,1438.0
root://dtn-eic.jlab.org//volatile/eic/EPIC/RECO/25.08.0/epic_craterlake/DIS/NC/5x41/minQ2=100/pythia8NCDIS_5x41_minQ2=100_beamEffects_xAngle=-0.025_hiDiv_3.0325.eicrecon.edm4eic.root,1438.0
root://dtn-eic.jlab.org//volatile/eic/EPIC/RECO/25.08.0/epic_craterlake/DIS/NC/5x41/minQ2=100/pythia8NCDIS_5x41_minQ2=100_beamEffects_xAngle=-0.025_hiDiv_3.0326.eicrecon.edm4eic.root,1438.0
root://dtn-eic.jlab.org//volatile/eic/EPIC/RECO/25.08.0/epic_craterlake/DIS/NC/5x41/minQ2=100/pythia8NCDIS_5x41_minQ2=100_beamEffects_xAngle=-0.025_hiDiv_3.0327.eicrecon.edm4eic.root,1438.0
root://dtn-eic.jlab.org//volatile/eic/EPIC/RECO/25.08.0/epic_craterlake/DIS/NC/5x41/minQ2=100/pythia8NCDIS_5x41_minQ2=100_beamEffects_xAngle=-0.025_hiDiv_3.0328.eicrecon.edm4eic.root,1438.0
root://dtn-eic.jlab.org//volatile/eic/EPIC/RECO/25.08.0/epic_craterlake/DIS/NC/5x41/minQ2=100/pythia8NCDIS_5x41_minQ2=100_beamEffects_xAngle=-0.025_hiDiv_3.0329.eicrecon.edm4eic.root,1438.0
root://dtn-eic.jlab.org//volatile/eic/EPIC/RECO/25.08.0/epic_craterlake/DIS/NC/5x41/minQ2=100/pythia8NCDIS_5x41_minQ2=100_beamEffects_xAngle=-0.025_hiDiv_3.0330.eicrecon.edm4eic.root,1438.0
root://dtn-eic.jlab.org//volatile/eic/EPIC/RECO/25.08.0/epic_craterlake/DIS/NC/5x41/minQ2=100/pythia8NCDIS_5x41_minQ2=100_beamEffects_xAngle=-0.025_hiDiv_3.0331.eicrecon.edm4eic.root,1438.0
root://dtn-eic.jlab.org//volatile/eic/EPIC/RECO/25.08.0/epic_craterlake/DIS/NC/5x41/minQ2=100/pythia8NCDIS_5x41_minQ2=100_beamEffects_xAngle=-0.025_hiDiv_3.0332.eicrecon.edm4eic.root,1438.0
root://dtn-eic.jlab.org//volatile/eic/EPIC/RECO/25.08.0/epic_craterlake/DIS/NC/5x41/minQ2=100/pythia8NCDIS_5x41_minQ2=100_beamEffects_xAngle=-0.025_hiDiv_3.0333.eicrecon.edm4eic.root,1438.0
root://dtn-eic.jlab.org//volatile/eic/EPIC/RECO/25.08.0/epic_craterlake/DIS/NC/5x41/minQ2=100/pythia8NCDIS_5x41_minQ2=100_beamEffects_xAngle=-0.025_hiDiv_3.0334.eicrecon.edm4eic.root,1438.0
root://dtn-eic.jlab.org//volatile/eic/EPIC/RECO/25.08.0/epic_craterlake/DIS/NC/5x41/minQ2=100/pythia8NCDIS_5x41_minQ2=100_beamEffects_xAngle=-0.025_hiDiv_3.0335.eicrecon.edm4eic.root,1438.0
root://dtn-eic.jlab.org//volatile/eic/EPIC/RECO/25.08.0/epic_craterlake/DIS/NC/5x41/minQ2=100/pythia8NCDIS_5x41_minQ2=100_beamEffects_xAngle=-0.025_hiDiv_3.0336.eicrecon.edm4eic.root,1438.0
root://dtn-eic.jlab.org//volatile/eic/EPIC/RECO/25.08.0/epic_craterlake/DIS/NC/5x41/minQ2=100/pythia8NCDIS_5x41_minQ2=100_beamEffects_xAngle=-0.025_hiDiv_3.0337.eicrecon.edm4eic.root,1438.0
root://dtn-eic.jlab.org//volatile/eic/EPIC/RECO/25.08.0/epic_craterlake/DIS/NC/5x41/minQ2=100/pythia8NCDIS_5x41_minQ2=100_beamEffects_xAngle=-0.025_hiDiv_3.0338.eicrecon.edm4eic.root,1438.0
root://dtn-eic.jlab.org//volatile/eic/EPIC/RECO/25.08.0/epic_craterlake/DIS/NC/5x41/minQ2=100/pythia8NCDIS_5x41_minQ2=100_beamEffects_xAngle=-0.025_hiDiv_3.0339.eicrecon.edm4eic.root,1438.0
root://dtn-eic.jlab.org//volatile/eic/EPIC/RECO/25.08.0/epic_craterlake/DIS/NC/5x41/minQ2=100/pythia8NCDIS_5x41_minQ2=100_beamEffects_xAngle=-0.025_hiDiv_3.0340.eicrecon.edm4eic.root,1438.0
root://dtn-eic.jlab.org//volatile/eic/EPIC/RECO/25.08.0/epic_craterlake/DIS/NC/5x41/minQ2=100/pythia8NCDIS_5x41_minQ2=100_beamEffects_xAngle=-0.025_hiDiv_3.0341.eicrecon.edm4eic.root,1438.0
root://dtn-eic.jlab.org//volatile/eic/EPIC/RECO/25.08.0/epic_craterlake/DIS/NC/5x41/minQ2=100/pythia8NCDIS_5x41_minQ2=100_beamEffects_xAngle=-0.025_hiDiv_3.0342.eicrecon.edm4eic.root,1438.0
root://dtn-eic.jlab.org//volatile/eic/EPIC/RECO/25.08.0/epic_craterlake/DIS/NC/5x41/minQ2=100/pythia8NCDIS_5x41_minQ2=100_beamEffects_xAngle=-0.025_hiDiv_3.0343.eicrecon.edm4eic.root,1438.0
root://dtn-eic.jlab.org//volatile/eic/EPIC/RECO/25.08.0/epic_craterlake/DIS/NC/5x41/minQ2=100/pythia8NCDIS_5x41_minQ2=100_beamEffects_xAngle=-0.025_hiDiv_3.0344.eicrecon.edm4eic.root,1438.0
root://dtn-eic.jlab.org//volatile/eic/EPIC/RECO/25.08.0/epic_craterlake/DIS/NC/5x41/minQ2=100/pythia8NCDIS_5x41_minQ2=100_beamEffects_xAngle=-0.025_hiDiv_3.0345.eicrecon.edm4eic.root,1438.0
root://dtn-eic.jlab.org//volatile/eic/EPIC/RECO/25.08.0/epic_craterlake/DIS/NC/5x41/minQ2=100/pythia8NCDIS_5x41_minQ2=100_beamEffects_xAngle=-0.025_hiDiv_3.0346.eicrecon.edm4eic.root,1438.0
root://dtn-eic.jlab.org//volatile/eic/EPIC/RECO/25.08.0/epic_craterlake/DIS/NC/5x41/minQ2=100/pythia8NCDIS_5x41_minQ2=100_beamEffects_xAngle=-0.025_hiDiv_3.0347.eicrecon.edm4eic.root,1438.0
root://dtn-eic.jlab.org//volatile/eic/EPIC/RECO/25.08.0/epic_craterlake/DIS/NC/5x41/minQ2=100/pythia8NCDIS_5x41_minQ2=100_beamEffects_xAngle=-0.025_hiDiv_3.0348.eicrecon.edm4eic.root,1438.0
root://dtn-eic.jlab.org//volatile/eic/EPIC/RECO/25.08.0/epic_craterlake/DIS/NC/5x41/minQ2=100/pythia8NCDIS_5x41_minQ2=100_beamEffects_xAngle=-0.025_hiDiv_3.0349.eicrecon.edm4eic.root,1438.0
root://dtn-eic.jlab.org//volatile/eic/EPIC/RECO/25.08.0/epic_craterlake/DIS/NC/5x41/minQ2=100/pythia8NCDIS_5x41_minQ2=100_beamEffects_xAngle=-0.025_hiDiv_3.0350.eicrecon.edm4eic.root,1438.0
root://dtn-eic.jlab.org//volatile/eic/EPIC/RECO/25.08.0/epic_craterlake/DIS/NC/5x41/minQ2=100/pythia8NCDIS_5x41_minQ2=100_beamEffects_xAngle=-0.025_hiDiv_3.0351.eicrecon.edm4eic.root,1438.0
root://dtn-eic.jlab.org//volatile/eic/EPIC/RECO/25.08.0/epic_craterlake/DIS/NC/5x41/minQ2=100/pythia8NCDIS_5x41_minQ2=100_beamEffects_xAngle=-0.025_hiDiv_3.0352.eicrecon.edm4eic.root,1438.0
root://dtn-eic.jlab.org//volatile/eic/EPIC/RECO/25.08.0/epic_craterlake/DIS/NC/5x41/minQ2=100/pythia8NCDIS_5x41_minQ2=100_beamEffects_xAngle=-0.025_hiDiv_3.0353.eicrecon.edm4eic.root,1438.0
root://dtn-eic.jlab.org//volatile/eic/EPIC/RECO/25.08.0/epic_craterlake/DIS/NC/5x41/minQ2=100/pythia8NCDIS_5x41_minQ2=100_beamEffects_xAngle=-0.025_hiDiv_3.0354.eicrecon.edm4eic.root,1438.0
root://dtn-eic.jlab.org//volatile/eic/EPIC/RECO/25.08.0/epic_craterlake/DIS/NC/5x41/minQ2=100/pythia8NCDIS_5x41_minQ2=100_beamEffects_xAngle=-0.025_hiDiv_3.0355.eicrecon.edm4eic.root,1438.0
root://dtn-eic.jlab.org//volatile/eic/EPIC/RECO/25.08.0/epic_craterlake/DIS/NC/5x41/minQ2=100/pythia8NCDIS_5x41_minQ2=100_beamEffects_xAngle=-0.025_hiDiv_3.0356.eicrecon.edm4eic.root,1438.0
root://dtn-eic.jlab.org//volatile/eic/EPIC/RECO/25.08.0/epic_craterlake/DIS/NC/5x41/minQ2=100/pythia8NCDIS_5x41_minQ2=100_beamEffects_xAngle=-0.025_hiDiv_3.0357.eicrecon.edm4eic.root,1438.0
root://dtn-eic.jlab.org//volatile/eic/EPIC/RECO/25.08.0/epic_craterlake/DIS/NC/5x41/minQ2=100/pythia8NCDIS_5x41_minQ2=100_beamEffects_xAngle=-0.025_hiDiv_3.0358.eicrecon.edm4eic.root,1438.0
root://dtn-eic.jlab.org//volatile/eic/EPIC/RECO/25.08.0/epic_craterlake/DIS/NC/5x41/minQ2=100/pythia8NCDIS_5x41_minQ2=100_beamEffects_xAngle=-0.025_hiDiv_3.0359.eicrecon.edm4eic.root,1438.0
root://dtn-eic.jlab.org//volatile/eic/EPIC/RECO/25.08.0/epic_craterlake/DIS/NC/5x41/minQ2=100/pythia8NCDIS_5x41_minQ2=100_beamEffects_xAngle=-0.025_hiDiv_3.0360.eicrecon.edm4eic.root,1438.0
root://dtn-eic.jlab.org//volatile/eic/EPIC/RECO/25.08.0/epic_craterlake/DIS/NC/5x41/minQ2=100/pythia8NCDIS_5x41_minQ2=100_beamEffects_xAngle=-0.025_hiDiv_3.0361.eicrecon.edm4eic.root,1438.0
root://dtn-eic.jlab.org//volatile/eic/EPIC/RECO/25.08.0/epic_craterlake/DIS/NC/5x41/minQ2=100/pythia8NCDIS_5x41_minQ2=100_beamEffects_xAngle=-0.025_hiDiv_3.0362.eicrecon.edm4eic.root,1438.0
root://dtn-eic.jlab.org//volatile/eic/EPIC/RECO/25.08.0/epic_craterlake/DIS/NC/5x41/minQ2=100/pythia8NCDIS_5x41_minQ2=100_beamEffects_xAngle=-0.025_hiDiv_3.0363.eicrecon.edm4eic.root,1438.0
root://dtn-eic.jlab.org//volatile/eic/EPIC/RECO/25.08.0/epic_craterlake/DIS/NC/5x41/minQ2=100/pythia8NCDIS_5x41_minQ2=100_beamEffects_xAngle=-0.025_hiDiv_3.0364.eicrecon.edm4eic.root,1438.0
root://dtn-eic.jlab.org//volatile/eic/EPIC/RECO/25.08.0/epic_craterlake/DIS/NC/5x41/minQ2=100/pythia8NCDIS_5x41_minQ2=100_beamEffects_xAngle=-0.025_hiDiv_3.0365.eicrecon.edm4eic.root,1438.0
root://dtn-eic.jlab.org//volatile/eic/EPIC/RECO/25.08.0/epic_craterlake/DIS/NC/5x41/minQ2=100/pythia8NCDIS_5x41_minQ2=100_beamEffects_xAngle=-0.025_hiDiv_3.0366.eicrecon.edm4eic.root,1438.0
root://dtn-eic.jlab.org//volatile/eic/EPIC/RECO/25.08.0/epic_craterlake/DIS/NC/5x41/minQ2=100/pythia8NCDIS_5x41_minQ2=100_beamEffects_xAngle=-0.025_hiDiv_3.0367.eicrecon.edm4eic.root,1438.0
root://dtn-eic.jlab.org//volatile/eic/EPIC/RECO/25.08.0/epic_craterlake/DIS/NC/5x41/minQ2=100/pythia8NCDIS_5x41_minQ2=100_beamEffects_xAngle=-0.025_hiDiv_3.0368.eicrecon.edm4eic.root,1438.0
root://dtn-eic.jlab.org//volatile/eic/EPIC/RECO/25.08.0/epic_craterlake/DIS/NC/5x41/minQ2=100/pythia8NCDIS_5x41_minQ2=100_beamEffects_xAngle=-0.025_hiDiv_3.0369.eicrecon.edm4eic.root,1438.0
root://dtn-eic.jlab.org//volatile/eic/EPIC/RECO/25.08.0/epic_craterlake/DIS/NC/5x41/minQ2=100/pythia8NCDIS_5x41_minQ2=100_beamEffects_xAngle=-0.025_hiDiv_3.0370.eicrecon.edm4eic.root,1438.0
root://dtn-eic.jlab.org//volatile/eic/EPIC/RECO/25.08.0/epic_craterlake/DIS/NC/5x41/minQ2=100/pythia8NCDIS_5x41_minQ2=100_beamEffects_xAngle=-0.025_hiDiv_3.0371.eicrecon.edm4eic.root,1438.0
root://dtn-eic.jlab.org//volatile/eic/EPIC/RECO/25.08.0/epic_craterlake/DIS/NC/5x41/minQ2=100/pythia8NCDIS_5x41_minQ2=100_beamEffects_xAngle=-0.025_hiDiv_3.0372.eicrecon.edm4eic.root,1438.0
root://dtn-eic.jlab.org//volatile/eic/EPIC/RECO/25.08.0/epic_craterlake/DIS/NC/5x41/minQ2=100/pythia8NCDIS_5x41_minQ2=100_beamEffects_xAngle=-0.025_hiDiv_3.0373.eicrecon.edm4eic.root,1438.0
root://dtn-eic.jlab.org//volatile/eic/EPIC/RECO/25.08.0/epic_craterlake/DIS/NC/5x41/minQ2=100/pythia8NCDIS_5x41_minQ2=100_beamEffects_xAngle=-0.025_hiDiv_3.0374.eicrecon.edm4eic.root,1438.0
root://dtn-eic.jlab.org//volatile/eic/EPIC/RECO/25.08.0/epic_craterlake/DIS/NC/5x41/minQ2=100/pythia8NCDIS_5x41_minQ2=100_beamEffects_xAngle=-0.025_hiDiv_3.0375.eicrecon.edm4eic.root,1438.0
root://dtn-eic.jlab.org//volatile/eic/EPIC/RECO/25.08.0/epic_craterlake/DIS/NC/5x41/minQ2=100/pythia8NCDIS_5x41_minQ2=100_beamEffects_xAngle=-0.025_hiDiv_3.0376.eicrecon.edm4eic.root,1438.0
root://dtn-eic.jlab.org//volatile/eic/EPIC/RECO/25.08.0/epic_craterlake/DIS/NC/5x41/minQ2=100/pythia8NCDIS_5x41_minQ2=100_beamEffects_xAngle=-0.025_hiDiv_3.0377.eicrecon.edm4eic.root,1438.0
root://dtn-eic.jlab.org//volatile/eic/EPIC/RECO/25.08.0/epic_craterlake/DIS/NC/5x41/minQ2=100/pythia8NCDIS_5x41_minQ2=100_beamEffects_xAngle=-0.025_hiDiv_3.0378.eicrecon.edm4eic.root,1438.0
root://dtn-eic.jlab.org//volatile/eic/EPIC/RECO/25.08.0/epic_craterlake/DIS/NC/5x41/minQ2=100/pythia8NCDIS_5x41_minQ2=100_beamEffects_xAngle=-0.025_hiDiv_3.0379.eicrecon.edm4eic.root,1438.0
root://dtn-eic.jlab.org//volatile/eic/EPIC/RECO/25.08.0/epic_craterlake/DIS/NC/5x41/minQ2=100/pythia8NCDIS_5x41_minQ2=100_beamEffects_xAngle=-0.025_hiDiv_3.0380.eicrecon.edm4eic.root,1438.0
root://dtn-eic.jlab.org//volatile/eic/EPIC/RECO/25.08.0/epic_craterlake/DIS/NC/5x41/minQ2=100/pythia8NCDIS_5x41_minQ2=100_beamEffects_xAngle=-0.025_hiDiv_3.0381.eicrecon.edm4eic.root,1438.0
root://dtn-eic.jlab.org//volatile/eic/EPIC/RECO/25.08.0/epic_craterlake/DIS/NC/5x41/minQ2=100/pythia8NCDIS_5x41_minQ2=100_beamEffects_xAngle=-0.025_hiDiv_3.0382.eicrecon.edm4eic.root,1438.0
root://dtn-eic.jlab.org//volatile/eic/EPIC/RECO/25.08.0/epic_craterlake/DIS/NC/5x41/minQ2=100/pythia8NCDIS_5x41_minQ2=100_beamEffects_xAngle=-0.025_hiDiv_3.0383.eicrecon.edm4eic.root,1438.0
root://dtn-eic.jlab.org//volatile/eic/EPIC/RECO/25.08.0/epic_craterlake/DIS/NC/5x41/minQ2=100/pythia8NCDIS_5x41_minQ2=100_beamEffects_xAngle=-0.025_hiDiv_3.0384.eicrecon.edm4eic.root,1438.0
root://dtn-eic.jlab.org//volatile/eic/EPIC/RECO/25.08.0/epic_craterlake/DIS/NC/5x41/minQ2=100/pythia8NCDIS_5x41_minQ2=100_beamEffects_xAngle=-0.025_hiDiv_3.0385.eicrecon.edm4eic.root,1438.0
root://dtn-eic.jlab.org//volatile/eic/EPIC/RECO/25.08.0/epic_craterlake/DIS/NC/5x41/minQ2=100/pythia8NCDIS_5x41_minQ2=100_beamEffects_xAngle=-0.025_hiDiv_3.0386.eicrecon.edm4eic.root,1438.0
root://dtn-eic.jlab.org//volatile/eic/EPIC/RECO/25.08.0/epic_craterlake/DIS/NC/5x41/minQ2=100/pythia8NCDIS_5x41_minQ2=100_beamEffects_xAngle=-0.025_hiDiv_3.0387.eicrecon.edm4eic.root,1438.0
root://dtn-eic.jlab.org//volatile/eic/EPIC/RECO/25.08.0/epic_craterlake/DIS/NC/5x41/minQ2=100/pythia8NCDIS_5x41_minQ2=100_beamEffects_xAngle=-0.025_hiDiv_3.0388.eicrecon.edm4eic.root,1438.0
root://dtn-eic.jlab.org//volatile/eic/EPIC/RECO/25.08.0/epic_craterlake/DIS/NC/5x41/minQ2=100/pythia8NCDIS_5x41_minQ2=100_beamEffects_xAngle=-0.025_hiDiv_3.0389.eicrecon.edm4eic.root,1438.0
root://dtn-eic.jlab.org//volatile/eic/EPIC/RECO/25.08.0/epic_craterlake/DIS/NC/5x41/minQ2=100/pythia8NCDIS_5x41_minQ2=100_beamEffects_xAngle=-0.025_hiDiv_3.0390.eicrecon.edm4eic.root,1438.0
root://dtn-eic.jlab.org//volatile/eic/EPIC/RECO/25.08.0/epic_craterlake/DIS/NC/5x41/minQ2=100/pythia8NCDIS_5x41_minQ2=100_beamEffects_xAngle=-0.025_hiDiv_3.0391.eicrecon.edm4eic.root,1438.0
root://dtn-eic.jlab.org//volatile/eic/EPIC/RECO/25.08.0/epic_craterlake/DIS/NC/5x41/minQ2=100/pythia8NCDIS_5x41_minQ2=100_beamEffects_xAngle=-0.025_hiDiv_3.0392.eicrecon.edm4eic.root,1438.0
root://dtn-eic.jlab.org//volatile/eic/EPIC/RECO/25.08.0/epic_craterlake/DIS/NC/5x41/minQ2=100/pythia8NCDIS_5x41_minQ2=100_beamEffects_xAngle=-0.025_hiDiv_3.0393.eicrecon.edm4eic.root,1438.0
root://dtn-eic.jlab.org//volatile/eic/EPIC/RECO/25.08.0/epic_craterlake/DIS/NC/5x41/minQ2=100/pythia8NCDIS_5x41_minQ2=100_beamEffects_xAngle=-0.025_hiDiv_3.0394.eicrecon.edm4eic.root,1438.0
root://dtn-eic.jlab.org//volatile/eic/EPIC/RECO/25.08.0/epic_craterlake/DIS/NC/5x41/minQ2=100/pythia8NCDIS_5x41_minQ2=100_beamEffects_xAngle=-0.025_hiDiv_3.0395.eicrecon.edm4eic.root,1438.0
root://dtn-eic.jlab.org//volatile/eic/EPIC/RECO/25.08.0/epic_craterlake/DIS/NC/5x41/minQ2=100/pythia8NCDIS_5x41_minQ2=100_beamEffects_xAngle=-0.025_hiDiv_3.0396.eicrecon.edm4eic.root,1438.0
root://dtn-eic.jlab.org//volatile/eic/EPIC/RECO/25.08.0/epic_craterlake/DIS/NC/5x41/minQ2=100/pythia8NCDIS_5x41_minQ2=100_beamEffects_xAngle=-0.025_hiDiv_3.0397.eicrecon.edm4eic.root,1438.0
root://dtn-eic.jlab.org//volatile/eic/EPIC/RECO/25.08.0/epic_craterlake/DIS/NC/5x41/minQ2=100/pythia8NCDIS_5x41_minQ2=100_beamEffects_xAngle=-0.025_hiDiv_3.0398.eicrecon.edm4eic.root,1438.0
root://dtn-eic.jlab.org//volatile/eic/EPIC/RECO/25.08.0/epic_craterlake/DIS/NC/5x41/minQ2=100/pythia8NCDIS_5x41_minQ2=100_beamEffects_xAngle=-0.025_hiDiv_3.0399.eicrecon.edm4eic.root,1438.0
root://dtn-eic.jlab.org//volatile/eic/EPIC/RECO/25.08.0/epic_craterlake/DIS/NC/5x41/minQ2=100/pythia8NCDIS_5x41_minQ2=100_beamEffects_xAngle=-0.025_hiDiv_3.0400.eicrecon.edm4eic.root,1438.0
root://dtn-eic.jlab.org//volatile/eic/EPIC/RECO/25.08.0/epic_craterlake/DIS/NC/5x41/minQ2=100/pythia8NCDIS_5x41_minQ2=100_beamEffects_xAngle=-0.025_hiDiv_3.0401.eicrecon.edm4eic.root,1438.0
root://dtn-eic.jlab.org//volatile/eic/EPIC/RECO/25.08.0/epic_craterlake/DIS/NC/5x41/minQ2=100/pythia8NCDIS_5x41_minQ2=100_beamEffects_xAngle=-0.025_hiDiv_3.0402.eicrecon.edm4eic.root,1438.0
root://dtn-eic.jlab.org//volatile/eic/EPIC/RECO/25.08.0/epic_craterlake/DIS/NC/5x41/minQ2=100/pythia8NCDIS_5x41_minQ2=100_beamEffects_xAngle=-0.025_hiDiv_3.0403.eicrecon.edm4eic.root,1438.0
root://dtn-eic.jlab.org//volatile/eic/EPIC/RECO/25.08.0/epic_craterlake/DIS/NC/5x41/minQ2=100/pythia8NCDIS_5x41_minQ2=100_beamEffects_xAngle=-0.025_hiDiv_3.0404.eicrecon.edm4eic.root,1438.0
root://dtn-eic.jlab.org//volatile/eic/EPIC/RECO/25.08.0/epic_craterlake/DIS/NC/5x41/minQ2=100/pythia8NCDIS_5x41_minQ2=100_beamEffects_xAngle=-0.025_hiDiv_3.0405.eicrecon.edm4eic.root,1438.0
root://dtn-eic.jlab.org//volatile/eic/EPIC/RECO/25.08.0/epic_craterlake/DIS/NC/5x41/minQ2=100/pythia8NCDIS_5x41_minQ2=100_beamEffects_xAngle=-0.025_hiDiv_3.0406.eicrecon.edm4eic.root,1438.0
root://dtn-eic.jlab.org//volatile/eic/EPIC/RECO/25.08.0/epic_craterlake/DIS/NC/5x41/minQ2=100/pythia8NCDIS_5x41_minQ2=100_beamEffects_xAngle=-0.025_hiDiv_3.0407.eicrecon.edm4eic.root,1438.0
root://dtn-eic.jlab.org//volatile/eic/EPIC/RECO/25.08.0/epic_craterlake/DIS/NC/5x41/minQ2=100/pythia8NCDIS_5x41_minQ2=100_beamEffects_xAngle=-0.025_hiDiv_3.0408.eicrecon.edm4eic.root,1438.0
root://dtn-eic.jlab.org//volatile/eic/EPIC/RECO/25.08.0/epic_craterlake/DIS/NC/5x41/minQ2=100/pythia8NCDIS_5x41_minQ2=100_beamEffects_xAngle=-0.025_hiDiv_3.0409.eicrecon.edm4eic.root,1438.0
root://dtn-eic.jlab.org//volatile/eic/EPIC/RECO/25.08.0/epic_craterlake/DIS/NC/5x41/minQ2=100/pythia8NCDIS_5x41_minQ2=100_beamEffects_xAngle=-0.025_hiDiv_3.0410.eicrecon.edm4eic.root,1438.0
root://dtn-eic.jlab.org//volatile/eic/EPIC/RECO/25.08.0/epic_craterlake/DIS/NC/5x41/minQ2=100/pythia8NCDIS_5x41_minQ2=100_beamEffects_xAngle=-0.025_hiDiv_3.0411.eicrecon.edm4eic.root,1438.0
root://dtn-eic.jlab.org//volatile/eic/EPIC/RECO/25.08.0/epic_craterlake/DIS/NC/5x41/minQ2=100/pythia8NCDIS_5x41_minQ2=100_beamEffects_xAngle=-0.025_hiDiv_3.0412.eicrecon.edm4eic.root,1438.0
root://dtn-eic.jlab.org//volatile/eic/EPIC/RECO/25.08.0/epic_craterlake/DIS/NC/5x41/minQ2=100/pythia8NCDIS_5x41_minQ2=100_beamEffects_xAngle=-0.025_hiDiv_3.0413.eicrecon.edm4eic.root,1438.0
root://dtn-eic.jlab.org//volatile/eic/EPIC/RECO/25.08.0/epic_craterlake/DIS/NC/5x41/minQ2=100/pythia8NCDIS_5x41_minQ2=100_beamEffects_xAngle=-0.025_hiDiv_3.0414.eicrecon.edm4eic.root,1438.0
root://dtn-eic.jlab.org//volatile/eic/EPIC/RECO/25.08.0/epic_craterlake/DIS/NC/5x41/minQ2=100/pythia8NCDIS_5x41_minQ2=100_beamEffects_xAngle=-0.025_hiDiv_3.0415.eicrecon.edm4eic.root,1438.0
root://dtn-eic.jlab.org//volatile/eic/EPIC/RECO/25.08.0/epic_craterlake/DIS/NC/5x41/minQ2=100/pythia8NCDIS_5x41_minQ2=100_beamEffects_xAngle=-0.025_hiDiv_3.0416.eicrecon.edm4eic.root,1438.0
root://dtn-eic.jlab.org//volatile/eic/EPIC/RECO/25.08.0/epic_craterlake/DIS/NC/5x41/minQ2=100/pythia8NCDIS_5x41_minQ2=100_beamEffects_xAngle=-0.025_hiDiv_3.0417.eicrecon.edm4eic.root,1438.0
root://dtn-eic.jlab.org//volatile/eic/EPIC/RECO/25.08.0/epic_craterlake/DIS/NC/5x41/minQ2=100/pythia8NCDIS_5x41_minQ2=100_beamEffects_xAngle=-0.025_hiDiv_3.0418.eicrecon.edm4eic.root,1438.0
root://dtn-eic.jlab.org//volatile/eic/EPIC/RECO/25.08.0/epic_craterlake/DIS/NC/5x41/minQ2=100/pythia8NCDIS_5x41_minQ2=100_beamEffects_xAngle=-0.025_hiDiv_3.0419.eicrecon.edm4eic.root,1438.0
root://dtn-eic.jlab.org//volatile/eic/EPIC/RECO/25.08.0/epic_craterlake/DIS/NC/5x41/minQ2=100/pythia8NCDIS_5x41_minQ2=100_beamEffects_xAngle=-0.025_hiDiv_3.0420.eicrecon.edm4eic.root,1438.0
root://dtn-eic.jlab.org//volatile/eic/EPIC/RECO/25.08.0/epic_craterlake/DIS/NC/5x41/minQ2=100/pythia8NCDIS_5x41_minQ2=100_beamEffects_xAngle=-0.025_hiDiv_3.0421.eicrecon.edm4eic.root,1438.0
root://dtn-eic.jlab.org//volatile/eic/EPIC/RECO/25.08.0/epic_craterlake/DIS/NC/5x41/minQ2=100/pythia8NCDIS_5x41_minQ2=100_beamEffects_xAngle=-0.025_hiDiv_3.0422.eicrecon.edm4eic.root,1438.0
root://dtn-eic.jlab.org//volatile/eic/EPIC/RECO/25.08.0/epic_craterlake/DIS/NC/5x41/minQ2=100/pythia8NCDIS_5x41_minQ2=100_beamEffects_xAngle=-0.025_hiDiv_3.0423.eicrecon.edm4eic.root,1438.0
root://dtn-eic.jlab.org//volatile/eic/EPIC/RECO/25.08.0/epic_craterlake/DIS/NC/5x41/minQ2=100/pythia8NCDIS_5x41_minQ2=100_beamEffects_xAngle=-0.025_hiDiv_3.0424.eicrecon.edm4eic.root,1438.0
root://dtn-eic.jlab.org//volatile/eic/EPIC/RECO/25.08.0/epic_craterlake/DIS/NC/5x41/minQ2=100/pythia8NCDIS_5x41_minQ2=100_beamEffects_xAngle=-0.025_hiDiv_3.0425.eicrecon.edm4eic.root,1438.0
root://dtn-eic.jlab.org//volatile/eic/EPIC/RECO/25.08.0/epic_craterlake/DIS/NC/5x41/minQ2=100/pythia8NCDIS_5x41_minQ2=100_beamEffects_xAngle=-0.025_hiDiv_3.0426.eicrecon.edm4eic.root,1438.0
root://dtn-eic.jlab.org//volatile/eic/EPIC/RECO/25.08.0/epic_craterlake/DIS/NC/5x41/minQ2=100/pythia8NCDIS_5x41_minQ2=100_beamEffects_xAngle=-0.025_hiDiv_3.0427.eicrecon.edm4eic.root,1438.0
root://dtn-eic.jlab.org//volatile/eic/EPIC/RECO/25.08.0/epic_craterlake/DIS/NC/5x41/minQ2=100/pythia8NCDIS_5x41_minQ2=100_beamEffects_xAngle=-0.025_hiDiv_3.0428.eicrecon.edm4eic.root,1438.0
root://dtn-eic.jlab.org//volatile/eic/EPIC/RECO/25.08.0/epic_craterlake/DIS/NC/5x41/minQ2=100/pythia8NCDIS_5x41_minQ2=100_beamEffects_xAngle=-0.025_hiDiv_3.0429.eicrecon.edm4eic.root,1438.0
root://dtn-eic.jlab.org//volatile/eic/EPIC/RECO/25.08.0/epic_craterlake/DIS/NC/5x41/minQ2=100/pythia8NCDIS_5x41_minQ2=100_beamEffects_xAngle=-0.025_hiDiv_3.0430.eicrecon.edm4eic.root,1438.0
root://dtn-eic.jlab.org//volatile/eic/EPIC/RECO/25.08.0/epic_craterlake/DIS/NC/5x41/minQ2=100/pythia8NCDIS_5x41_minQ2=100_beamEffects_xAngle=-0.025_hiDiv_3.0431.eicrecon.edm4eic.root,1438.0
root://dtn-eic.jlab.org//volatile/eic/EPIC/RECO/25.08.0/epic_craterlake/DIS/NC/5x41/minQ2=100/pythia8NCDIS_5x41_minQ2=100_beamEffects_xAngle=-0.025_hiDiv_3.0432.eicrecon.edm4eic.root,1438.0
root://dtn-eic.jlab.org//volatile/eic/EPIC/RECO/25.08.0/epic_craterlake/DIS/NC/5x41/minQ2=100/pythia8NCDIS_5x41_minQ2=100_beamEffects_xAngle=-0.025_hiDiv_3.0433.eicrecon.edm4eic.root,1438.0
root://dtn-eic.jlab.org//volatile/eic/EPIC/RECO/25.08.0/epic_craterlake/DIS/NC/5x41/minQ2=100/pythia8NCDIS_5x41_minQ2=100_beamEffects_xAngle=-0.025_hiDiv_3.0434.eicrecon.edm4eic.root,1438.0
root://dtn-eic.jlab.org//volatile/eic/EPIC/RECO/25.08.0/epic_craterlake/DIS/NC/5x41/minQ2=100/pythia8NCDIS_5x41_minQ2=100_beamEffects_xAngle=-0.025_hiDiv_3.0435.eicrecon.edm4eic.root,1438.0
root://dtn-eic.jlab.org//volatile/eic/EPIC/RECO/25.08.0/epic_craterlake/DIS/NC/5x41/minQ2=100/pythia8NCDIS_5x41_minQ2=100_beamEffects_xAngle=-0.025_hiDiv_3.0436.eicrecon.edm4eic.root,1438.0
root://dtn-eic.jlab.org//volatile/eic/EPIC/RECO/25.08.0/epic_craterlake/DIS/NC/5x41/minQ2=100/pythia8NCDIS_5x41_minQ2=100_beamEffects_xAngle=-0.025_hiDiv_3.0437.eicrecon.edm4eic.root,1438.0
root://dtn-eic.jlab.org//volatile/eic/EPIC/RECO/25.08.0/epic_craterlake/DIS/NC/5x41/minQ2=100/pythia8NCDIS_5x41_minQ2=100_beamEffects_xAngle=-0.025_hiDiv_3.0438.eicrecon.edm4eic.root,1438.0
root://dtn-eic.jlab.org//volatile/eic/EPIC/RECO/25.08.0/epic_craterlake/DIS/NC/5x41/minQ2=100/pythia8NCDIS_5x41_minQ2=100_beamEffects_xAngle=-0.025_hiDiv_3.0439.eicrecon.edm4eic.root,1438.0
root://dtn-eic.jlab.org//volatile/eic/EPIC/RECO/25.08.0/epic_craterlake/DIS/NC/5x41/minQ2=100/pythia8NCDIS_5x41_minQ2=100_beamEffects_xAngle=-0.025_hiDiv_3.0440.eicrecon.edm4eic.root,1438.0
root://dtn-eic.jlab.org//volatile/eic/EPIC/RECO/25.08.0/epic_craterlake/DIS/NC/5x41/minQ2=100/pythia8NCDIS_5x41_minQ2=100_beamEffects_xAngle=-0.025_hiDiv_3.0441.eicrecon.edm4eic.root,1438.0
root://dtn-eic.jlab.org//volatile/eic/EPIC/RECO/25.08.0/epic_craterlake/DIS/NC/5x41/minQ2=100/pythia8NCDIS_5x41_minQ2=100_beamEffects_xAngle=-0.025_hiDiv_3.0442.eicrecon.edm4eic.root,1438.0
root://dtn-eic.jlab.org//volatile/eic/EPIC/RECO/25.08.0/epic_craterlake/DIS/NC/5x41/minQ2=100/pythia8NCDIS_5x41_minQ2=100_beamEffects_xAngle=-0.025_hiDiv_3.0443.eicrecon.edm4eic.root,1438.0
root://dtn-eic.jlab.org//volatile/eic/EPIC/RECO/25.08.0/epic_craterlake/DIS/NC/5x41/minQ2=100/pythia8NCDIS_5x41_minQ2=100_beamEffects_xAngle=-0.025_hiDiv_3.0444.eicrecon.edm4eic.root,1438.0
root://dtn-eic.jlab.org//volatile/eic/EPIC/RECO/25.08.0/epic_craterlake/DIS/NC/5x41/minQ2=100/pythia8NCDIS_5x41_minQ2=100_beamEffects_xAngle=-0.025_hiDiv_3.0445.eicrecon.edm4eic.root,1438.0
root://dtn-eic.jlab.org//volatile/eic/EPIC/RECO/25.08.0/epic_craterlake/DIS/NC/5x41/minQ2=100/pythia8NCDIS_5x41_minQ2=100_beamEffects_xAngle=-0.025_hiDiv_3.0446.eicrecon.edm4eic.root,1438.0
root://dtn-eic.jlab.org//volatile/eic/EPIC/RECO/25.08.0/epic_craterlake/DIS/NC/5x41/minQ2=100/pythia8NCDIS_5x41_minQ2=100_beamEffects_xAngle=-0.025_hiDiv_3.0447.eicrecon.edm4eic.root,1438.0
root://dtn-eic.jlab.org//volatile/eic/EPIC/RECO/25.08.0/epic_craterlake/DIS/NC/5x41/minQ2=100/pythia8NCDIS_5x41_minQ2=100_beamEffects_xAngle=-0.025_hiDiv_3.0448.eicrecon.edm4eic.root,1438.0
root://dtn-eic.jlab.org//volatile/eic/EPIC/RECO/25.08.0/epic_craterlake/DIS/NC/5x41/minQ2=100/pythia8NCDIS_5x41_minQ2=100_beamEffects_xAngle=-0.025_hiDiv_3.0449.eicrecon.edm4eic.root,1438.0
root://dtn-eic.jlab.org//volatile/eic/EPIC/RECO/25.08.0/epic_craterlake/DIS/NC/5x41/minQ2=100/pythia8NCDIS_5x41_minQ2=100_beamEffects_xAngle=-0.025_hiDiv_3.0450.eicrecon.edm4eic.root,1438.0
root://dtn-eic.jlab.org//volatile/eic/EPIC/RECO/25.08.0/epic_craterlake/DIS/NC/5x41/minQ2=100/pythia8NCDIS_5x41_minQ2=100_beamEffects_xAngle=-0.025_hiDiv_3.0451.eicrecon.edm4eic.root,1438.0
root://dtn-eic.jlab.org//volatile/eic/EPIC/RECO/25.08.0/epic_craterlake/DIS/NC/5x41/minQ2=100/pythia8NCDIS_5x41_minQ2=100_beamEffects_xAngle=-0.025_hiDiv_3.0452.eicrecon.edm4eic.root,1438.0
root://dtn-eic.jlab.org//volatile/eic/EPIC/RECO/25.08.0/epic_craterlake/DIS/NC/5x41/minQ2=100/pythia8NCDIS_5x41_minQ2=100_beamEffects_xAngle=-0.025_hiDiv_3.0453.eicrecon.edm4eic.root,1438.0
root://dtn-eic.jlab.org//volatile/eic/EPIC/RECO/25.08.0/epic_craterlake/DIS/NC/5x41/minQ2=100/pythia8NCDIS_5x41_minQ2=100_beamEffects_xAngle=-0.025_hiDiv_3.0454.eicrecon.edm4eic.root,1438.0
root://dtn-eic.jlab.org//volatile/eic/EPIC/RECO/25.08.0/epic_craterlake/DIS/NC/5x41/minQ2=100/pythia8NCDIS_5x41_minQ2=100_beamEffects_xAngle=-0.025_hiDiv_3.0455.eicrecon.edm4eic.root,1438.0
root://dtn-eic.jlab.org//volatile/eic/EPIC/RECO/25.08.0/epic_craterlake/DIS/NC/5x41/minQ2=100/pythia8NCDIS_5x41_minQ2=100_beamEffects_xAngle=-0.025_hiDiv_3.0456.eicrecon.edm4eic.root,1438.0
root://dtn-eic.jlab.org//volatile/eic/EPIC/RECO/25.08.0/epic_craterlake/DIS/NC/5x41/minQ2=100/pythia8NCDIS_5x41_minQ2=100_beamEffects_xAngle=-0.025_hiDiv_3.0457.eicrecon.edm4eic.root,1438.0
root://dtn-eic.jlab.org//volatile/eic/EPIC/RECO/25.08.0/epic_craterlake/DIS/NC/5x41/minQ2=100/pythia8NCDIS_5x41_minQ2=100_beamEffects_xAngle=-0.025_hiDiv_3.0458.eicrecon.edm4eic.root,1438.0
root://dtn-eic.jlab.org//volatile/eic/EPIC/RECO/25.08.0/epic_craterlake/DIS/NC/5x41/minQ2=100/pythia8NCDIS_5x41_minQ2=100_beamEffects_xAngle=-0.025_hiDiv_3.0459.eicrecon.edm4eic.root,1438.0
root://dtn-eic.jlab.org//volatile/eic/EPIC/RECO/25.08.0/epic_craterlake/DIS/NC/5x41/minQ2=100/pythia8NCDIS_5x41_minQ2=100_beamEffects_xAngle=-0.025_hiDiv_3.0460.eicrecon.edm4eic.root,1438.0
root://dtn-eic.jlab.org//volatile/eic/EPIC/RECO/25.08.0/epic_craterlake/DIS/NC/5x41/minQ2=100/pythia8NCDIS_5x41_minQ2=100_beamEffects_xAngle=-0.025_hiDiv_3.0461.eicrecon.edm4eic.root,1438.0
root://dtn-eic.jlab.org//volatile/eic/EPIC/RECO/25.08.0/epic_craterlake/DIS/NC/5x41/minQ2=100/pythia8NCDIS_5x41_minQ2=100_beamEffects_xAngle=-0.025_hiDiv_3.0462.eicrecon.edm4eic.root,1438.0
root://dtn-eic.jlab.org//volatile/eic/EPIC/RECO/25.08.0/epic_craterlake/DIS/NC/5x41/minQ2=100/pythia8NCDIS_5x41_minQ2=100_beamEffects_xAngle=-0.025_hiDiv_3.0463.eicrecon.edm4eic.root,1438.0
root://dtn-eic.jlab.org//volatile/eic/EPIC/RECO/25.08.0/epic_craterlake/DIS/NC/5x41/minQ2=100/pythia8NCDIS_5x41_minQ2=100_beamEffects_xAngle=-0.025_hiDiv_3.0464.eicrecon.edm4eic.root,1438.0
root://dtn-eic.jlab.org//volatile/eic/EPIC/RECO/25.08.0/epic_craterlake/DIS/NC/5x41/minQ2=100/pythia8NCDIS_5x41_minQ2=100_beamEffects_xAngle=-0.025_hiDiv_3.0465.eicrecon.edm4eic.root,1438.0
root://dtn-eic.jlab.org//volatile/eic/EPIC/RECO/25.08.0/epic_craterlake/DIS/NC/5x41/minQ2=100/pythia8NCDIS_5x41_minQ2=100_beamEffects_xAngle=-0.025_hiDiv_3.0466.eicrecon.edm4eic.root,1438.0
root://dtn-eic.jlab.org//volatile/eic/EPIC/RECO/25.08.0/epic_craterlake/DIS/NC/5x41/minQ2=100/pythia8NCDIS_5x41_minQ2=100_beamEffects_xAngle=-0.025_hiDiv_3.0467.eicrecon.edm4eic.root,1438.0
root://dtn-eic.jlab.org//volatile/eic/EPIC/RECO/25.08.0/epic_craterlake/DIS/NC/5x41/minQ2=100/pythia8NCDIS_5x41_minQ2=100_beamEffects_xAngle=-0.025_hiDiv_3.0468.eicrecon.edm4eic.root,1438.0
root://dtn-eic.jlab.org//volatile/eic/EPIC/RECO/25.08.0/epic_craterlake/DIS/NC/5x41/minQ2=100/pythia8NCDIS_5x41_minQ2=100_beamEffects_xAngle=-0.025_hiDiv_3.0469.eicrecon.edm4eic.root,1438.0
root://dtn-eic.jlab.org//volatile/eic/EPIC/RECO/25.08.0/epic_craterlake/DIS/NC/5x41/minQ2=100/pythia8NCDIS_5x41_minQ2=100_beamEffects_xAngle=-0.025_hiDiv_3.0470.eicrecon.edm4eic.root,1438.0
root://dtn-eic.jlab.org//volatile/eic/EPIC/RECO/25.08.0/epic_craterlake/DIS/NC/5x41/minQ2=100/pythia8NCDIS_5x41_minQ2=100_beamEffects_xAngle=-0.025_hiDiv_3.0471.eicrecon.edm4eic.root,1438.0
root://dtn-eic.jlab.org//volatile/eic/EPIC/RECO/25.08.0/epic_craterlake/DIS/NC/5x41/minQ2=100/pythia8NCDIS_5x41_minQ2=100_beamEffects_xAngle=-0.025_hiDiv_3.0472.eicrecon.edm4eic.root,1438.0
root://dtn-eic.jlab.org//volatile/eic/EPIC/RECO/25.08.0/epic_craterlake/DIS/NC/5x41/minQ2=100/pythia8NCDIS_5x41_minQ2=100_beamEffects_xAngle=-0.025_hiDiv_3.0473.eicrecon.edm4eic.root,1438.0
root://dtn-eic.jlab.org//volatile/eic/EPIC/RECO/25.08.0/epic_craterlake/DIS/NC/5x41/minQ2=100/pythia8NCDIS_5x41_minQ2=100_beamEffects_xAngle=-0.025_hiDiv_3.0474.eicrecon.edm4eic.root,1438.0
root://dtn-eic.jlab.org//volatile/eic/EPIC/RECO/25.08.0/epic_craterlake/DIS/NC/5x41/minQ2=100/pythia8NCDIS_5x41_minQ2=100_beamEffects_xAngle=-0.025_hiDiv_3.0475.eicrecon.edm4eic.root,1438.0
root://dtn-eic.jlab.org//volatile/eic/EPIC/RECO/25.08.0/epic_craterlake/DIS/NC/5x41/minQ2=100/pythia8NCDIS_5x41_minQ2=100_beamEffects_xAngle=-0.025_hiDiv_3.0476.eicrecon.edm4eic.root,1438.0
root://dtn-eic.jlab.org//volatile/eic/EPIC/RECO/25.08.0/epic_craterlake/DIS/NC/5x41/minQ2=100/pythia8NCDIS_5x41_minQ2=100_beamEffects_xAngle=-0.025_hiDiv_3.0477.eicrecon.edm4eic.root,1438.0
root://dtn-eic.jlab.org//volatile/eic/EPIC/RECO/25.08.0/epic_craterlake/DIS/NC/5x41/minQ2=100/pythia8NCDIS_5x41_minQ2=100_beamEffects_xAngle=-0.025_hiDiv_3.0478.eicrecon.edm4eic.root,1438.0
root://dtn-eic.jlab.org//volatile/eic/EPIC/RECO/25.08.0/epic_craterlake/DIS/NC/5x41/minQ2=100/pythia8NCDIS_5x41_minQ2=100_beamEffects_xAngle=-0.025_hiDiv_3.0479.eicrecon.edm4eic.root,1438.0
root://dtn-eic.jlab.org//volatile/eic/EPIC/RECO/25.08.0/epic_craterlake/DIS/NC/5x41/minQ2=100/pythia8NCDIS_5x41_minQ2=100_beamEffects_xAngle=-0.025_hiDiv_3.0480.eicrecon.edm4eic.root,1438.0
root://dtn-eic.jlab.org//volatile/eic/EPIC/RECO/25.08.0/epic_craterlake/DIS/NC/5x41/minQ2=100/pythia8NCDIS_5x41_minQ2=100_beamEffects_xAngle=-0.025_hiDiv_3.0481.eicrecon.edm4eic.root,1438.0
root://dtn-eic.jlab.org//volatile/eic/EPIC/RECO/25.08.0/epic_craterlake/DIS/NC/5x41/minQ2=100/pythia8NCDIS_5x41_minQ2=100_beamEffects_xAngle=-0.025_hiDiv_3.0482.eicrecon.edm4eic.root,1438.0
root://dtn-eic.jlab.org//volatile/eic/EPIC/RECO/25.08.0/epic_craterlake/DIS/NC/5x41/minQ2=100/pythia8NCDIS_5x41_minQ2=100_beamEffects_xAngle=-0.025_hiDiv_3.0483.eicrecon.edm4eic.root,1438.0
root://dtn-eic.jlab.org//volatile/eic/EPIC/RECO/25.08.0/epic_craterlake/DIS/NC/5x41/minQ2=100/pythia8NCDIS_5x41_minQ2=100_beamEffects_xAngle=-0.025_hiDiv_3.0484.eicrecon.edm4eic.root,1438.0
root://dtn-eic.jlab.org//volatile/eic/EPIC/RECO/25.08.0/epic_craterlake/DIS/NC/5x41/minQ2=100/pythia8NCDIS_5x41_minQ2=100_beamEffects_xAngle=-0.025_hiDiv_3.0485.eicrecon.edm4eic.root,1438.0
root://dtn-eic.jlab.org//volatile/eic/EPIC/RECO/25.08.0/epic_craterlake/DIS/NC/5x41/minQ2=100/pythia8NCDIS_5x41_minQ2=100_beamEffects_xAngle=-0.025_hiDiv_3.0486.eicrecon.edm4eic.root,1438.0
root://dtn-eic.jlab.org//volatile/eic/EPIC/RECO/25.08.0/epic_craterlake/DIS/NC/5x41/minQ2=100/pythia8NCDIS_5x41_minQ2=100_beamEffects_xAngle=-0.025_hiDiv_3.0487.eicrecon.edm4eic.root,1438.0
root://dtn-eic.jlab.org//volatile/eic/EPIC/RECO/25.08.0/epic_craterlake/DIS/NC/5x41/minQ2=100/pythia8NCDIS_5x41_minQ2=100_beamEffects_xAngle=-0.025_hiDiv_3.0488.eicrecon.edm4eic.root,1438.0
root://dtn-eic.jlab.org//volatile/eic/EPIC/RECO/25.08.0/epic_craterlake/DIS/NC/5x41/minQ2=100/pythia8NCDIS_5x41_minQ2=100_beamEffects_xAngle=-0.025_hiDiv_3.0489.eicrecon.edm4eic.root,1438.0
root://dtn-eic.jlab.org//volatile/eic/EPIC/RECO/25.08.0/epic_craterlake/DIS/NC/5x41/minQ2=100/pythia8NCDIS_5x41_minQ2=100_beamEffects_xAngle=-0.025_hiDiv_3.0490.eicrecon.edm4eic.root,1438.0
root://dtn-eic.jlab.org//volatile/eic/EPIC/RECO/25.08.0/epic_craterlake/DIS/NC/5x41/minQ2=100/pythia8NCDIS_5x41_minQ2=100_beamEffects_xAngle=-0.025_hiDiv_3.0491.eicrecon.edm4eic.root,1438.0
root://dtn-eic.jlab.org//volatile/eic/EPIC/RECO/25.08.0/epic_craterlake/DIS/NC/5x41/minQ2=100/pythia8NCDIS_5x41_minQ2=100_beamEffects_xAngle=-0.025_hiDiv_3.0492.eicrecon.edm4eic.root,1438.0
root://dtn-eic.jlab.org//volatile/eic/EPIC/RECO/25.08.0/epic_craterlake/DIS/NC/5x41/minQ2=100/pythia8NCDIS_5x41_minQ2=100_beamEffects_xAngle=-0.025_hiDiv_3.0493.eicrecon.edm4eic.root,1438.0
root://dtn-eic.jlab.org//volatile/eic/EPIC/RECO/25.08.0/epic_craterlake/DIS/NC/5x41/minQ2=100/pythia8NCDIS_5x41_minQ2=100_beamEffects_xAngle=-0.025_hiDiv_3.0494.eicrecon.edm4eic.root,1438.0
root://dtn-eic.jlab.org//volatile/eic/EPIC/RECO/25.08.0/epic_craterlake/DIS/NC/5x41/minQ2=100/pythia8NCDIS_5x41_minQ2=100_beamEffects_xAngle=-0.025_hiDiv_3.0495.eicrecon.edm4eic.root,1438.0
root://dtn-eic.jlab.org//volatile/eic/EPIC/RECO/25.08.0/epic_craterlake/DIS/NC/5x41/minQ2=100/pythia8NCDIS_5x41_minQ2=100_beamEffects_xAngle=-0.025_hiDiv_3.0496.eicrecon.edm4eic.root,1438.0
root://dtn-eic.jlab.org//volatile/eic/EPIC/RECO/25.08.0/epic_craterlake/DIS/NC/5x41/minQ2=100/pythia8NCDIS_5x41_minQ2=100_beamEffects_xAngle=-0.025_hiDiv_3.0497.eicrecon.edm4eic.root,1438.0
root://dtn-eic.jlab.org//volatile/eic/EPIC/RECO/25.08.0/epic_craterlake/DIS/NC/5x41/minQ2=100/pythia8NCDIS_5x41_minQ2=100_beamEffects_xAngle=-0.025_hiDiv_3.0498.eicrecon.edm4eic.root,1438.0
root://dtn-eic.jlab.org//volatile/eic/EPIC/RECO/25.08.0/epic_craterlake/DIS/NC/5x41/minQ2=100/pythia8NCDIS_5x41_minQ2=100_beamEffects_xAngle=-0.025_hiDiv_3.0499.eicrecon.edm4eic.root,1438.0
root://dtn-eic.jlab.org//volatile/eic/EPIC/RECO/25.08.0/epic_craterlake/DIS/NC/5x41/minQ2=100/pythia8NCDIS_5x41_minQ2=100_beamEffects_xAngle=-0.025_hiDiv_3.0500.eicrecon.edm4eic.root,1438.0
root://dtn-eic.jlab.org//volatile/eic/EPIC/RECO/25.08.0/epic_craterlake/DIS/NC/5x41/minQ2=100/pythia8NCDIS_5x41_minQ2=100_beamEffects_xAngle=-0.025_hiDiv_3.0501.eicrecon.edm4eic.root,1438.0
root://dtn-eic.jlab.org//volatile/eic/EPIC/RECO/25.08.0/epic_craterlake/DIS/NC/5x41/minQ2=100/pythia8NCDIS_5x41_minQ2=100_beamEffects_xAngle=-0.025_hiDiv_3.0502.eicrecon.edm4eic.root,1438.0
root://dtn-eic.jlab.org//volatile/eic/EPIC/RECO/25.08.0/epic_craterlake/DIS/NC/5x41/minQ2=100/pythia8NCDIS_5x41_minQ2=100_beamEffects_xAngle=-0.025_hiDiv_3.0503.eicrecon.edm4eic.root,1438.0
root://dtn-eic.jlab.org//volatile/eic/EPIC/RECO/25.08.0/epic_craterlake/DIS/NC/5x41/minQ2=100/pythia8NCDIS_5x41_minQ2=100_beamEffects_xAngle=-0.025_hiDiv_3.0504.eicrecon.edm4eic.root,1438.0
root://dtn-eic.jlab.org//volatile/eic/EPIC/RECO/25.08.0/epic_craterlake/DIS/NC/5x41/minQ2=100/pythia8NCDIS_5x41_minQ2=100_beamEffects_xAngle=-0.025_hiDiv_3.0505.eicrecon.edm4eic.root,1438.0
root://dtn-eic.jlab.org//volatile/eic/EPIC/RECO/25.08.0/epic_craterlake/DIS/NC/5x41/minQ2=100/pythia8NCDIS_5x41_minQ2=100_beamEffects_xAngle=-0.025_hiDiv_3.0506.eicrecon.edm4eic.root,1438.0
root://dtn-eic.jlab.org//volatile/eic/EPIC/RECO/25.08.0/epic_craterlake/DIS/NC/5x41/minQ2=100/pythia8NCDIS_5x41_minQ2=100_beamEffects_xAngle=-0.025_hiDiv_3.0507.eicrecon.edm4eic.root,1438.0
root://dtn-eic.jlab.org//volatile/eic/EPIC/RECO/25.08.0/epic_craterlake/DIS/NC/5x41/minQ2=100/pythia8NCDIS_5x41_minQ2=100_beamEffects_xAngle=-0.025_hiDiv_3.0508.eicrecon.edm4eic.root,1438.0
root://dtn-eic.jlab.org//volatile/eic/EPIC/RECO/25.08.0/epic_craterlake/DIS/NC/5x41/minQ2=100/pythia8NCDIS_5x41_minQ2=100_beamEffects_xAngle=-0.025_hiDiv_3.0509.eicrecon.edm4eic.root,1438.0
root://dtn-eic.jlab.org//volatile/eic/EPIC/RECO/25.08.0/epic_craterlake/DIS/NC/5x41/minQ2=100/pythia8NCDIS_5x41_minQ2=100_beamEffects_xAngle=-0.025_hiDiv_3.0510.eicrecon.edm4eic.root,1438.0
root://dtn-eic.jlab.org//volatile/eic/EPIC/RECO/25.08.0/epic_craterlake/DIS/NC/5x41/minQ2=100/pythia8NCDIS_5x41_minQ2=100_beamEffects_xAngle=-0.025_hiDiv_3.0511.eicrecon.edm4eic.root,1438.0
root://dtn-eic.jlab.org//volatile/eic/EPIC/RECO/25.08.0/epic_craterlake/DIS/NC/5x41/minQ2=100/pythia8NCDIS_5x41_minQ2=100_beamEffects_xAngle=-0.025_hiDiv_3.0512.eicrecon.edm4eic.root,1438.0
root://dtn-eic.jlab.org//volatile/eic/EPIC/RECO/25.08.0/epic_craterlake/DIS/NC/5x41/minQ2=100/pythia8NCDIS_5x41_minQ2=100_beamEffects_xAngle=-0.025_hiDiv_3.0513.eicrecon.edm4eic.root,1438.0
root://dtn-eic.jlab.org//volatile/eic/EPIC/RECO/25.08.0/epic_craterlake/DIS/NC/5x41/minQ2=100/pythia8NCDIS_5x41_minQ2=100_beamEffects_xAngle=-0.025_hiDiv_3.0514.eicrecon.edm4eic.root,1438.0
root://dtn-eic.jlab.org//volatile/eic/EPIC/RECO/25.08.0/epic_craterlake/DIS/NC/5x41/minQ2=100/pythia8NCDIS_5x41_minQ2=100_beamEffects_xAngle=-0.025_hiDiv_3.0515.eicrecon.edm4eic.root,1438.0
root://dtn-eic.jlab.org//volatile/eic/EPIC/RECO/25.08.0/epic_craterlake/DIS/NC/5x41/minQ2=100/pythia8NCDIS_5x41_minQ2=100_beamEffects_xAngle=-0.025_hiDiv_3.0516.eicrecon.edm4eic.root,1438.0
root://dtn-eic.jlab.org//volatile/eic/EPIC/RECO/25.08.0/epic_craterlake/DIS/NC/5x41/minQ2=100/pythia8NCDIS_5x41_minQ2=100_beamEffects_xAngle=-0.025_hiDiv_3.0517.eicrecon.edm4eic.root,1438.0
root://dtn-eic.jlab.org//volatile/eic/EPIC/RECO/25.08.0/epic_craterlake/DIS/NC/5x41/minQ2=100/pythia8NCDIS_5x41_minQ2=100_beamEffects_xAngle=-0.025_hiDiv_3.0518.eicrecon.edm4eic.root,1438.0
root://dtn-eic.jlab.org//volatile/eic/EPIC/RECO/25.08.0/epic_craterlake/DIS/NC/5x41/minQ2=100/pythia8NCDIS_5x41_minQ2=100_beamEffects_xAngle=-0.025_hiDiv_3.0519.eicrecon.edm4eic.root,1438.0
root://dtn-eic.jlab.org//volatile/eic/EPIC/RECO/25.08.0/epic_craterlake/DIS/NC/5x41/minQ2=100/pythia8NCDIS_5x41_minQ2=100_beamEffects_xAngle=-0.025_hiDiv_3.0520.eicrecon.edm4eic.root,1438.0
root://dtn-eic.jlab.org//volatile/eic/EPIC/RECO/25.08.0/epic_craterlake/DIS/NC/5x41/minQ2=100/pythia8NCDIS_5x41_minQ2=100_beamEffects_xAngle=-0.025_hiDiv_3.0521.eicrecon.edm4eic.root,1438.0
root://dtn-eic.jlab.org//volatile/eic/EPIC/RECO/25.08.0/epic_craterlake/DIS/NC/5x41/minQ2=100/pythia8NCDIS_5x41_minQ2=100_beamEffects_xAngle=-0.025_hiDiv_3.0522.eicrecon.edm4eic.root,1438.0
root://dtn-eic.jlab.org//volatile/eic/EPIC/RECO/25.08.0/epic_craterlake/DIS/NC/5x41/minQ2=100/pythia8NCDIS_5x41_minQ2=100_beamEffects_xAngle=-0.025_hiDiv_3.0523.eicrecon.edm4eic.root,1438.0
root://dtn-eic.jlab.org//volatile/eic/EPIC/RECO/25.08.0/epic_craterlake/DIS/NC/5x41/minQ2=100/pythia8NCDIS_5x41_minQ2=100_beamEffects_xAngle=-0.025_hiDiv_3.0524.eicrecon.edm4eic.root,1438.0
root://dtn-eic.jlab.org//volatile/eic/EPIC/RECO/25.08.0/epic_craterlake/DIS/NC/5x41/minQ2=100/pythia8NCDIS_5x41_minQ2=100_beamEffects_xAngle=-0.025_hiDiv_3.0525.eicrecon.edm4eic.root,1438.0
root://dtn-eic.jlab.org//volatile/eic/EPIC/RECO/25.08.0/epic_craterlake/DIS/NC/5x41/minQ2=100/pythia8NCDIS_5x41_minQ2=100_beamEffects_xAngle=-0.025_hiDiv_3.0526.eicrecon.edm4eic.root,1438.0
root://dtn-eic.jlab.org//volatile/eic/EPIC/RECO/25.08.0/epic_craterlake/DIS/NC/5x41/minQ2=100/pythia8NCDIS_5x41_minQ2=100_beamEffects_xAngle=-0.025_hiDiv_3.0527.eicrecon.edm4eic.root,1438.0
root://dtn-eic.jlab.org//volatile/eic/EPIC/RECO/25.08.0/epic_craterlake/DIS/NC/5x41/minQ2=100/pythia8NCDIS_5x41_minQ2=100_beamEffects_xAngle=-0.025_hiDiv_3.0528.eicrecon.edm4eic.root,1438.0
root://dtn-eic.jlab.org//volatile/eic/EPIC/RECO/25.08.0/epic_craterlake/DIS/NC/5x41/minQ2=100/pythia8NCDIS_5x41_minQ2=100_beamEffects_xAngle=-0.025_hiDiv_3.0529.eicrecon.edm4eic.root,1438.0
root://dtn-eic.jlab.org//volatile/eic/EPIC/RECO/25.08.0/epic_craterlake/DIS/NC/5x41/minQ2=100/pythia8NCDIS_5x41_minQ2=100_beamEffects_xAngle=-0.025_hiDiv_3.0530.eicrecon.edm4eic.root,1438.0
root://dtn-eic.jlab.org//volatile/eic/EPIC/RECO/25.08.0/epic_craterlake/DIS/NC/5x41/minQ2=100/pythia8NCDIS_5x41_minQ2=100_beamEffects_xAngle=-0.025_hiDiv_3.0531.eicrecon.edm4eic.root,1438.0
root://dtn-eic.jlab.org//volatile/eic/EPIC/RECO/25.08.0/epic_craterlake/DIS/NC/5x41/minQ2=100/pythia8NCDIS_5x41_minQ2=100_beamEffects_xAngle=-0.025_hiDiv_3.0532.eicrecon.edm4eic.root,1438.0
root://dtn-eic.jlab.org//volatile/eic/EPIC/RECO/25.08.0/epic_craterlake/DIS/NC/5x41/minQ2=100/pythia8NCDIS_5x41_minQ2=100_beamEffects_xAngle=-0.025_hiDiv_3.0533.eicrecon.edm4eic.root,1438.0
root://dtn-eic.jlab.org//volatile/eic/EPIC/RECO/25.08.0/epic_craterlake/DIS/NC/5x41/minQ2=100/pythia8NCDIS_5x41_minQ2=100_beamEffects_xAngle=-0.025_hiDiv_3.0534.eicrecon.edm4eic.root,1438.0
root://dtn-eic.jlab.org//volatile/eic/EPIC/RECO/25.08.0/epic_craterlake/DIS/NC/5x41/minQ2=100/pythia8NCDIS_5x41_minQ2=100_beamEffects_xAngle=-0.025_hiDiv_3.0535.eicrecon.edm4eic.root,1438.0
root://dtn-eic.jlab.org//volatile/eic/EPIC/RECO/25.08.0/epic_craterlake/DIS/NC/5x41/minQ2=100/pythia8NCDIS_5x41_minQ2=100_beamEffects_xAngle=-0.025_hiDiv_3.0536.eicrecon.edm4eic.root,1438.0
root://dtn-eic.jlab.org//volatile/eic/EPIC/RECO/25.08.0/epic_craterlake/DIS/NC/5x41/minQ2=100/pythia8NCDIS_5x41_minQ2=100_beamEffects_xAngle=-0.025_hiDiv_3.0537.eicrecon.edm4eic.root,1438.0
root://dtn-eic.jlab.org//volatile/eic/EPIC/RECO/25.08.0/epic_craterlake/DIS/NC/5x41/minQ2=100/pythia8NCDIS_5x41_minQ2=100_beamEffects_xAngle=-0.025_hiDiv_3.0538.eicrecon.edm4eic.root,1438.0
root://dtn-eic.jlab.org//volatile/eic/EPIC/RECO/25.08.0/epic_craterlake/DIS/NC/5x41/minQ2=100/pythia8NCDIS_5x41_minQ2=100_beamEffects_xAngle=-0.025_hiDiv_3.0539.eicrecon.edm4eic.root,1438.0
root://dtn-eic.jlab.org//volatile/eic/EPIC/RECO/25.08.0/epic_craterlake/DIS/NC/5x41/minQ2=100/pythia8NCDIS_5x41_minQ2=100_beamEffects_xAngle=-0.025_hiDiv_3.0540.eicrecon.edm4eic.root,1438.0
root://dtn-eic.jlab.org//volatile/eic/EPIC/RECO/25.08.0/epic_craterlake/DIS/NC/5x41/minQ2=100/pythia8NCDIS_5x41_minQ2=100_beamEffects_xAngle=-0.025_hiDiv_3.0541.eicrecon.edm4eic.root,1438.0
root://dtn-eic.jlab.org//volatile/eic/EPIC/RECO/25.08.0/epic_craterlake/DIS/NC/5x41/minQ2=100/pythia8NCDIS_5x41_minQ2=100_beamEffects_xAngle=-0.025_hiDiv_3.0542.eicrecon.edm4eic.root,1438.0
root://dtn-eic.jlab.org//volatile/eic/EPIC/RECO/25.08.0/epic_craterlake/DIS/NC/5x41/minQ2=100/pythia8NCDIS_5x41_minQ2=100_beamEffects_xAngle=-0.025_hiDiv_3.0543.eicrecon.edm4eic.root,1438.0
root://dtn-eic.jlab.org//volatile/eic/EPIC/RECO/25.08.0/epic_craterlake/DIS/NC/5x41/minQ2=100/pythia8NCDIS_5x41_minQ2=100_beamEffects_xAngle=-0.025_hiDiv_3.0544.eicrecon.edm4eic.root,1438.0
root://dtn-eic.jlab.org//volatile/eic/EPIC/RECO/25.08.0/epic_craterlake/DIS/NC/5x41/minQ2=100/pythia8NCDIS_5x41_minQ2=100_beamEffects_xAngle=-0.025_hiDiv_3.0545.eicrecon.edm4eic.root,1438.0
root://dtn-eic.jlab.org//volatile/eic/EPIC/RECO/25.08.0/epic_craterlake/DIS/NC/5x41/minQ2=100/pythia8NCDIS_5x41_minQ2=100_beamEffects_xAngle=-0.025_hiDiv_3.0546.eicrecon.edm4eic.root,1438.0
root://dtn-eic.jlab.org//volatile/eic/EPIC/RECO/25.08.0/epic_craterlake/DIS/NC/5x41/minQ2=100/pythia8NCDIS_5x41_minQ2=100_beamEffects_xAngle=-0.025_hiDiv_3.0547.eicrecon.edm4eic.root,1438.0
root://dtn-eic.jlab.org//volatile/eic/EPIC/RECO/25.08.0/epic_craterlake/DIS/NC/5x41/minQ2=100/pythia8NCDIS_5x41_minQ2=100_beamEffects_xAngle=-0.025_hiDiv_3.0548.eicrecon.edm4eic.root,1438.0
root://dtn-eic.jlab.org//volatile/eic/EPIC/RECO/25.08.0/epic_craterlake/DIS/NC/5x41/minQ2=100/pythia8NCDIS_5x41_minQ2=100_beamEffects_xAngle=-0.025_hiDiv_3.0549.eicrecon.edm4eic.root,1438.0
root://dtn-eic.jlab.org//volatile/eic/EPIC/RECO/25.08.0/epic_craterlake/DIS/NC/5x41/minQ2=100/pythia8NCDIS_5x41_minQ2=100_beamEffects_xAngle=-0.025_hiDiv_3.0550.eicrecon.edm4eic.root,1438.0
root://dtn-eic.jlab.org//volatile/eic/EPIC/RECO/25.08.0/epic_craterlake/DIS/NC/5x41/minQ2=100/pythia8NCDIS_5x41_minQ2=100_beamEffects_xAngle=-0.025_hiDiv_3.0551.eicrecon.edm4eic.root,1438.0
root://dtn-eic.jlab.org//volatile/eic/EPIC/RECO/25.08.0/epic_craterlake/DIS/NC/5x41/minQ2=100/pythia8NCDIS_5x41_minQ2=100_beamEffects_xAngle=-0.025_hiDiv_3.0552.eicrecon.edm4eic.root,1438.0
root://dtn-eic.jlab.org//volatile/eic/EPIC/RECO/25.08.0/epic_craterlake/DIS/NC/5x41/minQ2=100/pythia8NCDIS_5x41_minQ2=100_beamEffects_xAngle=-0.025_hiDiv_3.0553.eicrecon.edm4eic.root,1438.0
root://dtn-eic.jlab.org//volatile/eic/EPIC/RECO/25.08.0/epic_craterlake/DIS/NC/5x41/minQ2=100/pythia8NCDIS_5x41_minQ2=100_beamEffects_xAngle=-0.025_hiDiv_3.0554.eicrecon.edm4eic.root,1438.0
root://dtn-eic.jlab.org//volatile/eic/EPIC/RECO/25.08.0/epic_craterlake/DIS/NC/5x41/minQ2=100/pythia8NCDIS_5x41_minQ2=100_beamEffects_xAngle=-0.025_hiDiv_3.0555.eicrecon.edm4eic.root,1438.0
root://dtn-eic.jlab.org//volatile/eic/EPIC/RECO/25.08.0/epic_craterlake/DIS/NC/5x41/minQ2=100/pythia8NCDIS_5x41_minQ2=100_beamEffects_xAngle=-0.025_hiDiv_3.0556.eicrecon.edm4eic.root,1438.0
root://dtn-eic.jlab.org//volatile/eic/EPIC/RECO/25.08.0/epic_craterlake/DIS/NC/5x41/minQ2=100/pythia8NCDIS_5x41_minQ2=100_beamEffects_xAngle=-0.025_hiDiv_3.0557.eicrecon.edm4eic.root,1438.0
root://dtn-eic.jlab.org//volatile/eic/EPIC/RECO/25.08.0/epic_craterlake/DIS/NC/5x41/minQ2=100/pythia8NCDIS_5x41_minQ2=100_beamEffects_xAngle=-0.025_hiDiv_3.0558.eicrecon.edm4eic.root,1438.0
root://dtn-eic.jlab.org//volatile/eic/EPIC/RECO/25.08.0/epic_craterlake/DIS/NC/5x41/minQ2=100/pythia8NCDIS_5x41_minQ2=100_beamEffects_xAngle=-0.025_hiDiv_3.0559.eicrecon.edm4eic.root,1438.0
root://dtn-eic.jlab.org//volatile/eic/EPIC/RECO/25.08.0/epic_craterlake/DIS/NC/5x41/minQ2=100/pythia8NCDIS_5x41_minQ2=100_beamEffects_xAngle=-0.025_hiDiv_3.0560.eicrecon.edm4eic.root,1438.0
root://dtn-eic.jlab.org//volatile/eic/EPIC/RECO/25.08.0/epic_craterlake/DIS/NC/5x41/minQ2=100/pythia8NCDIS_5x41_minQ2=100_beamEffects_xAngle=-0.025_hiDiv_3.0561.eicrecon.edm4eic.root,1438.0
root://dtn-eic.jlab.org//volatile/eic/EPIC/RECO/25.08.0/epic_craterlake/DIS/NC/5x41/minQ2=100/pythia8NCDIS_5x41_minQ2=100_beamEffects_xAngle=-0.025_hiDiv_3.0562.eicrecon.edm4eic.root,1438.0
root://dtn-eic.jlab.org//volatile/eic/EPIC/RECO/25.08.0/epic_craterlake/DIS/NC/5x41/minQ2=100/pythia8NCDIS_5x41_minQ2=100_beamEffects_xAngle=-0.025_hiDiv_3.0563.eicrecon.edm4eic.root,1438.0
root://dtn-eic.jlab.org//volatile/eic/EPIC/RECO/25.08.0/epic_craterlake/DIS/NC/5x41/minQ2=100/pythia8NCDIS_5x41_minQ2=100_beamEffects_xAngle=-0.025_hiDiv_3.0564.eicrecon.edm4eic.root,1438.0
root://dtn-eic.jlab.org//volatile/eic/EPIC/RECO/25.08.0/epic_craterlake/DIS/NC/5x41/minQ2=100/pythia8NCDIS_5x41_minQ2=100_beamEffects_xAngle=-0.025_hiDiv_3.0565.eicrecon.edm4eic.root,1438.0
root://dtn-eic.jlab.org//volatile/eic/EPIC/RECO/25.08.0/epic_craterlake/DIS/NC/5x41/minQ2=100/pythia8NCDIS_5x41_minQ2=100_beamEffects_xAngle=-0.025_hiDiv_3.0566.eicrecon.edm4eic.root,1438.0
root://dtn-eic.jlab.org//volatile/eic/EPIC/RECO/25.08.0/epic_craterlake/DIS/NC/5x41/minQ2=100/pythia8NCDIS_5x41_minQ2=100_beamEffects_xAngle=-0.025_hiDiv_3.0567.eicrecon.edm4eic.root,1438.0
root://dtn-eic.jlab.org//volatile/eic/EPIC/RECO/25.08.0/epic_craterlake/DIS/NC/5x41/minQ2=100/pythia8NCDIS_5x41_minQ2=100_beamEffects_xAngle=-0.025_hiDiv_3.0568.eicrecon.edm4eic.root,1438.0
root://dtn-eic.jlab.org//volatile/eic/EPIC/RECO/25.08.0/epic_craterlake/DIS/NC/5x41/minQ2=100/pythia8NCDIS_5x41_minQ2=100_beamEffects_xAngle=-0.025_hiDiv_3.0569.eicrecon.edm4eic.root,1438.0
root://dtn-eic.jlab.org//volatile/eic/EPIC/RECO/25.08.0/epic_craterlake/DIS/NC/5x41/minQ2=100/pythia8NCDIS_5x41_minQ2=100_beamEffects_xAngle=-0.025_hiDiv_3.0570.eicrecon.edm4eic.root,1438.0
root://dtn-eic.jlab.org//volatile/eic/EPIC/RECO/25.08.0/epic_craterlake/DIS/NC/5x41/minQ2=100/pythia8NCDIS_5x41_minQ2=100_beamEffects_xAngle=-0.025_hiDiv_3.0571.eicrecon.edm4eic.root,1438.0
root://dtn-eic.jlab.org//volatile/eic/EPIC/RECO/25.08.0/epic_craterlake/DIS/NC/5x41/minQ2=100/pythia8NCDIS_5x41_minQ2=100_beamEffects_xAngle=-0.025_hiDiv_3.0572.eicrecon.edm4eic.root,1438.0
root://dtn-eic.jlab.org//volatile/eic/EPIC/RECO/25.08.0/epic_craterlake/DIS/NC/5x41/minQ2=100/pythia8NCDIS_5x41_minQ2=100_beamEffects_xAngle=-0.025_hiDiv_3.0573.eicrecon.edm4eic.root,1438.0
root://dtn-eic.jlab.org//volatile/eic/EPIC/RECO/25.08.0/epic_craterlake/DIS/NC/5x41/minQ2=100/pythia8NCDIS_5x41_minQ2=100_beamEffects_xAngle=-0.025_hiDiv_3.0574.eicrecon.edm4eic.root,1438.0
root://dtn-eic.jlab.org//volatile/eic/EPIC/RECO/25.08.0/epic_craterlake/DIS/NC/5x41/minQ2=100/pythia8NCDIS_5x41_minQ2=100_beamEffects_xAngle=-0.025_hiDiv_3.0575.eicrecon.edm4eic.root,1438.0
root://dtn-eic.jlab.org//volatile/eic/EPIC/RECO/25.08.0/epic_craterlake/DIS/NC/5x41/minQ2=100/pythia8NCDIS_5x41_minQ2=100_beamEffects_xAngle=-0.025_hiDiv_3.0576.eicrecon.edm4eic.root,1438.0
root://dtn-eic.jlab.org//volatile/eic/EPIC/RECO/25.08.0/epic_craterlake/DIS/NC/5x41/minQ2=100/pythia8NCDIS_5x41_minQ2=100_beamEffects_xAngle=-0.025_hiDiv_3.0577.eicrecon.edm4eic.root,1438.0
root://dtn-eic.jlab.org//volatile/eic/EPIC/RECO/25.08.0/epic_craterlake/DIS/NC/5x41/minQ2=100/pythia8NCDIS_5x41_minQ2=100_beamEffects_xAngle=-0.025_hiDiv_3.0578.eicrecon.edm4eic.root,1438.0
root://dtn-eic.jlab.org//volatile/eic/EPIC/RECO/25.08.0/epic_craterlake/DIS/NC/5x41/minQ2=100/pythia8NCDIS_5x41_minQ2=100_beamEffects_xAngle=-0.025_hiDiv_3.0579.eicrecon.edm4eic.root,1438.0
root://dtn-eic.jlab.org//volatile/eic/EPIC/RECO/25.08.0/epic_craterlake/DIS/NC/5x41/minQ2=100/pythia8NCDIS_5x41_minQ2=100_beamEffects_xAngle=-0.025_hiDiv_3.0580.eicrecon.edm4eic.root,1438.0
root://dtn-eic.jlab.org//volatile/eic/EPIC/RECO/25.08.0/epic_craterlake/DIS/NC/5x41/minQ2=100/pythia8NCDIS_5x41_minQ2=100_beamEffects_xAngle=-0.025_hiDiv_3.0581.eicrecon.edm4eic.root,1438.0
root://dtn-eic.jlab.org//volatile/eic/EPIC/RECO/25.08.0/epic_craterlake/DIS/NC/5x41/minQ2=100/pythia8NCDIS_5x41_minQ2=100_beamEffects_xAngle=-0.025_hiDiv_3.0582.eicrecon.edm4eic.root,1438.0
root://dtn-eic.jlab.org//volatile/eic/EPIC/RECO/25.08.0/epic_craterlake/DIS/NC/5x41/minQ2=100/pythia8NCDIS_5x41_minQ2=100_beamEffects_xAngle=-0.025_hiDiv_3.0583.eicrecon.edm4eic.root,1438.0
root://dtn-eic.jlab.org//volatile/eic/EPIC/RECO/25.08.0/epic_craterlake/DIS/NC/5x41/minQ2=100/pythia8NCDIS_5x41_minQ2=100_beamEffects_xAngle=-0.025_hiDiv_3.0584.eicrecon.edm4eic.root,1438.0
root://dtn-eic.jlab.org//volatile/eic/EPIC/RECO/25.08.0/epic_craterlake/DIS/NC/5x41/minQ2=100/pythia8NCDIS_5x41_minQ2=100_beamEffects_xAngle=-0.025_hiDiv_3.0585.eicrecon.edm4eic.root,1438.0
root://dtn-eic.jlab.org//volatile/eic/EPIC/RECO/25.08.0/epic_craterlake/DIS/NC/5x41/minQ2=100/pythia8NCDIS_5x41_minQ2=100_beamEffects_xAngle=-0.025_hiDiv_3.0586.eicrecon.edm4eic.root,1438.0
root://dtn-eic.jlab.org//volatile/eic/EPIC/RECO/25.08.0/epic_craterlake/DIS/NC/5x41/minQ2=100/pythia8NCDIS_5x41_minQ2=100_beamEffects_xAngle=-0.025_hiDiv_3.0587.eicrecon.edm4eic.root,1438.0
root://dtn-eic.jlab.org//volatile/eic/EPIC/RECO/25.08.0/epic_craterlake/DIS/NC/5x41/minQ2=100/pythia8NCDIS_5x41_minQ2=100_beamEffects_xAngle=-0.025_hiDiv_3.0588.eicrecon.edm4eic.root,1438.0
root://dtn-eic.jlab.org//volatile/eic/EPIC/RECO/25.08.0/epic_craterlake/DIS/NC/5x41/minQ2=100/pythia8NCDIS_5x41_minQ2=100_beamEffects_xAngle=-0.025_hiDiv_3.0589.eicrecon.edm4eic.root,1438.0
root://dtn-eic.jlab.org//volatile/eic/EPIC/RECO/25.08.0/epic_craterlake/DIS/NC/5x41/minQ2=100/pythia8NCDIS_5x41_minQ2=100_beamEffects_xAngle=-0.025_hiDiv_3.0590.eicrecon.edm4eic.root,1438.0
root://dtn-eic.jlab.org//volatile/eic/EPIC/RECO/25.08.0/epic_craterlake/DIS/NC/5x41/minQ2=100/pythia8NCDIS_5x41_minQ2=100_beamEffects_xAngle=-0.025_hiDiv_3.0591.eicrecon.edm4eic.root,1438.0
root://dtn-eic.jlab.org//volatile/eic/EPIC/RECO/25.08.0/epic_craterlake/DIS/NC/5x41/minQ2=100/pythia8NCDIS_5x41_minQ2=100_beamEffects_xAngle=-0.025_hiDiv_3.0592.eicrecon.edm4eic.root,1438.0
root://dtn-eic.jlab.org//volatile/eic/EPIC/RECO/25.08.0/epic_craterlake/DIS/NC/5x41/minQ2=100/pythia8NCDIS_5x41_minQ2=100_beamEffects_xAngle=-0.025_hiDiv_3.0593.eicrecon.edm4eic.root,1438.0
root://dtn-eic.jlab.org//volatile/eic/EPIC/RECO/25.08.0/epic_craterlake/DIS/NC/5x41/minQ2=100/pythia8NCDIS_5x41_minQ2=100_beamEffects_xAngle=-0.025_hiDiv_3.0594.eicrecon.edm4eic.root,1438.0
root://dtn-eic.jlab.org//volatile/eic/EPIC/RECO/25.08.0/epic_craterlake/DIS/NC/5x41/minQ2=100/pythia8NCDIS_5x41_minQ2=100_beamEffects_xAngle=-0.025_hiDiv_3.0595.eicrecon.edm4eic.root,1438.0
root://dtn-eic.jlab.org//volatile/eic/EPIC/RECO/25.08.0/epic_craterlake/DIS/NC/5x41/minQ2=100/pythia8NCDIS_5x41_minQ2=100_beamEffects_xAngle=-0.025_hiDiv_3.0596.eicrecon.edm4eic.root,1438.0
root://dtn-eic.jlab.org//volatile/eic/EPIC/RECO/25.08.0/epic_craterlake/DIS/NC/5x41/minQ2=100/pythia8NCDIS_5x41_minQ2=100_beamEffects_xAngle=-0.025_hiDiv_3.0597.eicrecon.edm4eic.root,1438.0
root://dtn-eic.jlab.org//volatile/eic/EPIC/RECO/25.08.0/epic_craterlake/DIS/NC/5x41/minQ2=100/pythia8NCDIS_5x41_minQ2=100_beamEffects_xAngle=-0.025_hiDiv_3.0598.eicrecon.edm4eic.root,1438.0
root://dtn-eic.jlab.org//volatile/eic/EPIC/RECO/25.08.0/epic_craterlake/DIS/NC/5x41/minQ2=100/pythia8NCDIS_5x41_minQ2=100_beamEffects_xAngle=-0.025_hiDiv_3.0599.eicrecon.edm4eic.root,1438.0
root://dtn-eic.jlab.org//volatile/eic/EPIC/RECO/25.08.0/epic_craterlake/DIS/NC/5x41/minQ2=100/pythia8NCDIS_5x41_minQ2=100_beamEffects_xAngle=-0.025_hiDiv_3.0600.eicrecon.edm4eic.root,1438.0
root://dtn-eic.jlab.org//volatile/eic/EPIC/RECO/25.08.0/epic_craterlake/DIS/NC/5x41/minQ2=100/pythia8NCDIS_5x41_minQ2=100_beamEffects_xAngle=-0.025_hiDiv_3.0601.eicrecon.edm4eic.root,1438.0
root://dtn-eic.jlab.org//volatile/eic/EPIC/RECO/25.08.0/epic_craterlake/DIS/NC/5x41/minQ2=100/pythia8NCDIS_5x41_minQ2=100_beamEffects_xAngle=-0.025_hiDiv_3.0602.eicrecon.edm4eic.root,1438.0
root://dtn-eic.jlab.org//volatile/eic/EPIC/RECO/25.08.0/epic_craterlake/DIS/NC/5x41/minQ2=100/pythia8NCDIS_5x41_minQ2=100_beamEffects_xAngle=-0.025_hiDiv_3.0603.eicrecon.edm4eic.root,1438.0
root://dtn-eic.jlab.org//volatile/eic/EPIC/RECO/25.08.0/epic_craterlake/DIS/NC/5x41/minQ2=100/pythia8NCDIS_5x41_minQ2=100_beamEffects_xAngle=-0.025_hiDiv_3.0604.eicrecon.edm4eic.root,1438.0
root://dtn-eic.jlab.org//volatile/eic/EPIC/RECO/25.08.0/epic_craterlake/DIS/NC/5x41/minQ2=100/pythia8NCDIS_5x41_minQ2=100_beamEffects_xAngle=-0.025_hiDiv_3.0605.eicrecon.edm4eic.root,1438.0
root://dtn-eic.jlab.org//volatile/eic/EPIC/RECO/25.08.0/epic_craterlake/DIS/NC/5x41/minQ2=100/pythia8NCDIS_5x41_minQ2=100_beamEffects_xAngle=-0.025_hiDiv_3.0606.eicrecon.edm4eic.root,1438.0
root://dtn-eic.jlab.org//volatile/eic/EPIC/RECO/25.08.0/epic_craterlake/DIS/NC/5x41/minQ2=100/pythia8NCDIS_5x41_minQ2=100_beamEffects_xAngle=-0.025_hiDiv_3.0607.eicrecon.edm4eic.root,1438.0
root://dtn-eic.jlab.org//volatile/eic/EPIC/RECO/25.08.0/epic_craterlake/DIS/NC/5x41/minQ2=100/pythia8NCDIS_5x41_minQ2=100_beamEffects_xAngle=-0.025_hiDiv_3.0608.eicrecon.edm4eic.root,1438.0
root://dtn-eic.jlab.org//volatile/eic/EPIC/RECO/25.08.0/epic_craterlake/DIS/NC/5x41/minQ2=100/pythia8NCDIS_5x41_minQ2=100_beamEffects_xAngle=-0.025_hiDiv_3.0609.eicrecon.edm4eic.root,1438.0
root://dtn-eic.jlab.org//volatile/eic/EPIC/RECO/25.08.0/epic_craterlake/DIS/NC/5x41/minQ2=100/pythia8NCDIS_5x41_minQ2=100_beamEffects_xAngle=-0.025_hiDiv_3.0610.eicrecon.edm4eic.root,1438.0
root://dtn-eic.jlab.org//volatile/eic/EPIC/RECO/25.08.0/epic_craterlake/DIS/NC/5x41/minQ2=100/pythia8NCDIS_5x41_minQ2=100_beamEffects_xAngle=-0.025_hiDiv_3.0611.eicrecon.edm4eic.root,1438.0
root://dtn-eic.jlab.org//volatile/eic/EPIC/RECO/25.08.0/epic_craterlake/DIS/NC/5x41/minQ2=100/pythia8NCDIS_5x41_minQ2=100_beamEffects_xAngle=-0.025_hiDiv_3.0612.eicrecon.edm4eic.root,1438.0
root://dtn-eic.jlab.org//volatile/eic/EPIC/RECO/25.08.0/epic_craterlake/DIS/NC/5x41/minQ2=100/pythia8NCDIS_5x41_minQ2=100_beamEffects_xAngle=-0.025_hiDiv_3.0613.eicrecon.edm4eic.root,1438.0
root://dtn-eic.jlab.org//volatile/eic/EPIC/RECO/25.08.0/epic_craterlake/DIS/NC/5x41/minQ2=100/pythia8NCDIS_5x41_minQ2=100_beamEffects_xAngle=-0.025_hiDiv_3.0614.eicrecon.edm4eic.root,1438.0
root://dtn-eic.jlab.org//volatile/eic/EPIC/RECO/25.08.0/epic_craterlake/DIS/NC/5x41/minQ2=100/pythia8NCDIS_5x41_minQ2=100_beamEffects_xAngle=-0.025_hiDiv_3.0615.eicrecon.edm4eic.root,1438.0
root://dtn-eic.jlab.org//volatile/eic/EPIC/RECO/25.08.0/epic_craterlake/DIS/NC/5x41/minQ2=100/pythia8NCDIS_5x41_minQ2=100_beamEffects_xAngle=-0.025_hiDiv_3.0616.eicrecon.edm4eic.root,1438.0
root://dtn-eic.jlab.org//volatile/eic/EPIC/RECO/25.08.0/epic_craterlake/DIS/NC/5x41/minQ2=100/pythia8NCDIS_5x41_minQ2=100_beamEffects_xAngle=-0.025_hiDiv_3.0617.eicrecon.edm4eic.root,1438.0
root://dtn-eic.jlab.org//volatile/eic/EPIC/RECO/25.08.0/epic_craterlake/DIS/NC/5x41/minQ2=100/pythia8NCDIS_5x41_minQ2=100_beamEffects_xAngle=-0.025_hiDiv_3.0618.eicrecon.edm4eic.root,1438.0
root://dtn-eic.jlab.org//volatile/eic/EPIC/RECO/25.08.0/epic_craterlake/DIS/NC/5x41/minQ2=100/pythia8NCDIS_5x41_minQ2=100_beamEffects_xAngle=-0.025_hiDiv_3.0619.eicrecon.edm4eic.root,1438.0
root://dtn-eic.jlab.org//volatile/eic/EPIC/RECO/25.08.0/epic_craterlake/DIS/NC/5x41/minQ2=100/pythia8NCDIS_5x41_minQ2=100_beamEffects_xAngle=-0.025_hiDiv_3.0620.eicrecon.edm4eic.root,1438.0
root://dtn-eic.jlab.org//volatile/eic/EPIC/RECO/25.08.0/epic_craterlake/DIS/NC/5x41/minQ2=100/pythia8NCDIS_5x41_minQ2=100_beamEffects_xAngle=-0.025_hiDiv_3.0621.eicrecon.edm4eic.root,1438.0
root://dtn-eic.jlab.org//volatile/eic/EPIC/RECO/25.08.0/epic_craterlake/DIS/NC/5x41/minQ2=100/pythia8NCDIS_5x41_minQ2=100_beamEffects_xAngle=-0.025_hiDiv_3.0622.eicrecon.edm4eic.root,1438.0
root://dtn-eic.jlab.org//volatile/eic/EPIC/RECO/25.08.0/epic_craterlake/DIS/NC/5x41/minQ2=100/pythia8NCDIS_5x41_minQ2=100_beamEffects_xAngle=-0.025_hiDiv_3.0623.eicrecon.edm4eic.root,1438.0
root://dtn-eic.jlab.org//volatile/eic/EPIC/RECO/25.08.0/epic_craterlake/DIS/NC/5x41/minQ2=100/pythia8NCDIS_5x41_minQ2=100_beamEffects_xAngle=-0.025_hiDiv_3.0624.eicrecon.edm4eic.root,1438.0
root://dtn-eic.jlab.org//volatile/eic/EPIC/RECO/25.08.0/epic_craterlake/DIS/NC/5x41/minQ2=100/pythia8NCDIS_5x41_minQ2=100_beamEffects_xAngle=-0.025_hiDiv_3.0625.eicrecon.edm4eic.root,1438.0
root://dtn-eic.jlab.org//volatile/eic/EPIC/RECO/25.08.0/epic_craterlake/DIS/NC/5x41/minQ2=100/pythia8NCDIS_5x41_minQ2=100_beamEffects_xAngle=-0.025_hiDiv_3.0626.eicrecon.edm4eic.root,1438.0
root://dtn-eic.jlab.org//volatile/eic/EPIC/RECO/25.08.0/epic_craterlake/DIS/NC/5x41/minQ2=100/pythia8NCDIS_5x41_minQ2=100_beamEffects_xAngle=-0.025_hiDiv_3.0627.eicrecon.edm4eic.root,1438.0
root://dtn-eic.jlab.org//volatile/eic/EPIC/RECO/25.08.0/epic_craterlake/DIS/NC/5x41/minQ2=100/pythia8NCDIS_5x41_minQ2=100_beamEffects_xAngle=-0.025_hiDiv_3.0628.eicrecon.edm4eic.root,1438.0
root://dtn-eic.jlab.org//volatile/eic/EPIC/RECO/25.08.0/epic_craterlake/DIS/NC/5x41/minQ2=100/pythia8NCDIS_5x41_minQ2=100_beamEffects_xAngle=-0.025_hiDiv_3.0629.eicrecon.edm4eic.root,1438.0
root://dtn-eic.jlab.org//volatile/eic/EPIC/RECO/25.08.0/epic_craterlake/DIS/NC/5x41/minQ2=100/pythia8NCDIS_5x41_minQ2=100_beamEffects_xAngle=-0.025_hiDiv_3.0630.eicrecon.edm4eic.root,1438.0
root://dtn-eic.jlab.org//volatile/eic/EPIC/RECO/25.08.0/epic_craterlake/DIS/NC/5x41/minQ2=100/pythia8NCDIS_5x41_minQ2=100_beamEffects_xAngle=-0.025_hiDiv_3.0631.eicrecon.edm4eic.root,1438.0
root://dtn-eic.jlab.org//volatile/eic/EPIC/RECO/25.08.0/epic_craterlake/DIS/NC/5x41/minQ2=100/pythia8NCDIS_5x41_minQ2=100_beamEffects_xAngle=-0.025_hiDiv_3.0632.eicrecon.edm4eic.root,1438.0
root://dtn-eic.jlab.org//volatile/eic/EPIC/RECO/25.08.0/epic_craterlake/DIS/NC/5x41/minQ2=100/pythia8NCDIS_5x41_minQ2=100_beamEffects_xAngle=-0.025_hiDiv_3.0633.eicrecon.edm4eic.root,1438.0
root://dtn-eic.jlab.org//volatile/eic/EPIC/RECO/25.08.0/epic_craterlake/DIS/NC/5x41/minQ2=100/pythia8NCDIS_5x41_minQ2=100_beamEffects_xAngle=-0.025_hiDiv_3.0634.eicrecon.edm4eic.root,1438.0
root://dtn-eic.jlab.org//volatile/eic/EPIC/RECO/25.08.0/epic_craterlake/DIS/NC/5x41/minQ2=100/pythia8NCDIS_5x41_minQ2=100_beamEffects_xAngle=-0.025_hiDiv_3.0635.eicrecon.edm4eic.root,1438.0
root://dtn-eic.jlab.org//volatile/eic/EPIC/RECO/25.08.0/epic_craterlake/DIS/NC/5x41/minQ2=100/pythia8NCDIS_5x41_minQ2=100_beamEffects_xAngle=-0.025_hiDiv_3.0636.eicrecon.edm4eic.root,1438.0
root://dtn-eic.jlab.org//volatile/eic/EPIC/RECO/25.08.0/epic_craterlake/DIS/NC/5x41/minQ2=100/pythia8NCDIS_5x41_minQ2=100_beamEffects_xAngle=-0.025_hiDiv_3.0637.eicrecon.edm4eic.root,1438.0
root://dtn-eic.jlab.org//volatile/eic/EPIC/RECO/25.08.0/epic_craterlake/DIS/NC/5x41/minQ2=100/pythia8NCDIS_5x41_minQ2=100_beamEffects_xAngle=-0.025_hiDiv_3.0638.eicrecon.edm4eic.root,1438.0
root://dtn-eic.jlab.org//volatile/eic/EPIC/RECO/25.08.0/epic_craterlake/DIS/NC/5x41/minQ2=100/pythia8NCDIS_5x41_minQ2=100_beamEffects_xAngle=-0.025_hiDiv_3.0639.eicrecon.edm4eic.root,1438.0
root://dtn-eic.jlab.org//volatile/eic/EPIC/RECO/25.08.0/epic_craterlake/DIS/NC/5x41/minQ2=100/pythia8NCDIS_5x41_minQ2=100_beamEffects_xAngle=-0.025_hiDiv_3.0640.eicrecon.edm4eic.root,1438.0
root://dtn-eic.jlab.org//volatile/eic/EPIC/RECO/25.08.0/epic_craterlake/DIS/NC/5x41/minQ2=100/pythia8NCDIS_5x41_minQ2=100_beamEffects_xAngle=-0.025_hiDiv_3.0641.eicrecon.edm4eic.root,1438.0
root://dtn-eic.jlab.org//volatile/eic/EPIC/RECO/25.08.0/epic_craterlake/DIS/NC/5x41/minQ2=100/pythia8NCDIS_5x41_minQ2=100_beamEffects_xAngle=-0.025_hiDiv_3.0642.eicrecon.edm4eic.root,1438.0
root://dtn-eic.jlab.org//volatile/eic/EPIC/RECO/25.08.0/epic_craterlake/DIS/NC/5x41/minQ2=100/pythia8NCDIS_5x41_minQ2=100_beamEffects_xAngle=-0.025_hiDiv_3.0643.eicrecon.edm4eic.root,1438.0
root://dtn-eic.jlab.org//volatile/eic/EPIC/RECO/25.08.0/epic_craterlake/DIS/NC/5x41/minQ2=100/pythia8NCDIS_5x41_minQ2=100_beamEffects_xAngle=-0.025_hiDiv_3.0644.eicrecon.edm4eic.root,1438.0
root://dtn-eic.jlab.org//volatile/eic/EPIC/RECO/25.08.0/epic_craterlake/DIS/NC/5x41/minQ2=100/pythia8NCDIS_5x41_minQ2=100_beamEffects_xAngle=-0.025_hiDiv_3.0645.eicrecon.edm4eic.root,1438.0
root://dtn-eic.jlab.org//volatile/eic/EPIC/RECO/25.08.0/epic_craterlake/DIS/NC/5x41/minQ2=100/pythia8NCDIS_5x41_minQ2=100_beamEffects_xAngle=-0.025_hiDiv_3.0646.eicrecon.edm4eic.root,1438.0
root://dtn-eic.jlab.org//volatile/eic/EPIC/RECO/25.08.0/epic_craterlake/DIS/NC/5x41/minQ2=100/pythia8NCDIS_5x41_minQ2=100_beamEffects_xAngle=-0.025_hiDiv_3.0648.eicrecon.edm4eic.root,1438.0
root://dtn-eic.jlab.org//volatile/eic/EPIC/RECO/25.08.0/epic_craterlake/DIS/NC/5x41/minQ2=100/pythia8NCDIS_5x41_minQ2=100_beamEffects_xAngle=-0.025_hiDiv_3.0649.eicrecon.edm4eic.root,1438.0
root://dtn-eic.jlab.org//volatile/eic/EPIC/RECO/25.08.0/epic_craterlake/DIS/NC/5x41/minQ2=100/pythia8NCDIS_5x41_minQ2=100_beamEffects_xAngle=-0.025_hiDiv_3.0650.eicrecon.edm4eic.root,1438.0
root://dtn-eic.jlab.org//volatile/eic/EPIC/RECO/25.08.0/epic_craterlake/DIS/NC/5x41/minQ2=100/pythia8NCDIS_5x41_minQ2=100_beamEffects_xAngle=-0.025_hiDiv_3.0651.eicrecon.edm4eic.root,1438.0
root://dtn-eic.jlab.org//volatile/eic/EPIC/RECO/25.08.0/epic_craterlake/DIS/NC/5x41/minQ2=100/pythia8NCDIS_5x41_minQ2=100_beamEffects_xAngle=-0.025_hiDiv_3.0652.eicrecon.edm4eic.root,1438.0
root://dtn-eic.jlab.org//volatile/eic/EPIC/RECO/25.08.0/epic_craterlake/DIS/NC/5x41/minQ2=100/pythia8NCDIS_5x41_minQ2=100_beamEffects_xAngle=-0.025_hiDiv_3.0653.eicrecon.edm4eic.root,1438.0
root://dtn-eic.jlab.org//volatile/eic/EPIC/RECO/25.08.0/epic_craterlake/DIS/NC/5x41/minQ2=100/pythia8NCDIS_5x41_minQ2=100_beamEffects_xAngle=-0.025_hiDiv_3.0654.eicrecon.edm4eic.root,1438.0
root://dtn-eic.jlab.org//volatile/eic/EPIC/RECO/25.08.0/epic_craterlake/DIS/NC/5x41/minQ2=100/pythia8NCDIS_5x41_minQ2=100_beamEffects_xAngle=-0.025_hiDiv_3.0655.eicrecon.edm4eic.root,1438.0
root://dtn-eic.jlab.org//volatile/eic/EPIC/RECO/25.08.0/epic_craterlake/DIS/NC/5x41/minQ2=100/pythia8NCDIS_5x41_minQ2=100_beamEffects_xAngle=-0.025_hiDiv_3.0656.eicrecon.edm4eic.root,1438.0
root://dtn-eic.jlab.org//volatile/eic/EPIC/RECO/25.08.0/epic_craterlake/DIS/NC/5x41/minQ2=100/pythia8NCDIS_5x41_minQ2=100_beamEffects_xAngle=-0.025_hiDiv_3.0657.eicrecon.edm4eic.root,1438.0
root://dtn-eic.jlab.org//volatile/eic/EPIC/RECO/25.08.0/epic_craterlake/DIS/NC/5x41/minQ2=100/pythia8NCDIS_5x41_minQ2=100_beamEffects_xAngle=-0.025_hiDiv_3.0658.eicrecon.edm4eic.root,1438.0
root://dtn-eic.jlab.org//volatile/eic/EPIC/RECO/25.08.0/epic_craterlake/DIS/NC/5x41/minQ2=100/pythia8NCDIS_5x41_minQ2=100_beamEffects_xAngle=-0.025_hiDiv_3.0659.eicrecon.edm4eic.root,1438.0
root://dtn-eic.jlab.org//volatile/eic/EPIC/RECO/25.08.0/epic_craterlake/DIS/NC/5x41/minQ2=100/pythia8NCDIS_5x41_minQ2=100_beamEffects_xAngle=-0.025_hiDiv_3.0660.eicrecon.edm4eic.root,1438.0
root://dtn-eic.jlab.org//volatile/eic/EPIC/RECO/25.08.0/epic_craterlake/DIS/NC/5x41/minQ2=100/pythia8NCDIS_5x41_minQ2=100_beamEffects_xAngle=-0.025_hiDiv_3.0661.eicrecon.edm4eic.root,1438.0
root://dtn-eic.jlab.org//volatile/eic/EPIC/RECO/25.08.0/epic_craterlake/DIS/NC/5x41/minQ2=100/pythia8NCDIS_5x41_minQ2=100_beamEffects_xAngle=-0.025_hiDiv_3.0662.eicrecon.edm4eic.root,1438.0
root://dtn-eic.jlab.org//volatile/eic/EPIC/RECO/25.08.0/epic_craterlake/DIS/NC/5x41/minQ2=100/pythia8NCDIS_5x41_minQ2=100_beamEffects_xAngle=-0.025_hiDiv_3.0663.eicrecon.edm4eic.root,1438.0
root://dtn-eic.jlab.org//volatile/eic/EPIC/RECO/25.08.0/epic_craterlake/DIS/NC/5x41/minQ2=100/pythia8NCDIS_5x41_minQ2=100_beamEffects_xAngle=-0.025_hiDiv_3.0664.eicrecon.edm4eic.root,1438.0
root://dtn-eic.jlab.org//volatile/eic/EPIC/RECO/25.08.0/epic_craterlake/DIS/NC/5x41/minQ2=100/pythia8NCDIS_5x41_minQ2=100_beamEffects_xAngle=-0.025_hiDiv_3.0665.eicrecon.edm4eic.root,1438.0
root://dtn-eic.jlab.org//volatile/eic/EPIC/RECO/25.08.0/epic_craterlake/DIS/NC/5x41/minQ2=100/pythia8NCDIS_5x41_minQ2=100_beamEffects_xAngle=-0.025_hiDiv_3.0666.eicrecon.edm4eic.root,1438.0
root://dtn-eic.jlab.org//volatile/eic/EPIC/RECO/25.08.0/epic_craterlake/DIS/NC/5x41/minQ2=100/pythia8NCDIS_5x41_minQ2=100_beamEffects_xAngle=-0.025_hiDiv_3.0667.eicrecon.edm4eic.root,1438.0
root://dtn-eic.jlab.org//volatile/eic/EPIC/RECO/25.08.0/epic_craterlake/DIS/NC/5x41/minQ2=100/pythia8NCDIS_5x41_minQ2=100_beamEffects_xAngle=-0.025_hiDiv_3.0668.eicrecon.edm4eic.root,1438.0
root://dtn-eic.jlab.org//volatile/eic/EPIC/RECO/25.08.0/epic_craterlake/DIS/NC/5x41/minQ2=100/pythia8NCDIS_5x41_minQ2=100_beamEffects_xAngle=-0.025_hiDiv_3.0669.eicrecon.edm4eic.root,1438.0
root://dtn-eic.jlab.org//volatile/eic/EPIC/RECO/25.08.0/epic_craterlake/DIS/NC/5x41/minQ2=100/pythia8NCDIS_5x41_minQ2=100_beamEffects_xAngle=-0.025_hiDiv_3.0670.eicrecon.edm4eic.root,1438.0
root://dtn-eic.jlab.org//volatile/eic/EPIC/RECO/25.08.0/epic_craterlake/DIS/NC/5x41/minQ2=100/pythia8NCDIS_5x41_minQ2=100_beamEffects_xAngle=-0.025_hiDiv_3.0671.eicrecon.edm4eic.root,1438.0
root://dtn-eic.jlab.org//volatile/eic/EPIC/RECO/25.08.0/epic_craterlake/DIS/NC/5x41/minQ2=100/pythia8NCDIS_5x41_minQ2=100_beamEffects_xAngle=-0.025_hiDiv_3.0672.eicrecon.edm4eic.root,1438.0
root://dtn-eic.jlab.org//volatile/eic/EPIC/RECO/25.08.0/epic_craterlake/DIS/NC/5x41/minQ2=100/pythia8NCDIS_5x41_minQ2=100_beamEffects_xAngle=-0.025_hiDiv_3.0673.eicrecon.edm4eic.root,1438.0
root://dtn-eic.jlab.org//volatile/eic/EPIC/RECO/25.08.0/epic_craterlake/DIS/NC/5x41/minQ2=100/pythia8NCDIS_5x41_minQ2=100_beamEffects_xAngle=-0.025_hiDiv_3.0674.eicrecon.edm4eic.root,1438.0
root://dtn-eic.jlab.org//volatile/eic/EPIC/RECO/25.08.0/epic_craterlake/DIS/NC/5x41/minQ2=100/pythia8NCDIS_5x41_minQ2=100_beamEffects_xAngle=-0.025_hiDiv_3.0675.eicrecon.edm4eic.root,1438.0
root://dtn-eic.jlab.org//volatile/eic/EPIC/RECO/25.08.0/epic_craterlake/DIS/NC/5x41/minQ2=100/pythia8NCDIS_5x41_minQ2=100_beamEffects_xAngle=-0.025_hiDiv_3.0676.eicrecon.edm4eic.root,1438.0
root://dtn-eic.jlab.org//volatile/eic/EPIC/RECO/25.08.0/epic_craterlake/DIS/NC/5x41/minQ2=100/pythia8NCDIS_5x41_minQ2=100_beamEffects_xAngle=-0.025_hiDiv_3.0677.eicrecon.edm4eic.root,1438.0
root://dtn-eic.jlab.org//volatile/eic/EPIC/RECO/25.08.0/epic_craterlake/DIS/NC/5x41/minQ2=100/pythia8NCDIS_5x41_minQ2=100_beamEffects_xAngle=-0.025_hiDiv_3.0678.eicrecon.edm4eic.root,1438.0
root://dtn-eic.jlab.org//volatile/eic/EPIC/RECO/25.08.0/epic_craterlake/DIS/NC/5x41/minQ2=100/pythia8NCDIS_5x41_minQ2=100_beamEffects_xAngle=-0.025_hiDiv_3.0679.eicrecon.edm4eic.root,1438.0
root://dtn-eic.jlab.org//volatile/eic/EPIC/RECO/25.08.0/epic_craterlake/DIS/NC/5x41/minQ2=100/pythia8NCDIS_5x41_minQ2=100_beamEffects_xAngle=-0.025_hiDiv_3.0680.eicrecon.edm4eic.root,1438.0
root://dtn-eic.jlab.org//volatile/eic/EPIC/RECO/25.08.0/epic_craterlake/DIS/NC/5x41/minQ2=100/pythia8NCDIS_5x41_minQ2=100_beamEffects_xAngle=-0.025_hiDiv_3.0681.eicrecon.edm4eic.root,1438.0
root://dtn-eic.jlab.org//volatile/eic/EPIC/RECO/25.08.0/epic_craterlake/DIS/NC/5x41/minQ2=100/pythia8NCDIS_5x41_minQ2=100_beamEffects_xAngle=-0.025_hiDiv_3.0682.eicrecon.edm4eic.root,1438.0
root://dtn-eic.jlab.org//volatile/eic/EPIC/RECO/25.08.0/epic_craterlake/DIS/NC/5x41/minQ2=100/pythia8NCDIS_5x41_minQ2=100_beamEffects_xAngle=-0.025_hiDiv_3.0683.eicrecon.edm4eic.root,1438.0
root://dtn-eic.jlab.org//volatile/eic/EPIC/RECO/25.08.0/epic_craterlake/DIS/NC/5x41/minQ2=100/pythia8NCDIS_5x41_minQ2=100_beamEffects_xAngle=-0.025_hiDiv_3.0684.eicrecon.edm4eic.root,1438.0
root://dtn-eic.jlab.org//volatile/eic/EPIC/RECO/25.08.0/epic_craterlake/DIS/NC/5x41/minQ2=100/pythia8NCDIS_5x41_minQ2=100_beamEffects_xAngle=-0.025_hiDiv_3.0685.eicrecon.edm4eic.root,1438.0
root://dtn-eic.jlab.org//volatile/eic/EPIC/RECO/25.08.0/epic_craterlake/DIS/NC/5x41/minQ2=100/pythia8NCDIS_5x41_minQ2=100_beamEffects_xAngle=-0.025_hiDiv_3.0686.eicrecon.edm4eic.root,1438.0
root://dtn-eic.jlab.org//volatile/eic/EPIC/RECO/25.08.0/epic_craterlake/DIS/NC/5x41/minQ2=100/pythia8NCDIS_5x41_minQ2=100_beamEffects_xAngle=-0.025_hiDiv_3.0687.eicrecon.edm4eic.root,1438.0
root://dtn-eic.jlab.org//volatile/eic/EPIC/RECO/25.08.0/epic_craterlake/DIS/NC/5x41/minQ2=100/pythia8NCDIS_5x41_minQ2=100_beamEffects_xAngle=-0.025_hiDiv_3.0688.eicrecon.edm4eic.root,1438.0
root://dtn-eic.jlab.org//volatile/eic/EPIC/RECO/25.08.0/epic_craterlake/DIS/NC/5x41/minQ2=100/pythia8NCDIS_5x41_minQ2=100_beamEffects_xAngle=-0.025_hiDiv_3.0689.eicrecon.edm4eic.root,1438.0
root://dtn-eic.jlab.org//volatile/eic/EPIC/RECO/25.08.0/epic_craterlake/DIS/NC/5x41/minQ2=100/pythia8NCDIS_5x41_minQ2=100_beamEffects_xAngle=-0.025_hiDiv_3.0690.eicrecon.edm4eic.root,1438.0
root://dtn-eic.jlab.org//volatile/eic/EPIC/RECO/25.08.0/epic_craterlake/DIS/NC/5x41/minQ2=100/pythia8NCDIS_5x41_minQ2=100_beamEffects_xAngle=-0.025_hiDiv_3.0691.eicrecon.edm4eic.root,1438.0
root://dtn-eic.jlab.org//volatile/eic/EPIC/RECO/25.08.0/epic_craterlake/DIS/NC/5x41/minQ2=100/pythia8NCDIS_5x41_minQ2=100_beamEffects_xAngle=-0.025_hiDiv_3.0692.eicrecon.edm4eic.root,1438.0
root://dtn-eic.jlab.org//volatile/eic/EPIC/RECO/25.08.0/epic_craterlake/DIS/NC/5x41/minQ2=100/pythia8NCDIS_5x41_minQ2=100_beamEffects_xAngle=-0.025_hiDiv_3.0693.eicrecon.edm4eic.root,1438.0
root://dtn-eic.jlab.org//volatile/eic/EPIC/RECO/25.08.0/epic_craterlake/DIS/NC/5x41/minQ2=100/pythia8NCDIS_5x41_minQ2=100_beamEffects_xAngle=-0.025_hiDiv_3.0694.eicrecon.edm4eic.root,1438.0
root://dtn-eic.jlab.org//volatile/eic/EPIC/RECO/25.08.0/epic_craterlake/DIS/NC/5x41/minQ2=100/pythia8NCDIS_5x41_minQ2=100_beamEffects_xAngle=-0.025_hiDiv_4.0000.eicrecon.edm4eic.root,1438.0
root://dtn-eic.jlab.org//volatile/eic/EPIC/RECO/25.08.0/epic_craterlake/DIS/NC/5x41/minQ2=100/pythia8NCDIS_5x41_minQ2=100_beamEffects_xAngle=-0.025_hiDiv_4.0001.eicrecon.edm4eic.root,1438.0
root://dtn-eic.jlab.org//volatile/eic/EPIC/RECO/25.08.0/epic_craterlake/DIS/NC/5x41/minQ2=100/pythia8NCDIS_5x41_minQ2=100_beamEffects_xAngle=-0.025_hiDiv_4.0002.eicrecon.edm4eic.root,1438.0
root://dtn-eic.jlab.org//volatile/eic/EPIC/RECO/25.08.0/epic_craterlake/DIS/NC/5x41/minQ2=100/pythia8NCDIS_5x41_minQ2=100_beamEffects_xAngle=-0.025_hiDiv_4.0003.eicrecon.edm4eic.root,1438.0
root://dtn-eic.jlab.org//volatile/eic/EPIC/RECO/25.08.0/epic_craterlake/DIS/NC/5x41/minQ2=100/pythia8NCDIS_5x41_minQ2=100_beamEffects_xAngle=-0.025_hiDiv_4.0004.eicrecon.edm4eic.root,1438.0
root://dtn-eic.jlab.org//volatile/eic/EPIC/RECO/25.08.0/epic_craterlake/DIS/NC/5x41/minQ2=100/pythia8NCDIS_5x41_minQ2=100_beamEffects_xAngle=-0.025_hiDiv_4.0005.eicrecon.edm4eic.root,1438.0
root://dtn-eic.jlab.org//volatile/eic/EPIC/RECO/25.08.0/epic_craterlake/DIS/NC/5x41/minQ2=100/pythia8NCDIS_5x41_minQ2=100_beamEffects_xAngle=-0.025_hiDiv_4.0006.eicrecon.edm4eic.root,1438.0
root://dtn-eic.jlab.org//volatile/eic/EPIC/RECO/25.08.0/epic_craterlake/DIS/NC/5x41/minQ2=100/pythia8NCDIS_5x41_minQ2=100_beamEffects_xAngle=-0.025_hiDiv_4.0007.eicrecon.edm4eic.root,1438.0
root://dtn-eic.jlab.org//volatile/eic/EPIC/RECO/25.08.0/epic_craterlake/DIS/NC/5x41/minQ2=100/pythia8NCDIS_5x41_minQ2=100_beamEffects_xAngle=-0.025_hiDiv_4.0008.eicrecon.edm4eic.root,1438.0
root://dtn-eic.jlab.org//volatile/eic/EPIC/RECO/25.08.0/epic_craterlake/DIS/NC/5x41/minQ2=100/pythia8NCDIS_5x41_minQ2=100_beamEffects_xAngle=-0.025_hiDiv_4.0009.eicrecon.edm4eic.root,1438.0
root://dtn-eic.jlab.org//volatile/eic/EPIC/RECO/25.08.0/epic_craterlake/DIS/NC/5x41/minQ2=100/pythia8NCDIS_5x41_minQ2=100_beamEffects_xAngle=-0.025_hiDiv_4.0010.eicrecon.edm4eic.root,1438.0
root://dtn-eic.jlab.org//volatile/eic/EPIC/RECO/25.08.0/epic_craterlake/DIS/NC/5x41/minQ2=100/pythia8NCDIS_5x41_minQ2=100_beamEffects_xAngle=-0.025_hiDiv_4.0011.eicrecon.edm4eic.root,1438.0
root://dtn-eic.jlab.org//volatile/eic/EPIC/RECO/25.08.0/epic_craterlake/DIS/NC/5x41/minQ2=100/pythia8NCDIS_5x41_minQ2=100_beamEffects_xAngle=-0.025_hiDiv_4.0012.eicrecon.edm4eic.root,1438.0
root://dtn-eic.jlab.org//volatile/eic/EPIC/RECO/25.08.0/epic_craterlake/DIS/NC/5x41/minQ2=100/pythia8NCDIS_5x41_minQ2=100_beamEffects_xAngle=-0.025_hiDiv_4.0013.eicrecon.edm4eic.root,1438.0
root://dtn-eic.jlab.org//volatile/eic/EPIC/RECO/25.08.0/epic_craterlake/DIS/NC/5x41/minQ2=100/pythia8NCDIS_5x41_minQ2=100_beamEffects_xAngle=-0.025_hiDiv_4.0014.eicrecon.edm4eic.root,1438.0
root://dtn-eic.jlab.org//volatile/eic/EPIC/RECO/25.08.0/epic_craterlake/DIS/NC/5x41/minQ2=100/pythia8NCDIS_5x41_minQ2=100_beamEffects_xAngle=-0.025_hiDiv_4.0015.eicrecon.edm4eic.root,1438.0
root://dtn-eic.jlab.org//volatile/eic/EPIC/RECO/25.08.0/epic_craterlake/DIS/NC/5x41/minQ2=100/pythia8NCDIS_5x41_minQ2=100_beamEffects_xAngle=-0.025_hiDiv_4.0016.eicrecon.edm4eic.root,1438.0
root://dtn-eic.jlab.org//volatile/eic/EPIC/RECO/25.08.0/epic_craterlake/DIS/NC/5x41/minQ2=100/pythia8NCDIS_5x41_minQ2=100_beamEffects_xAngle=-0.025_hiDiv_4.0017.eicrecon.edm4eic.root,1438.0
root://dtn-eic.jlab.org//volatile/eic/EPIC/RECO/25.08.0/epic_craterlake/DIS/NC/5x41/minQ2=100/pythia8NCDIS_5x41_minQ2=100_beamEffects_xAngle=-0.025_hiDiv_4.0018.eicrecon.edm4eic.root,1438.0
root://dtn-eic.jlab.org//volatile/eic/EPIC/RECO/25.08.0/epic_craterlake/DIS/NC/5x41/minQ2=100/pythia8NCDIS_5x41_minQ2=100_beamEffects_xAngle=-0.025_hiDiv_4.0019.eicrecon.edm4eic.root,1438.0
root://dtn-eic.jlab.org//volatile/eic/EPIC/RECO/25.08.0/epic_craterlake/DIS/NC/5x41/minQ2=100/pythia8NCDIS_5x41_minQ2=100_beamEffects_xAngle=-0.025_hiDiv_4.0020.eicrecon.edm4eic.root,1438.0
root://dtn-eic.jlab.org//volatile/eic/EPIC/RECO/25.08.0/epic_craterlake/DIS/NC/5x41/minQ2=100/pythia8NCDIS_5x41_minQ2=100_beamEffects_xAngle=-0.025_hiDiv_4.0021.eicrecon.edm4eic.root,1438.0
root://dtn-eic.jlab.org//volatile/eic/EPIC/RECO/25.08.0/epic_craterlake/DIS/NC/5x41/minQ2=100/pythia8NCDIS_5x41_minQ2=100_beamEffects_xAngle=-0.025_hiDiv_4.0022.eicrecon.edm4eic.root,1438.0
root://dtn-eic.jlab.org//volatile/eic/EPIC/RECO/25.08.0/epic_craterlake/DIS/NC/5x41/minQ2=100/pythia8NCDIS_5x41_minQ2=100_beamEffects_xAngle=-0.025_hiDiv_4.0023.eicrecon.edm4eic.root,1438.0
root://dtn-eic.jlab.org//volatile/eic/EPIC/RECO/25.08.0/epic_craterlake/DIS/NC/5x41/minQ2=100/pythia8NCDIS_5x41_minQ2=100_beamEffects_xAngle=-0.025_hiDiv_4.0024.eicrecon.edm4eic.root,1438.0
root://dtn-eic.jlab.org//volatile/eic/EPIC/RECO/25.08.0/epic_craterlake/DIS/NC/5x41/minQ2=100/pythia8NCDIS_5x41_minQ2=100_beamEffects_xAngle=-0.025_hiDiv_4.0025.eicrecon.edm4eic.root,1438.0
root://dtn-eic.jlab.org//volatile/eic/EPIC/RECO/25.08.0/epic_craterlake/DIS/NC/5x41/minQ2=100/pythia8NCDIS_5x41_minQ2=100_beamEffects_xAngle=-0.025_hiDiv_4.0026.eicrecon.edm4eic.root,1438.0
root://dtn-eic.jlab.org//volatile/eic/EPIC/RECO/25.08.0/epic_craterlake/DIS/NC/5x41/minQ2=100/pythia8NCDIS_5x41_minQ2=100_beamEffects_xAngle=-0.025_hiDiv_4.0027.eicrecon.edm4eic.root,1438.0
root://dtn-eic.jlab.org//volatile/eic/EPIC/RECO/25.08.0/epic_craterlake/DIS/NC/5x41/minQ2=100/pythia8NCDIS_5x41_minQ2=100_beamEffects_xAngle=-0.025_hiDiv_4.0028.eicrecon.edm4eic.root,1438.0
root://dtn-eic.jlab.org//volatile/eic/EPIC/RECO/25.08.0/epic_craterlake/DIS/NC/5x41/minQ2=100/pythia8NCDIS_5x41_minQ2=100_beamEffects_xAngle=-0.025_hiDiv_4.0029.eicrecon.edm4eic.root,1438.0
root://dtn-eic.jlab.org//volatile/eic/EPIC/RECO/25.08.0/epic_craterlake/DIS/NC/5x41/minQ2=100/pythia8NCDIS_5x41_minQ2=100_beamEffects_xAngle=-0.025_hiDiv_4.0030.eicrecon.edm4eic.root,1438.0
root://dtn-eic.jlab.org//volatile/eic/EPIC/RECO/25.08.0/epic_craterlake/DIS/NC/5x41/minQ2=100/pythia8NCDIS_5x41_minQ2=100_beamEffects_xAngle=-0.025_hiDiv_4.0031.eicrecon.edm4eic.root,1438.0
root://dtn-eic.jlab.org//volatile/eic/EPIC/RECO/25.08.0/epic_craterlake/DIS/NC/5x41/minQ2=100/pythia8NCDIS_5x41_minQ2=100_beamEffects_xAngle=-0.025_hiDiv_4.0032.eicrecon.edm4eic.root,1438.0
root://dtn-eic.jlab.org//volatile/eic/EPIC/RECO/25.08.0/epic_craterlake/DIS/NC/5x41/minQ2=100/pythia8NCDIS_5x41_minQ2=100_beamEffects_xAngle=-0.025_hiDiv_4.0033.eicrecon.edm4eic.root,1438.0
root://dtn-eic.jlab.org//volatile/eic/EPIC/RECO/25.08.0/epic_craterlake/DIS/NC/5x41/minQ2=100/pythia8NCDIS_5x41_minQ2=100_beamEffects_xAngle=-0.025_hiDiv_4.0034.eicrecon.edm4eic.root,1438.0
root://dtn-eic.jlab.org//volatile/eic/EPIC/RECO/25.08.0/epic_craterlake/DIS/NC/5x41/minQ2=100/pythia8NCDIS_5x41_minQ2=100_beamEffects_xAngle=-0.025_hiDiv_4.0035.eicrecon.edm4eic.root,1438.0
root://dtn-eic.jlab.org//volatile/eic/EPIC/RECO/25.08.0/epic_craterlake/DIS/NC/5x41/minQ2=100/pythia8NCDIS_5x41_minQ2=100_beamEffects_xAngle=-0.025_hiDiv_4.0036.eicrecon.edm4eic.root,1438.0
root://dtn-eic.jlab.org//volatile/eic/EPIC/RECO/25.08.0/epic_craterlake/DIS/NC/5x41/minQ2=100/pythia8NCDIS_5x41_minQ2=100_beamEffects_xAngle=-0.025_hiDiv_4.0037.eicrecon.edm4eic.root,1438.0
root://dtn-eic.jlab.org//volatile/eic/EPIC/RECO/25.08.0/epic_craterlake/DIS/NC/5x41/minQ2=100/pythia8NCDIS_5x41_minQ2=100_beamEffects_xAngle=-0.025_hiDiv_4.0038.eicrecon.edm4eic.root,1438.0
root://dtn-eic.jlab.org//volatile/eic/EPIC/RECO/25.08.0/epic_craterlake/DIS/NC/5x41/minQ2=100/pythia8NCDIS_5x41_minQ2=100_beamEffects_xAngle=-0.025_hiDiv_4.0039.eicrecon.edm4eic.root,1438.0
root://dtn-eic.jlab.org//volatile/eic/EPIC/RECO/25.08.0/epic_craterlake/DIS/NC/5x41/minQ2=100/pythia8NCDIS_5x41_minQ2=100_beamEffects_xAngle=-0.025_hiDiv_4.0040.eicrecon.edm4eic.root,1438.0
root://dtn-eic.jlab.org//volatile/eic/EPIC/RECO/25.08.0/epic_craterlake/DIS/NC/5x41/minQ2=100/pythia8NCDIS_5x41_minQ2=100_beamEffects_xAngle=-0.025_hiDiv_4.0041.eicrecon.edm4eic.root,1438.0
root://dtn-eic.jlab.org//volatile/eic/EPIC/RECO/25.08.0/epic_craterlake/DIS/NC/5x41/minQ2=100/pythia8NCDIS_5x41_minQ2=100_beamEffects_xAngle=-0.025_hiDiv_4.0042.eicrecon.edm4eic.root,1438.0
root://dtn-eic.jlab.org//volatile/eic/EPIC/RECO/25.08.0/epic_craterlake/DIS/NC/5x41/minQ2=100/pythia8NCDIS_5x41_minQ2=100_beamEffects_xAngle=-0.025_hiDiv_4.0043.eicrecon.edm4eic.root,1438.0
root://dtn-eic.jlab.org//volatile/eic/EPIC/RECO/25.08.0/epic_craterlake/DIS/NC/5x41/minQ2=100/pythia8NCDIS_5x41_minQ2=100_beamEffects_xAngle=-0.025_hiDiv_4.0044.eicrecon.edm4eic.root,1438.0
root://dtn-eic.jlab.org//volatile/eic/EPIC/RECO/25.08.0/epic_craterlake/DIS/NC/5x41/minQ2=100/pythia8NCDIS_5x41_minQ2=100_beamEffects_xAngle=-0.025_hiDiv_4.0045.eicrecon.edm4eic.root,1438.0
root://dtn-eic.jlab.org//volatile/eic/EPIC/RECO/25.08.0/epic_craterlake/DIS/NC/5x41/minQ2=100/pythia8NCDIS_5x41_minQ2=100_beamEffects_xAngle=-0.025_hiDiv_4.0046.eicrecon.edm4eic.root,1438.0
root://dtn-eic.jlab.org//volatile/eic/EPIC/RECO/25.08.0/epic_craterlake/DIS/NC/5x41/minQ2=100/pythia8NCDIS_5x41_minQ2=100_beamEffects_xAngle=-0.025_hiDiv_4.0047.eicrecon.edm4eic.root,1438.0
root://dtn-eic.jlab.org//volatile/eic/EPIC/RECO/25.08.0/epic_craterlake/DIS/NC/5x41/minQ2=100/pythia8NCDIS_5x41_minQ2=100_beamEffects_xAngle=-0.025_hiDiv_4.0048.eicrecon.edm4eic.root,1438.0
root://dtn-eic.jlab.org//volatile/eic/EPIC/RECO/25.08.0/epic_craterlake/DIS/NC/5x41/minQ2=100/pythia8NCDIS_5x41_minQ2=100_beamEffects_xAngle=-0.025_hiDiv_4.0049.eicrecon.edm4eic.root,1438.0
root://dtn-eic.jlab.org//volatile/eic/EPIC/RECO/25.08.0/epic_craterlake/DIS/NC/5x41/minQ2=100/pythia8NCDIS_5x41_minQ2=100_beamEffects_xAngle=-0.025_hiDiv_4.0050.eicrecon.edm4eic.root,1438.0
root://dtn-eic.jlab.org//volatile/eic/EPIC/RECO/25.08.0/epic_craterlake/DIS/NC/5x41/minQ2=100/pythia8NCDIS_5x41_minQ2=100_beamEffects_xAngle=-0.025_hiDiv_4.0051.eicrecon.edm4eic.root,1438.0
root://dtn-eic.jlab.org//volatile/eic/EPIC/RECO/25.08.0/epic_craterlake/DIS/NC/5x41/minQ2=100/pythia8NCDIS_5x41_minQ2=100_beamEffects_xAngle=-0.025_hiDiv_4.0052.eicrecon.edm4eic.root,1438.0
root://dtn-eic.jlab.org//volatile/eic/EPIC/RECO/25.08.0/epic_craterlake/DIS/NC/5x41/minQ2=100/pythia8NCDIS_5x41_minQ2=100_beamEffects_xAngle=-0.025_hiDiv_4.0053.eicrecon.edm4eic.root,1438.0
root://dtn-eic.jlab.org//volatile/eic/EPIC/RECO/25.08.0/epic_craterlake/DIS/NC/5x41/minQ2=100/pythia8NCDIS_5x41_minQ2=100_beamEffects_xAngle=-0.025_hiDiv_4.0054.eicrecon.edm4eic.root,1438.0
root://dtn-eic.jlab.org//volatile/eic/EPIC/RECO/25.08.0/epic_craterlake/DIS/NC/5x41/minQ2=100/pythia8NCDIS_5x41_minQ2=100_beamEffects_xAngle=-0.025_hiDiv_4.0055.eicrecon.edm4eic.root,1438.0
root://dtn-eic.jlab.org//volatile/eic/EPIC/RECO/25.08.0/epic_craterlake/DIS/NC/5x41/minQ2=100/pythia8NCDIS_5x41_minQ2=100_beamEffects_xAngle=-0.025_hiDiv_4.0056.eicrecon.edm4eic.root,1438.0
root://dtn-eic.jlab.org//volatile/eic/EPIC/RECO/25.08.0/epic_craterlake/DIS/NC/5x41/minQ2=100/pythia8NCDIS_5x41_minQ2=100_beamEffects_xAngle=-0.025_hiDiv_4.0057.eicrecon.edm4eic.root,1438.0
root://dtn-eic.jlab.org//volatile/eic/EPIC/RECO/25.08.0/epic_craterlake/DIS/NC/5x41/minQ2=100/pythia8NCDIS_5x41_minQ2=100_beamEffects_xAngle=-0.025_hiDiv_4.0058.eicrecon.edm4eic.root,1438.0
root://dtn-eic.jlab.org//volatile/eic/EPIC/RECO/25.08.0/epic_craterlake/DIS/NC/5x41/minQ2=100/pythia8NCDIS_5x41_minQ2=100_beamEffects_xAngle=-0.025_hiDiv_4.0059.eicrecon.edm4eic.root,1438.0
root://dtn-eic.jlab.org//volatile/eic/EPIC/RECO/25.08.0/epic_craterlake/DIS/NC/5x41/minQ2=100/pythia8NCDIS_5x41_minQ2=100_beamEffects_xAngle=-0.025_hiDiv_4.0060.eicrecon.edm4eic.root,1438.0
root://dtn-eic.jlab.org//volatile/eic/EPIC/RECO/25.08.0/epic_craterlake/DIS/NC/5x41/minQ2=100/pythia8NCDIS_5x41_minQ2=100_beamEffects_xAngle=-0.025_hiDiv_4.0061.eicrecon.edm4eic.root,1438.0
root://dtn-eic.jlab.org//volatile/eic/EPIC/RECO/25.08.0/epic_craterlake/DIS/NC/5x41/minQ2=100/pythia8NCDIS_5x41_minQ2=100_beamEffects_xAngle=-0.025_hiDiv_4.0062.eicrecon.edm4eic.root,1438.0
root://dtn-eic.jlab.org//volatile/eic/EPIC/RECO/25.08.0/epic_craterlake/DIS/NC/5x41/minQ2=100/pythia8NCDIS_5x41_minQ2=100_beamEffects_xAngle=-0.025_hiDiv_4.0063.eicrecon.edm4eic.root,1438.0
root://dtn-eic.jlab.org//volatile/eic/EPIC/RECO/25.08.0/epic_craterlake/DIS/NC/5x41/minQ2=100/pythia8NCDIS_5x41_minQ2=100_beamEffects_xAngle=-0.025_hiDiv_4.0064.eicrecon.edm4eic.root,1438.0
root://dtn-eic.jlab.org//volatile/eic/EPIC/RECO/25.08.0/epic_craterlake/DIS/NC/5x41/minQ2=100/pythia8NCDIS_5x41_minQ2=100_beamEffects_xAngle=-0.025_hiDiv_4.0065.eicrecon.edm4eic.root,1438.0
root://dtn-eic.jlab.org//volatile/eic/EPIC/RECO/25.08.0/epic_craterlake/DIS/NC/5x41/minQ2=100/pythia8NCDIS_5x41_minQ2=100_beamEffects_xAngle=-0.025_hiDiv_4.0066.eicrecon.edm4eic.root,1438.0
root://dtn-eic.jlab.org//volatile/eic/EPIC/RECO/25.08.0/epic_craterlake/DIS/NC/5x41/minQ2=100/pythia8NCDIS_5x41_minQ2=100_beamEffects_xAngle=-0.025_hiDiv_4.0067.eicrecon.edm4eic.root,1438.0
root://dtn-eic.jlab.org//volatile/eic/EPIC/RECO/25.08.0/epic_craterlake/DIS/NC/5x41/minQ2=100/pythia8NCDIS_5x41_minQ2=100_beamEffects_xAngle=-0.025_hiDiv_4.0068.eicrecon.edm4eic.root,1438.0
root://dtn-eic.jlab.org//volatile/eic/EPIC/RECO/25.08.0/epic_craterlake/DIS/NC/5x41/minQ2=100/pythia8NCDIS_5x41_minQ2=100_beamEffects_xAngle=-0.025_hiDiv_4.0069.eicrecon.edm4eic.root,1438.0
root://dtn-eic.jlab.org//volatile/eic/EPIC/RECO/25.08.0/epic_craterlake/DIS/NC/5x41/minQ2=100/pythia8NCDIS_5x41_minQ2=100_beamEffects_xAngle=-0.025_hiDiv_4.0070.eicrecon.edm4eic.root,1438.0
root://dtn-eic.jlab.org//volatile/eic/EPIC/RECO/25.08.0/epic_craterlake/DIS/NC/5x41/minQ2=100/pythia8NCDIS_5x41_minQ2=100_beamEffects_xAngle=-0.025_hiDiv_4.0071.eicrecon.edm4eic.root,1438.0
root://dtn-eic.jlab.org//volatile/eic/EPIC/RECO/25.08.0/epic_craterlake/DIS/NC/5x41/minQ2=100/pythia8NCDIS_5x41_minQ2=100_beamEffects_xAngle=-0.025_hiDiv_4.0072.eicrecon.edm4eic.root,1438.0
root://dtn-eic.jlab.org//volatile/eic/EPIC/RECO/25.08.0/epic_craterlake/DIS/NC/5x41/minQ2=100/pythia8NCDIS_5x41_minQ2=100_beamEffects_xAngle=-0.025_hiDiv_4.0073.eicrecon.edm4eic.root,1438.0
root://dtn-eic.jlab.org//volatile/eic/EPIC/RECO/25.08.0/epic_craterlake/DIS/NC/5x41/minQ2=100/pythia8NCDIS_5x41_minQ2=100_beamEffects_xAngle=-0.025_hiDiv_4.0074.eicrecon.edm4eic.root,1438.0
root://dtn-eic.jlab.org//volatile/eic/EPIC/RECO/25.08.0/epic_craterlake/DIS/NC/5x41/minQ2=100/pythia8NCDIS_5x41_minQ2=100_beamEffects_xAngle=-0.025_hiDiv_4.0075.eicrecon.edm4eic.root,1438.0
root://dtn-eic.jlab.org//volatile/eic/EPIC/RECO/25.08.0/epic_craterlake/DIS/NC/5x41/minQ2=100/pythia8NCDIS_5x41_minQ2=100_beamEffects_xAngle=-0.025_hiDiv_4.0076.eicrecon.edm4eic.root,1438.0
root://dtn-eic.jlab.org//volatile/eic/EPIC/RECO/25.08.0/epic_craterlake/DIS/NC/5x41/minQ2=100/pythia8NCDIS_5x41_minQ2=100_beamEffects_xAngle=-0.025_hiDiv_4.0077.eicrecon.edm4eic.root,1438.0
root://dtn-eic.jlab.org//volatile/eic/EPIC/RECO/25.08.0/epic_craterlake/DIS/NC/5x41/minQ2=100/pythia8NCDIS_5x41_minQ2=100_beamEffects_xAngle=-0.025_hiDiv_4.0078.eicrecon.edm4eic.root,1438.0
root://dtn-eic.jlab.org//volatile/eic/EPIC/RECO/25.08.0/epic_craterlake/DIS/NC/5x41/minQ2=100/pythia8NCDIS_5x41_minQ2=100_beamEffects_xAngle=-0.025_hiDiv_4.0079.eicrecon.edm4eic.root,1438.0
root://dtn-eic.jlab.org//volatile/eic/EPIC/RECO/25.08.0/epic_craterlake/DIS/NC/5x41/minQ2=100/pythia8NCDIS_5x41_minQ2=100_beamEffects_xAngle=-0.025_hiDiv_4.0080.eicrecon.edm4eic.root,1438.0
root://dtn-eic.jlab.org//volatile/eic/EPIC/RECO/25.08.0/epic_craterlake/DIS/NC/5x41/minQ2=100/pythia8NCDIS_5x41_minQ2=100_beamEffects_xAngle=-0.025_hiDiv_4.0081.eicrecon.edm4eic.root,1438.0
root://dtn-eic.jlab.org//volatile/eic/EPIC/RECO/25.08.0/epic_craterlake/DIS/NC/5x41/minQ2=100/pythia8NCDIS_5x41_minQ2=100_beamEffects_xAngle=-0.025_hiDiv_4.0082.eicrecon.edm4eic.root,1438.0
root://dtn-eic.jlab.org//volatile/eic/EPIC/RECO/25.08.0/epic_craterlake/DIS/NC/5x41/minQ2=100/pythia8NCDIS_5x41_minQ2=100_beamEffects_xAngle=-0.025_hiDiv_4.0083.eicrecon.edm4eic.root,1438.0
root://dtn-eic.jlab.org//volatile/eic/EPIC/RECO/25.08.0/epic_craterlake/DIS/NC/5x41/minQ2=100/pythia8NCDIS_5x41_minQ2=100_beamEffects_xAngle=-0.025_hiDiv_4.0084.eicrecon.edm4eic.root,1438.0
root://dtn-eic.jlab.org//volatile/eic/EPIC/RECO/25.08.0/epic_craterlake/DIS/NC/5x41/minQ2=100/pythia8NCDIS_5x41_minQ2=100_beamEffects_xAngle=-0.025_hiDiv_4.0085.eicrecon.edm4eic.root,1438.0
root://dtn-eic.jlab.org//volatile/eic/EPIC/RECO/25.08.0/epic_craterlake/DIS/NC/5x41/minQ2=100/pythia8NCDIS_5x41_minQ2=100_beamEffects_xAngle=-0.025_hiDiv_4.0086.eicrecon.edm4eic.root,1438.0
root://dtn-eic.jlab.org//volatile/eic/EPIC/RECO/25.08.0/epic_craterlake/DIS/NC/5x41/minQ2=100/pythia8NCDIS_5x41_minQ2=100_beamEffects_xAngle=-0.025_hiDiv_4.0087.eicrecon.edm4eic.root,1438.0
root://dtn-eic.jlab.org//volatile/eic/EPIC/RECO/25.08.0/epic_craterlake/DIS/NC/5x41/minQ2=100/pythia8NCDIS_5x41_minQ2=100_beamEffects_xAngle=-0.025_hiDiv_4.0088.eicrecon.edm4eic.root,1438.0
root://dtn-eic.jlab.org//volatile/eic/EPIC/RECO/25.08.0/epic_craterlake/DIS/NC/5x41/minQ2=100/pythia8NCDIS_5x41_minQ2=100_beamEffects_xAngle=-0.025_hiDiv_4.0089.eicrecon.edm4eic.root,1438.0
root://dtn-eic.jlab.org//volatile/eic/EPIC/RECO/25.08.0/epic_craterlake/DIS/NC/5x41/minQ2=100/pythia8NCDIS_5x41_minQ2=100_beamEffects_xAngle=-0.025_hiDiv_4.0090.eicrecon.edm4eic.root,1438.0
root://dtn-eic.jlab.org//volatile/eic/EPIC/RECO/25.08.0/epic_craterlake/DIS/NC/5x41/minQ2=100/pythia8NCDIS_5x41_minQ2=100_beamEffects_xAngle=-0.025_hiDiv_4.0091.eicrecon.edm4eic.root,1438.0
root://dtn-eic.jlab.org//volatile/eic/EPIC/RECO/25.08.0/epic_craterlake/DIS/NC/5x41/minQ2=100/pythia8NCDIS_5x41_minQ2=100_beamEffects_xAngle=-0.025_hiDiv_4.0092.eicrecon.edm4eic.root,1438.0
root://dtn-eic.jlab.org//volatile/eic/EPIC/RECO/25.08.0/epic_craterlake/DIS/NC/5x41/minQ2=100/pythia8NCDIS_5x41_minQ2=100_beamEffects_xAngle=-0.025_hiDiv_4.0093.eicrecon.edm4eic.root,1438.0
root://dtn-eic.jlab.org//volatile/eic/EPIC/RECO/25.08.0/epic_craterlake/DIS/NC/5x41/minQ2=100/pythia8NCDIS_5x41_minQ2=100_beamEffects_xAngle=-0.025_hiDiv_4.0094.eicrecon.edm4eic.root,1438.0
root://dtn-eic.jlab.org//volatile/eic/EPIC/RECO/25.08.0/epic_craterlake/DIS/NC/5x41/minQ2=100/pythia8NCDIS_5x41_minQ2=100_beamEffects_xAngle=-0.025_hiDiv_4.0095.eicrecon.edm4eic.root,1438.0
root://dtn-eic.jlab.org//volatile/eic/EPIC/RECO/25.08.0/epic_craterlake/DIS/NC/5x41/minQ2=100/pythia8NCDIS_5x41_minQ2=100_beamEffects_xAngle=-0.025_hiDiv_4.0096.eicrecon.edm4eic.root,1438.0
root://dtn-eic.jlab.org//volatile/eic/EPIC/RECO/25.08.0/epic_craterlake/DIS/NC/5x41/minQ2=100/pythia8NCDIS_5x41_minQ2=100_beamEffects_xAngle=-0.025_hiDiv_4.0097.eicrecon.edm4eic.root,1438.0
root://dtn-eic.jlab.org//volatile/eic/EPIC/RECO/25.08.0/epic_craterlake/DIS/NC/5x41/minQ2=100/pythia8NCDIS_5x41_minQ2=100_beamEffects_xAngle=-0.025_hiDiv_4.0098.eicrecon.edm4eic.root,1438.0
root://dtn-eic.jlab.org//volatile/eic/EPIC/RECO/25.08.0/epic_craterlake/DIS/NC/5x41/minQ2=100/pythia8NCDIS_5x41_minQ2=100_beamEffects_xAngle=-0.025_hiDiv_4.0099.eicrecon.edm4eic.root,1438.0
root://dtn-eic.jlab.org//volatile/eic/EPIC/RECO/25.08.0/epic_craterlake/DIS/NC/5x41/minQ2=100/pythia8NCDIS_5x41_minQ2=100_beamEffects_xAngle=-0.025_hiDiv_4.0100.eicrecon.edm4eic.root,1438.0
root://dtn-eic.jlab.org//volatile/eic/EPIC/RECO/25.08.0/epic_craterlake/DIS/NC/5x41/minQ2=100/pythia8NCDIS_5x41_minQ2=100_beamEffects_xAngle=-0.025_hiDiv_4.0101.eicrecon.edm4eic.root,1438.0
root://dtn-eic.jlab.org//volatile/eic/EPIC/RECO/25.08.0/epic_craterlake/DIS/NC/5x41/minQ2=100/pythia8NCDIS_5x41_minQ2=100_beamEffects_xAngle=-0.025_hiDiv_4.0102.eicrecon.edm4eic.root,1438.0
root://dtn-eic.jlab.org//volatile/eic/EPIC/RECO/25.08.0/epic_craterlake/DIS/NC/5x41/minQ2=100/pythia8NCDIS_5x41_minQ2=100_beamEffects_xAngle=-0.025_hiDiv_4.0103.eicrecon.edm4eic.root,1438.0
root://dtn-eic.jlab.org//volatile/eic/EPIC/RECO/25.08.0/epic_craterlake/DIS/NC/5x41/minQ2=100/pythia8NCDIS_5x41_minQ2=100_beamEffects_xAngle=-0.025_hiDiv_4.0104.eicrecon.edm4eic.root,1438.0
root://dtn-eic.jlab.org//volatile/eic/EPIC/RECO/25.08.0/epic_craterlake/DIS/NC/5x41/minQ2=100/pythia8NCDIS_5x41_minQ2=100_beamEffects_xAngle=-0.025_hiDiv_4.0105.eicrecon.edm4eic.root,1438.0
root://dtn-eic.jlab.org//volatile/eic/EPIC/RECO/25.08.0/epic_craterlake/DIS/NC/5x41/minQ2=100/pythia8NCDIS_5x41_minQ2=100_beamEffects_xAngle=-0.025_hiDiv_4.0106.eicrecon.edm4eic.root,1438.0
root://dtn-eic.jlab.org//volatile/eic/EPIC/RECO/25.08.0/epic_craterlake/DIS/NC/5x41/minQ2=100/pythia8NCDIS_5x41_minQ2=100_beamEffects_xAngle=-0.025_hiDiv_4.0107.eicrecon.edm4eic.root,1438.0
root://dtn-eic.jlab.org//volatile/eic/EPIC/RECO/25.08.0/epic_craterlake/DIS/NC/5x41/minQ2=100/pythia8NCDIS_5x41_minQ2=100_beamEffects_xAngle=-0.025_hiDiv_4.0108.eicrecon.edm4eic.root,1438.0
root://dtn-eic.jlab.org//volatile/eic/EPIC/RECO/25.08.0/epic_craterlake/DIS/NC/5x41/minQ2=100/pythia8NCDIS_5x41_minQ2=100_beamEffects_xAngle=-0.025_hiDiv_4.0109.eicrecon.edm4eic.root,1438.0
root://dtn-eic.jlab.org//volatile/eic/EPIC/RECO/25.08.0/epic_craterlake/DIS/NC/5x41/minQ2=100/pythia8NCDIS_5x41_minQ2=100_beamEffects_xAngle=-0.025_hiDiv_4.0110.eicrecon.edm4eic.root,1438.0
root://dtn-eic.jlab.org//volatile/eic/EPIC/RECO/25.08.0/epic_craterlake/DIS/NC/5x41/minQ2=100/pythia8NCDIS_5x41_minQ2=100_beamEffects_xAngle=-0.025_hiDiv_4.0111.eicrecon.edm4eic.root,1438.0
root://dtn-eic.jlab.org//volatile/eic/EPIC/RECO/25.08.0/epic_craterlake/DIS/NC/5x41/minQ2=100/pythia8NCDIS_5x41_minQ2=100_beamEffects_xAngle=-0.025_hiDiv_4.0112.eicrecon.edm4eic.root,1438.0
root://dtn-eic.jlab.org//volatile/eic/EPIC/RECO/25.08.0/epic_craterlake/DIS/NC/5x41/minQ2=100/pythia8NCDIS_5x41_minQ2=100_beamEffects_xAngle=-0.025_hiDiv_4.0113.eicrecon.edm4eic.root,1438.0
root://dtn-eic.jlab.org//volatile/eic/EPIC/RECO/25.08.0/epic_craterlake/DIS/NC/5x41/minQ2=100/pythia8NCDIS_5x41_minQ2=100_beamEffects_xAngle=-0.025_hiDiv_4.0114.eicrecon.edm4eic.root,1438.0
root://dtn-eic.jlab.org//volatile/eic/EPIC/RECO/25.08.0/epic_craterlake/DIS/NC/5x41/minQ2=100/pythia8NCDIS_5x41_minQ2=100_beamEffects_xAngle=-0.025_hiDiv_4.0115.eicrecon.edm4eic.root,1438.0
root://dtn-eic.jlab.org//volatile/eic/EPIC/RECO/25.08.0/epic_craterlake/DIS/NC/5x41/minQ2=100/pythia8NCDIS_5x41_minQ2=100_beamEffects_xAngle=-0.025_hiDiv_4.0116.eicrecon.edm4eic.root,1438.0
root://dtn-eic.jlab.org//volatile/eic/EPIC/RECO/25.08.0/epic_craterlake/DIS/NC/5x41/minQ2=100/pythia8NCDIS_5x41_minQ2=100_beamEffects_xAngle=-0.025_hiDiv_4.0117.eicrecon.edm4eic.root,1438.0
root://dtn-eic.jlab.org//volatile/eic/EPIC/RECO/25.08.0/epic_craterlake/DIS/NC/5x41/minQ2=100/pythia8NCDIS_5x41_minQ2=100_beamEffects_xAngle=-0.025_hiDiv_4.0118.eicrecon.edm4eic.root,1438.0
root://dtn-eic.jlab.org//volatile/eic/EPIC/RECO/25.08.0/epic_craterlake/DIS/NC/5x41/minQ2=100/pythia8NCDIS_5x41_minQ2=100_beamEffects_xAngle=-0.025_hiDiv_4.0119.eicrecon.edm4eic.root,1438.0
root://dtn-eic.jlab.org//volatile/eic/EPIC/RECO/25.08.0/epic_craterlake/DIS/NC/5x41/minQ2=100/pythia8NCDIS_5x41_minQ2=100_beamEffects_xAngle=-0.025_hiDiv_4.0120.eicrecon.edm4eic.root,1438.0
root://dtn-eic.jlab.org//volatile/eic/EPIC/RECO/25.08.0/epic_craterlake/DIS/NC/5x41/minQ2=100/pythia8NCDIS_5x41_minQ2=100_beamEffects_xAngle=-0.025_hiDiv_4.0121.eicrecon.edm4eic.root,1438.0
root://dtn-eic.jlab.org//volatile/eic/EPIC/RECO/25.08.0/epic_craterlake/DIS/NC/5x41/minQ2=100/pythia8NCDIS_5x41_minQ2=100_beamEffects_xAngle=-0.025_hiDiv_4.0122.eicrecon.edm4eic.root,1438.0
root://dtn-eic.jlab.org//volatile/eic/EPIC/RECO/25.08.0/epic_craterlake/DIS/NC/5x41/minQ2=100/pythia8NCDIS_5x41_minQ2=100_beamEffects_xAngle=-0.025_hiDiv_4.0123.eicrecon.edm4eic.root,1438.0
root://dtn-eic.jlab.org//volatile/eic/EPIC/RECO/25.08.0/epic_craterlake/DIS/NC/5x41/minQ2=100/pythia8NCDIS_5x41_minQ2=100_beamEffects_xAngle=-0.025_hiDiv_4.0124.eicrecon.edm4eic.root,1438.0
root://dtn-eic.jlab.org//volatile/eic/EPIC/RECO/25.08.0/epic_craterlake/DIS/NC/5x41/minQ2=100/pythia8NCDIS_5x41_minQ2=100_beamEffects_xAngle=-0.025_hiDiv_4.0125.eicrecon.edm4eic.root,1438.0
root://dtn-eic.jlab.org//volatile/eic/EPIC/RECO/25.08.0/epic_craterlake/DIS/NC/5x41/minQ2=100/pythia8NCDIS_5x41_minQ2=100_beamEffects_xAngle=-0.025_hiDiv_4.0126.eicrecon.edm4eic.root,1438.0
root://dtn-eic.jlab.org//volatile/eic/EPIC/RECO/25.08.0/epic_craterlake/DIS/NC/5x41/minQ2=100/pythia8NCDIS_5x41_minQ2=100_beamEffects_xAngle=-0.025_hiDiv_4.0127.eicrecon.edm4eic.root,1438.0
root://dtn-eic.jlab.org//volatile/eic/EPIC/RECO/25.08.0/epic_craterlake/DIS/NC/5x41/minQ2=100/pythia8NCDIS_5x41_minQ2=100_beamEffects_xAngle=-0.025_hiDiv_4.0128.eicrecon.edm4eic.root,1438.0
root://dtn-eic.jlab.org//volatile/eic/EPIC/RECO/25.08.0/epic_craterlake/DIS/NC/5x41/minQ2=100/pythia8NCDIS_5x41_minQ2=100_beamEffects_xAngle=-0.025_hiDiv_4.0129.eicrecon.edm4eic.root,1438.0
root://dtn-eic.jlab.org//volatile/eic/EPIC/RECO/25.08.0/epic_craterlake/DIS/NC/5x41/minQ2=100/pythia8NCDIS_5x41_minQ2=100_beamEffects_xAngle=-0.025_hiDiv_4.0130.eicrecon.edm4eic.root,1438.0
root://dtn-eic.jlab.org//volatile/eic/EPIC/RECO/25.08.0/epic_craterlake/DIS/NC/5x41/minQ2=100/pythia8NCDIS_5x41_minQ2=100_beamEffects_xAngle=-0.025_hiDiv_4.0131.eicrecon.edm4eic.root,1438.0
root://dtn-eic.jlab.org//volatile/eic/EPIC/RECO/25.08.0/epic_craterlake/DIS/NC/5x41/minQ2=100/pythia8NCDIS_5x41_minQ2=100_beamEffects_xAngle=-0.025_hiDiv_4.0132.eicrecon.edm4eic.root,1438.0
root://dtn-eic.jlab.org//volatile/eic/EPIC/RECO/25.08.0/epic_craterlake/DIS/NC/5x41/minQ2=100/pythia8NCDIS_5x41_minQ2=100_beamEffects_xAngle=-0.025_hiDiv_4.0133.eicrecon.edm4eic.root,1438.0
root://dtn-eic.jlab.org//volatile/eic/EPIC/RECO/25.08.0/epic_craterlake/DIS/NC/5x41/minQ2=100/pythia8NCDIS_5x41_minQ2=100_beamEffects_xAngle=-0.025_hiDiv_4.0134.eicrecon.edm4eic.root,1438.0
root://dtn-eic.jlab.org//volatile/eic/EPIC/RECO/25.08.0/epic_craterlake/DIS/NC/5x41/minQ2=100/pythia8NCDIS_5x41_minQ2=100_beamEffects_xAngle=-0.025_hiDiv_4.0135.eicrecon.edm4eic.root,1438.0
root://dtn-eic.jlab.org//volatile/eic/EPIC/RECO/25.08.0/epic_craterlake/DIS/NC/5x41/minQ2=100/pythia8NCDIS_5x41_minQ2=100_beamEffects_xAngle=-0.025_hiDiv_4.0136.eicrecon.edm4eic.root,1438.0
root://dtn-eic.jlab.org//volatile/eic/EPIC/RECO/25.08.0/epic_craterlake/DIS/NC/5x41/minQ2=100/pythia8NCDIS_5x41_minQ2=100_beamEffects_xAngle=-0.025_hiDiv_4.0137.eicrecon.edm4eic.root,1438.0
root://dtn-eic.jlab.org//volatile/eic/EPIC/RECO/25.08.0/epic_craterlake/DIS/NC/5x41/minQ2=100/pythia8NCDIS_5x41_minQ2=100_beamEffects_xAngle=-0.025_hiDiv_4.0138.eicrecon.edm4eic.root,1438.0
root://dtn-eic.jlab.org//volatile/eic/EPIC/RECO/25.08.0/epic_craterlake/DIS/NC/5x41/minQ2=100/pythia8NCDIS_5x41_minQ2=100_beamEffects_xAngle=-0.025_hiDiv_4.0139.eicrecon.edm4eic.root,1438.0
root://dtn-eic.jlab.org//volatile/eic/EPIC/RECO/25.08.0/epic_craterlake/DIS/NC/5x41/minQ2=100/pythia8NCDIS_5x41_minQ2=100_beamEffects_xAngle=-0.025_hiDiv_4.0140.eicrecon.edm4eic.root,1438.0
root://dtn-eic.jlab.org//volatile/eic/EPIC/RECO/25.08.0/epic_craterlake/DIS/NC/5x41/minQ2=100/pythia8NCDIS_5x41_minQ2=100_beamEffects_xAngle=-0.025_hiDiv_4.0141.eicrecon.edm4eic.root,1438.0
root://dtn-eic.jlab.org//volatile/eic/EPIC/RECO/25.08.0/epic_craterlake/DIS/NC/5x41/minQ2=100/pythia8NCDIS_5x41_minQ2=100_beamEffects_xAngle=-0.025_hiDiv_4.0142.eicrecon.edm4eic.root,1438.0
root://dtn-eic.jlab.org//volatile/eic/EPIC/RECO/25.08.0/epic_craterlake/DIS/NC/5x41/minQ2=100/pythia8NCDIS_5x41_minQ2=100_beamEffects_xAngle=-0.025_hiDiv_4.0143.eicrecon.edm4eic.root,1438.0
root://dtn-eic.jlab.org//volatile/eic/EPIC/RECO/25.08.0/epic_craterlake/DIS/NC/5x41/minQ2=100/pythia8NCDIS_5x41_minQ2=100_beamEffects_xAngle=-0.025_hiDiv_4.0144.eicrecon.edm4eic.root,1438.0
root://dtn-eic.jlab.org//volatile/eic/EPIC/RECO/25.08.0/epic_craterlake/DIS/NC/5x41/minQ2=100/pythia8NCDIS_5x41_minQ2=100_beamEffects_xAngle=-0.025_hiDiv_4.0145.eicrecon.edm4eic.root,1438.0
root://dtn-eic.jlab.org//volatile/eic/EPIC/RECO/25.08.0/epic_craterlake/DIS/NC/5x41/minQ2=100/pythia8NCDIS_5x41_minQ2=100_beamEffects_xAngle=-0.025_hiDiv_4.0146.eicrecon.edm4eic.root,1438.0
root://dtn-eic.jlab.org//volatile/eic/EPIC/RECO/25.08.0/epic_craterlake/DIS/NC/5x41/minQ2=100/pythia8NCDIS_5x41_minQ2=100_beamEffects_xAngle=-0.025_hiDiv_4.0147.eicrecon.edm4eic.root,1438.0
root://dtn-eic.jlab.org//volatile/eic/EPIC/RECO/25.08.0/epic_craterlake/DIS/NC/5x41/minQ2=100/pythia8NCDIS_5x41_minQ2=100_beamEffects_xAngle=-0.025_hiDiv_4.0148.eicrecon.edm4eic.root,1438.0
root://dtn-eic.jlab.org//volatile/eic/EPIC/RECO/25.08.0/epic_craterlake/DIS/NC/5x41/minQ2=100/pythia8NCDIS_5x41_minQ2=100_beamEffects_xAngle=-0.025_hiDiv_4.0149.eicrecon.edm4eic.root,1438.0
root://dtn-eic.jlab.org//volatile/eic/EPIC/RECO/25.08.0/epic_craterlake/DIS/NC/5x41/minQ2=100/pythia8NCDIS_5x41_minQ2=100_beamEffects_xAngle=-0.025_hiDiv_4.0150.eicrecon.edm4eic.root,1438.0
root://dtn-eic.jlab.org//volatile/eic/EPIC/RECO/25.08.0/epic_craterlake/DIS/NC/5x41/minQ2=100/pythia8NCDIS_5x41_minQ2=100_beamEffects_xAngle=-0.025_hiDiv_4.0151.eicrecon.edm4eic.root,1438.0
root://dtn-eic.jlab.org//volatile/eic/EPIC/RECO/25.08.0/epic_craterlake/DIS/NC/5x41/minQ2=100/pythia8NCDIS_5x41_minQ2=100_beamEffects_xAngle=-0.025_hiDiv_4.0152.eicrecon.edm4eic.root,1438.0
root://dtn-eic.jlab.org//volatile/eic/EPIC/RECO/25.08.0/epic_craterlake/DIS/NC/5x41/minQ2=100/pythia8NCDIS_5x41_minQ2=100_beamEffects_xAngle=-0.025_hiDiv_4.0153.eicrecon.edm4eic.root,1438.0
root://dtn-eic.jlab.org//volatile/eic/EPIC/RECO/25.08.0/epic_craterlake/DIS/NC/5x41/minQ2=100/pythia8NCDIS_5x41_minQ2=100_beamEffects_xAngle=-0.025_hiDiv_4.0154.eicrecon.edm4eic.root,1438.0
root://dtn-eic.jlab.org//volatile/eic/EPIC/RECO/25.08.0/epic_craterlake/DIS/NC/5x41/minQ2=100/pythia8NCDIS_5x41_minQ2=100_beamEffects_xAngle=-0.025_hiDiv_4.0155.eicrecon.edm4eic.root,1438.0
root://dtn-eic.jlab.org//volatile/eic/EPIC/RECO/25.08.0/epic_craterlake/DIS/NC/5x41/minQ2=100/pythia8NCDIS_5x41_minQ2=100_beamEffects_xAngle=-0.025_hiDiv_4.0156.eicrecon.edm4eic.root,1438.0
root://dtn-eic.jlab.org//volatile/eic/EPIC/RECO/25.08.0/epic_craterlake/DIS/NC/5x41/minQ2=100/pythia8NCDIS_5x41_minQ2=100_beamEffects_xAngle=-0.025_hiDiv_4.0157.eicrecon.edm4eic.root,1438.0
root://dtn-eic.jlab.org//volatile/eic/EPIC/RECO/25.08.0/epic_craterlake/DIS/NC/5x41/minQ2=100/pythia8NCDIS_5x41_minQ2=100_beamEffects_xAngle=-0.025_hiDiv_4.0158.eicrecon.edm4eic.root,1438.0
root://dtn-eic.jlab.org//volatile/eic/EPIC/RECO/25.08.0/epic_craterlake/DIS/NC/5x41/minQ2=100/pythia8NCDIS_5x41_minQ2=100_beamEffects_xAngle=-0.025_hiDiv_4.0159.eicrecon.edm4eic.root,1438.0
root://dtn-eic.jlab.org//volatile/eic/EPIC/RECO/25.08.0/epic_craterlake/DIS/NC/5x41/minQ2=100/pythia8NCDIS_5x41_minQ2=100_beamEffects_xAngle=-0.025_hiDiv_4.0160.eicrecon.edm4eic.root,1438.0
root://dtn-eic.jlab.org//volatile/eic/EPIC/RECO/25.08.0/epic_craterlake/DIS/NC/5x41/minQ2=100/pythia8NCDIS_5x41_minQ2=100_beamEffects_xAngle=-0.025_hiDiv_4.0161.eicrecon.edm4eic.root,1438.0
root://dtn-eic.jlab.org//volatile/eic/EPIC/RECO/25.08.0/epic_craterlake/DIS/NC/5x41/minQ2=100/pythia8NCDIS_5x41_minQ2=100_beamEffects_xAngle=-0.025_hiDiv_4.0162.eicrecon.edm4eic.root,1438.0
root://dtn-eic.jlab.org//volatile/eic/EPIC/RECO/25.08.0/epic_craterlake/DIS/NC/5x41/minQ2=100/pythia8NCDIS_5x41_minQ2=100_beamEffects_xAngle=-0.025_hiDiv_4.0163.eicrecon.edm4eic.root,1438.0
root://dtn-eic.jlab.org//volatile/eic/EPIC/RECO/25.08.0/epic_craterlake/DIS/NC/5x41/minQ2=100/pythia8NCDIS_5x41_minQ2=100_beamEffects_xAngle=-0.025_hiDiv_4.0164.eicrecon.edm4eic.root,1438.0
root://dtn-eic.jlab.org//volatile/eic/EPIC/RECO/25.08.0/epic_craterlake/DIS/NC/5x41/minQ2=100/pythia8NCDIS_5x41_minQ2=100_beamEffects_xAngle=-0.025_hiDiv_4.0165.eicrecon.edm4eic.root,1438.0
root://dtn-eic.jlab.org//volatile/eic/EPIC/RECO/25.08.0/epic_craterlake/DIS/NC/5x41/minQ2=100/pythia8NCDIS_5x41_minQ2=100_beamEffects_xAngle=-0.025_hiDiv_4.0166.eicrecon.edm4eic.root,1438.0
root://dtn-eic.jlab.org//volatile/eic/EPIC/RECO/25.08.0/epic_craterlake/DIS/NC/5x41/minQ2=100/pythia8NCDIS_5x41_minQ2=100_beamEffects_xAngle=-0.025_hiDiv_4.0167.eicrecon.edm4eic.root,1438.0
root://dtn-eic.jlab.org//volatile/eic/EPIC/RECO/25.08.0/epic_craterlake/DIS/NC/5x41/minQ2=100/pythia8NCDIS_5x41_minQ2=100_beamEffects_xAngle=-0.025_hiDiv_4.0168.eicrecon.edm4eic.root,1438.0
root://dtn-eic.jlab.org//volatile/eic/EPIC/RECO/25.08.0/epic_craterlake/DIS/NC/5x41/minQ2=100/pythia8NCDIS_5x41_minQ2=100_beamEffects_xAngle=-0.025_hiDiv_4.0169.eicrecon.edm4eic.root,1438.0
root://dtn-eic.jlab.org//volatile/eic/EPIC/RECO/25.08.0/epic_craterlake/DIS/NC/5x41/minQ2=100/pythia8NCDIS_5x41_minQ2=100_beamEffects_xAngle=-0.025_hiDiv_4.0170.eicrecon.edm4eic.root,1438.0
root://dtn-eic.jlab.org//volatile/eic/EPIC/RECO/25.08.0/epic_craterlake/DIS/NC/5x41/minQ2=100/pythia8NCDIS_5x41_minQ2=100_beamEffects_xAngle=-0.025_hiDiv_4.0171.eicrecon.edm4eic.root,1438.0
root://dtn-eic.jlab.org//volatile/eic/EPIC/RECO/25.08.0/epic_craterlake/DIS/NC/5x41/minQ2=100/pythia8NCDIS_5x41_minQ2=100_beamEffects_xAngle=-0.025_hiDiv_4.0172.eicrecon.edm4eic.root,1438.0
root://dtn-eic.jlab.org//volatile/eic/EPIC/RECO/25.08.0/epic_craterlake/DIS/NC/5x41/minQ2=100/pythia8NCDIS_5x41_minQ2=100_beamEffects_xAngle=-0.025_hiDiv_4.0173.eicrecon.edm4eic.root,1438.0
root://dtn-eic.jlab.org//volatile/eic/EPIC/RECO/25.08.0/epic_craterlake/DIS/NC/5x41/minQ2=100/pythia8NCDIS_5x41_minQ2=100_beamEffects_xAngle=-0.025_hiDiv_4.0174.eicrecon.edm4eic.root,1438.0
root://dtn-eic.jlab.org//volatile/eic/EPIC/RECO/25.08.0/epic_craterlake/DIS/NC/5x41/minQ2=100/pythia8NCDIS_5x41_minQ2=100_beamEffects_xAngle=-0.025_hiDiv_4.0175.eicrecon.edm4eic.root,1438.0
root://dtn-eic.jlab.org//volatile/eic/EPIC/RECO/25.08.0/epic_craterlake/DIS/NC/5x41/minQ2=100/pythia8NCDIS_5x41_minQ2=100_beamEffects_xAngle=-0.025_hiDiv_4.0176.eicrecon.edm4eic.root,1438.0
root://dtn-eic.jlab.org//volatile/eic/EPIC/RECO/25.08.0/epic_craterlake/DIS/NC/5x41/minQ2=100/pythia8NCDIS_5x41_minQ2=100_beamEffects_xAngle=-0.025_hiDiv_4.0177.eicrecon.edm4eic.root,1438.0
root://dtn-eic.jlab.org//volatile/eic/EPIC/RECO/25.08.0/epic_craterlake/DIS/NC/5x41/minQ2=100/pythia8NCDIS_5x41_minQ2=100_beamEffects_xAngle=-0.025_hiDiv_4.0178.eicrecon.edm4eic.root,1438.0
root://dtn-eic.jlab.org//volatile/eic/EPIC/RECO/25.08.0/epic_craterlake/DIS/NC/5x41/minQ2=100/pythia8NCDIS_5x41_minQ2=100_beamEffects_xAngle=-0.025_hiDiv_4.0179.eicrecon.edm4eic.root,1438.0
root://dtn-eic.jlab.org//volatile/eic/EPIC/RECO/25.08.0/epic_craterlake/DIS/NC/5x41/minQ2=100/pythia8NCDIS_5x41_minQ2=100_beamEffects_xAngle=-0.025_hiDiv_4.0180.eicrecon.edm4eic.root,1438.0
root://dtn-eic.jlab.org//volatile/eic/EPIC/RECO/25.08.0/epic_craterlake/DIS/NC/5x41/minQ2=100/pythia8NCDIS_5x41_minQ2=100_beamEffects_xAngle=-0.025_hiDiv_4.0181.eicrecon.edm4eic.root,1438.0
root://dtn-eic.jlab.org//volatile/eic/EPIC/RECO/25.08.0/epic_craterlake/DIS/NC/5x41/minQ2=100/pythia8NCDIS_5x41_minQ2=100_beamEffects_xAngle=-0.025_hiDiv_4.0182.eicrecon.edm4eic.root,1438.0
root://dtn-eic.jlab.org//volatile/eic/EPIC/RECO/25.08.0/epic_craterlake/DIS/NC/5x41/minQ2=100/pythia8NCDIS_5x41_minQ2=100_beamEffects_xAngle=-0.025_hiDiv_4.0183.eicrecon.edm4eic.root,1438.0
root://dtn-eic.jlab.org//volatile/eic/EPIC/RECO/25.08.0/epic_craterlake/DIS/NC/5x41/minQ2=100/pythia8NCDIS_5x41_minQ2=100_beamEffects_xAngle=-0.025_hiDiv_4.0184.eicrecon.edm4eic.root,1438.0
root://dtn-eic.jlab.org//volatile/eic/EPIC/RECO/25.08.0/epic_craterlake/DIS/NC/5x41/minQ2=100/pythia8NCDIS_5x41_minQ2=100_beamEffects_xAngle=-0.025_hiDiv_4.0185.eicrecon.edm4eic.root,1438.0
root://dtn-eic.jlab.org//volatile/eic/EPIC/RECO/25.08.0/epic_craterlake/DIS/NC/5x41/minQ2=100/pythia8NCDIS_5x41_minQ2=100_beamEffects_xAngle=-0.025_hiDiv_4.0186.eicrecon.edm4eic.root,1438.0
root://dtn-eic.jlab.org//volatile/eic/EPIC/RECO/25.08.0/epic_craterlake/DIS/NC/5x41/minQ2=100/pythia8NCDIS_5x41_minQ2=100_beamEffects_xAngle=-0.025_hiDiv_4.0187.eicrecon.edm4eic.root,1438.0
root://dtn-eic.jlab.org//volatile/eic/EPIC/RECO/25.08.0/epic_craterlake/DIS/NC/5x41/minQ2=100/pythia8NCDIS_5x41_minQ2=100_beamEffects_xAngle=-0.025_hiDiv_4.0188.eicrecon.edm4eic.root,1438.0
root://dtn-eic.jlab.org//volatile/eic/EPIC/RECO/25.08.0/epic_craterlake/DIS/NC/5x41/minQ2=100/pythia8NCDIS_5x41_minQ2=100_beamEffects_xAngle=-0.025_hiDiv_4.0189.eicrecon.edm4eic.root,1438.0
root://dtn-eic.jlab.org//volatile/eic/EPIC/RECO/25.08.0/epic_craterlake/DIS/NC/5x41/minQ2=100/pythia8NCDIS_5x41_minQ2=100_beamEffects_xAngle=-0.025_hiDiv_4.0190.eicrecon.edm4eic.root,1438.0
root://dtn-eic.jlab.org//volatile/eic/EPIC/RECO/25.08.0/epic_craterlake/DIS/NC/5x41/minQ2=100/pythia8NCDIS_5x41_minQ2=100_beamEffects_xAngle=-0.025_hiDiv_4.0191.eicrecon.edm4eic.root,1438.0
root://dtn-eic.jlab.org//volatile/eic/EPIC/RECO/25.08.0/epic_craterlake/DIS/NC/5x41/minQ2=100/pythia8NCDIS_5x41_minQ2=100_beamEffects_xAngle=-0.025_hiDiv_4.0192.eicrecon.edm4eic.root,1438.0
root://dtn-eic.jlab.org//volatile/eic/EPIC/RECO/25.08.0/epic_craterlake/DIS/NC/5x41/minQ2=100/pythia8NCDIS_5x41_minQ2=100_beamEffects_xAngle=-0.025_hiDiv_4.0193.eicrecon.edm4eic.root,1438.0
root://dtn-eic.jlab.org//volatile/eic/EPIC/RECO/25.08.0/epic_craterlake/DIS/NC/5x41/minQ2=100/pythia8NCDIS_5x41_minQ2=100_beamEffects_xAngle=-0.025_hiDiv_4.0194.eicrecon.edm4eic.root,1438.0
root://dtn-eic.jlab.org//volatile/eic/EPIC/RECO/25.08.0/epic_craterlake/DIS/NC/5x41/minQ2=100/pythia8NCDIS_5x41_minQ2=100_beamEffects_xAngle=-0.025_hiDiv_4.0195.eicrecon.edm4eic.root,1438.0
root://dtn-eic.jlab.org//volatile/eic/EPIC/RECO/25.08.0/epic_craterlake/DIS/NC/5x41/minQ2=100/pythia8NCDIS_5x41_minQ2=100_beamEffects_xAngle=-0.025_hiDiv_4.0196.eicrecon.edm4eic.root,1438.0
root://dtn-eic.jlab.org//volatile/eic/EPIC/RECO/25.08.0/epic_craterlake/DIS/NC/5x41/minQ2=100/pythia8NCDIS_5x41_minQ2=100_beamEffects_xAngle=-0.025_hiDiv_4.0197.eicrecon.edm4eic.root,1438.0
root://dtn-eic.jlab.org//volatile/eic/EPIC/RECO/25.08.0/epic_craterlake/DIS/NC/5x41/minQ2=100/pythia8NCDIS_5x41_minQ2=100_beamEffects_xAngle=-0.025_hiDiv_4.0198.eicrecon.edm4eic.root,1438.0
root://dtn-eic.jlab.org//volatile/eic/EPIC/RECO/25.08.0/epic_craterlake/DIS/NC/5x41/minQ2=100/pythia8NCDIS_5x41_minQ2=100_beamEffects_xAngle=-0.025_hiDiv_4.0199.eicrecon.edm4eic.root,1438.0
root://dtn-eic.jlab.org//volatile/eic/EPIC/RECO/25.08.0/epic_craterlake/DIS/NC/5x41/minQ2=100/pythia8NCDIS_5x41_minQ2=100_beamEffects_xAngle=-0.025_hiDiv_4.0200.eicrecon.edm4eic.root,1438.0
root://dtn-eic.jlab.org//volatile/eic/EPIC/RECO/25.08.0/epic_craterlake/DIS/NC/5x41/minQ2=100/pythia8NCDIS_5x41_minQ2=100_beamEffects_xAngle=-0.025_hiDiv_4.0201.eicrecon.edm4eic.root,1438.0
root://dtn-eic.jlab.org//volatile/eic/EPIC/RECO/25.08.0/epic_craterlake/DIS/NC/5x41/minQ2=100/pythia8NCDIS_5x41_minQ2=100_beamEffects_xAngle=-0.025_hiDiv_4.0202.eicrecon.edm4eic.root,1438.0
root://dtn-eic.jlab.org//volatile/eic/EPIC/RECO/25.08.0/epic_craterlake/DIS/NC/5x41/minQ2=100/pythia8NCDIS_5x41_minQ2=100_beamEffects_xAngle=-0.025_hiDiv_4.0203.eicrecon.edm4eic.root,1438.0
root://dtn-eic.jlab.org//volatile/eic/EPIC/RECO/25.08.0/epic_craterlake/DIS/NC/5x41/minQ2=100/pythia8NCDIS_5x41_minQ2=100_beamEffects_xAngle=-0.025_hiDiv_4.0204.eicrecon.edm4eic.root,1438.0
root://dtn-eic.jlab.org//volatile/eic/EPIC/RECO/25.08.0/epic_craterlake/DIS/NC/5x41/minQ2=100/pythia8NCDIS_5x41_minQ2=100_beamEffects_xAngle=-0.025_hiDiv_4.0205.eicrecon.edm4eic.root,1438.0
root://dtn-eic.jlab.org//volatile/eic/EPIC/RECO/25.08.0/epic_craterlake/DIS/NC/5x41/minQ2=100/pythia8NCDIS_5x41_minQ2=100_beamEffects_xAngle=-0.025_hiDiv_4.0206.eicrecon.edm4eic.root,1438.0
root://dtn-eic.jlab.org//volatile/eic/EPIC/RECO/25.08.0/epic_craterlake/DIS/NC/5x41/minQ2=100/pythia8NCDIS_5x41_minQ2=100_beamEffects_xAngle=-0.025_hiDiv_4.0207.eicrecon.edm4eic.root,1438.0
root://dtn-eic.jlab.org//volatile/eic/EPIC/RECO/25.08.0/epic_craterlake/DIS/NC/5x41/minQ2=100/pythia8NCDIS_5x41_minQ2=100_beamEffects_xAngle=-0.025_hiDiv_4.0208.eicrecon.edm4eic.root,1438.0
root://dtn-eic.jlab.org//volatile/eic/EPIC/RECO/25.08.0/epic_craterlake/DIS/NC/5x41/minQ2=100/pythia8NCDIS_5x41_minQ2=100_beamEffects_xAngle=-0.025_hiDiv_4.0209.eicrecon.edm4eic.root,1438.0
root://dtn-eic.jlab.org//volatile/eic/EPIC/RECO/25.08.0/epic_craterlake/DIS/NC/5x41/minQ2=100/pythia8NCDIS_5x41_minQ2=100_beamEffects_xAngle=-0.025_hiDiv_4.0210.eicrecon.edm4eic.root,1438.0
root://dtn-eic.jlab.org//volatile/eic/EPIC/RECO/25.08.0/epic_craterlake/DIS/NC/5x41/minQ2=100/pythia8NCDIS_5x41_minQ2=100_beamEffects_xAngle=-0.025_hiDiv_4.0211.eicrecon.edm4eic.root,1438.0
root://dtn-eic.jlab.org//volatile/eic/EPIC/RECO/25.08.0/epic_craterlake/DIS/NC/5x41/minQ2=100/pythia8NCDIS_5x41_minQ2=100_beamEffects_xAngle=-0.025_hiDiv_4.0212.eicrecon.edm4eic.root,1438.0
root://dtn-eic.jlab.org//volatile/eic/EPIC/RECO/25.08.0/epic_craterlake/DIS/NC/5x41/minQ2=100/pythia8NCDIS_5x41_minQ2=100_beamEffects_xAngle=-0.025_hiDiv_4.0213.eicrecon.edm4eic.root,1438.0
root://dtn-eic.jlab.org//volatile/eic/EPIC/RECO/25.08.0/epic_craterlake/DIS/NC/5x41/minQ2=100/pythia8NCDIS_5x41_minQ2=100_beamEffects_xAngle=-0.025_hiDiv_4.0214.eicrecon.edm4eic.root,1438.0
root://dtn-eic.jlab.org//volatile/eic/EPIC/RECO/25.08.0/epic_craterlake/DIS/NC/5x41/minQ2=100/pythia8NCDIS_5x41_minQ2=100_beamEffects_xAngle=-0.025_hiDiv_4.0215.eicrecon.edm4eic.root,1438.0
root://dtn-eic.jlab.org//volatile/eic/EPIC/RECO/25.08.0/epic_craterlake/DIS/NC/5x41/minQ2=100/pythia8NCDIS_5x41_minQ2=100_beamEffects_xAngle=-0.025_hiDiv_4.0216.eicrecon.edm4eic.root,1438.0
root://dtn-eic.jlab.org//volatile/eic/EPIC/RECO/25.08.0/epic_craterlake/DIS/NC/5x41/minQ2=100/pythia8NCDIS_5x41_minQ2=100_beamEffects_xAngle=-0.025_hiDiv_4.0217.eicrecon.edm4eic.root,1438.0
root://dtn-eic.jlab.org//volatile/eic/EPIC/RECO/25.08.0/epic_craterlake/DIS/NC/5x41/minQ2=100/pythia8NCDIS_5x41_minQ2=100_beamEffects_xAngle=-0.025_hiDiv_4.0218.eicrecon.edm4eic.root,1438.0
root://dtn-eic.jlab.org//volatile/eic/EPIC/RECO/25.08.0/epic_craterlake/DIS/NC/5x41/minQ2=100/pythia8NCDIS_5x41_minQ2=100_beamEffects_xAngle=-0.025_hiDiv_4.0219.eicrecon.edm4eic.root,1438.0
root://dtn-eic.jlab.org//volatile/eic/EPIC/RECO/25.08.0/epic_craterlake/DIS/NC/5x41/minQ2=100/pythia8NCDIS_5x41_minQ2=100_beamEffects_xAngle=-0.025_hiDiv_4.0220.eicrecon.edm4eic.root,1438.0
root://dtn-eic.jlab.org//volatile/eic/EPIC/RECO/25.08.0/epic_craterlake/DIS/NC/5x41/minQ2=100/pythia8NCDIS_5x41_minQ2=100_beamEffects_xAngle=-0.025_hiDiv_4.0221.eicrecon.edm4eic.root,1438.0
root://dtn-eic.jlab.org//volatile/eic/EPIC/RECO/25.08.0/epic_craterlake/DIS/NC/5x41/minQ2=100/pythia8NCDIS_5x41_minQ2=100_beamEffects_xAngle=-0.025_hiDiv_4.0222.eicrecon.edm4eic.root,1438.0
root://dtn-eic.jlab.org//volatile/eic/EPIC/RECO/25.08.0/epic_craterlake/DIS/NC/5x41/minQ2=100/pythia8NCDIS_5x41_minQ2=100_beamEffects_xAngle=-0.025_hiDiv_4.0223.eicrecon.edm4eic.root,1438.0
root://dtn-eic.jlab.org//volatile/eic/EPIC/RECO/25.08.0/epic_craterlake/DIS/NC/5x41/minQ2=100/pythia8NCDIS_5x41_minQ2=100_beamEffects_xAngle=-0.025_hiDiv_4.0224.eicrecon.edm4eic.root,1438.0
root://dtn-eic.jlab.org//volatile/eic/EPIC/RECO/25.08.0/epic_craterlake/DIS/NC/5x41/minQ2=100/pythia8NCDIS_5x41_minQ2=100_beamEffects_xAngle=-0.025_hiDiv_4.0225.eicrecon.edm4eic.root,1438.0
root://dtn-eic.jlab.org//volatile/eic/EPIC/RECO/25.08.0/epic_craterlake/DIS/NC/5x41/minQ2=100/pythia8NCDIS_5x41_minQ2=100_beamEffects_xAngle=-0.025_hiDiv_4.0226.eicrecon.edm4eic.root,1438.0
root://dtn-eic.jlab.org//volatile/eic/EPIC/RECO/25.08.0/epic_craterlake/DIS/NC/5x41/minQ2=100/pythia8NCDIS_5x41_minQ2=100_beamEffects_xAngle=-0.025_hiDiv_4.0227.eicrecon.edm4eic.root,1438.0
root://dtn-eic.jlab.org//volatile/eic/EPIC/RECO/25.08.0/epic_craterlake/DIS/NC/5x41/minQ2=100/pythia8NCDIS_5x41_minQ2=100_beamEffects_xAngle=-0.025_hiDiv_4.0228.eicrecon.edm4eic.root,1438.0
root://dtn-eic.jlab.org//volatile/eic/EPIC/RECO/25.08.0/epic_craterlake/DIS/NC/5x41/minQ2=100/pythia8NCDIS_5x41_minQ2=100_beamEffects_xAngle=-0.025_hiDiv_4.0229.eicrecon.edm4eic.root,1438.0
root://dtn-eic.jlab.org//volatile/eic/EPIC/RECO/25.08.0/epic_craterlake/DIS/NC/5x41/minQ2=100/pythia8NCDIS_5x41_minQ2=100_beamEffects_xAngle=-0.025_hiDiv_4.0230.eicrecon.edm4eic.root,1438.0
root://dtn-eic.jlab.org//volatile/eic/EPIC/RECO/25.08.0/epic_craterlake/DIS/NC/5x41/minQ2=100/pythia8NCDIS_5x41_minQ2=100_beamEffects_xAngle=-0.025_hiDiv_4.0231.eicrecon.edm4eic.root,1438.0
root://dtn-eic.jlab.org//volatile/eic/EPIC/RECO/25.08.0/epic_craterlake/DIS/NC/5x41/minQ2=100/pythia8NCDIS_5x41_minQ2=100_beamEffects_xAngle=-0.025_hiDiv_4.0232.eicrecon.edm4eic.root,1438.0
root://dtn-eic.jlab.org//volatile/eic/EPIC/RECO/25.08.0/epic_craterlake/DIS/NC/5x41/minQ2=100/pythia8NCDIS_5x41_minQ2=100_beamEffects_xAngle=-0.025_hiDiv_4.0233.eicrecon.edm4eic.root,1438.0
root://dtn-eic.jlab.org//volatile/eic/EPIC/RECO/25.08.0/epic_craterlake/DIS/NC/5x41/minQ2=100/pythia8NCDIS_5x41_minQ2=100_beamEffects_xAngle=-0.025_hiDiv_4.0234.eicrecon.edm4eic.root,1438.0
root://dtn-eic.jlab.org//volatile/eic/EPIC/RECO/25.08.0/epic_craterlake/DIS/NC/5x41/minQ2=100/pythia8NCDIS_5x41_minQ2=100_beamEffects_xAngle=-0.025_hiDiv_4.0235.eicrecon.edm4eic.root,1438.0
root://dtn-eic.jlab.org//volatile/eic/EPIC/RECO/25.08.0/epic_craterlake/DIS/NC/5x41/minQ2=100/pythia8NCDIS_5x41_minQ2=100_beamEffects_xAngle=-0.025_hiDiv_4.0236.eicrecon.edm4eic.root,1438.0
root://dtn-eic.jlab.org//volatile/eic/EPIC/RECO/25.08.0/epic_craterlake/DIS/NC/5x41/minQ2=100/pythia8NCDIS_5x41_minQ2=100_beamEffects_xAngle=-0.025_hiDiv_4.0237.eicrecon.edm4eic.root,1438.0
root://dtn-eic.jlab.org//volatile/eic/EPIC/RECO/25.08.0/epic_craterlake/DIS/NC/5x41/minQ2=100/pythia8NCDIS_5x41_minQ2=100_beamEffects_xAngle=-0.025_hiDiv_4.0238.eicrecon.edm4eic.root,1438.0
root://dtn-eic.jlab.org//volatile/eic/EPIC/RECO/25.08.0/epic_craterlake/DIS/NC/5x41/minQ2=100/pythia8NCDIS_5x41_minQ2=100_beamEffects_xAngle=-0.025_hiDiv_4.0239.eicrecon.edm4eic.root,1438.0
root://dtn-eic.jlab.org//volatile/eic/EPIC/RECO/25.08.0/epic_craterlake/DIS/NC/5x41/minQ2=100/pythia8NCDIS_5x41_minQ2=100_beamEffects_xAngle=-0.025_hiDiv_4.0240.eicrecon.edm4eic.root,1438.0
root://dtn-eic.jlab.org//volatile/eic/EPIC/RECO/25.08.0/epic_craterlake/DIS/NC/5x41/minQ2=100/pythia8NCDIS_5x41_minQ2=100_beamEffects_xAngle=-0.025_hiDiv_4.0241.eicrecon.edm4eic.root,1438.0
root://dtn-eic.jlab.org//volatile/eic/EPIC/RECO/25.08.0/epic_craterlake/DIS/NC/5x41/minQ2=100/pythia8NCDIS_5x41_minQ2=100_beamEffects_xAngle=-0.025_hiDiv_4.0242.eicrecon.edm4eic.root,1438.0
root://dtn-eic.jlab.org//volatile/eic/EPIC/RECO/25.08.0/epic_craterlake/DIS/NC/5x41/minQ2=100/pythia8NCDIS_5x41_minQ2=100_beamEffects_xAngle=-0.025_hiDiv_4.0243.eicrecon.edm4eic.root,1438.0
root://dtn-eic.jlab.org//volatile/eic/EPIC/RECO/25.08.0/epic_craterlake/DIS/NC/5x41/minQ2=100/pythia8NCDIS_5x41_minQ2=100_beamEffects_xAngle=-0.025_hiDiv_4.0244.eicrecon.edm4eic.root,1438.0
root://dtn-eic.jlab.org//volatile/eic/EPIC/RECO/25.08.0/epic_craterlake/DIS/NC/5x41/minQ2=100/pythia8NCDIS_5x41_minQ2=100_beamEffects_xAngle=-0.025_hiDiv_4.0245.eicrecon.edm4eic.root,1438.0
root://dtn-eic.jlab.org//volatile/eic/EPIC/RECO/25.08.0/epic_craterlake/DIS/NC/5x41/minQ2=100/pythia8NCDIS_5x41_minQ2=100_beamEffects_xAngle=-0.025_hiDiv_4.0246.eicrecon.edm4eic.root,1438.0
root://dtn-eic.jlab.org//volatile/eic/EPIC/RECO/25.08.0/epic_craterlake/DIS/NC/5x41/minQ2=100/pythia8NCDIS_5x41_minQ2=100_beamEffects_xAngle=-0.025_hiDiv_4.0247.eicrecon.edm4eic.root,1438.0
root://dtn-eic.jlab.org//volatile/eic/EPIC/RECO/25.08.0/epic_craterlake/DIS/NC/5x41/minQ2=100/pythia8NCDIS_5x41_minQ2=100_beamEffects_xAngle=-0.025_hiDiv_4.0248.eicrecon.edm4eic.root,1438.0
root://dtn-eic.jlab.org//volatile/eic/EPIC/RECO/25.08.0/epic_craterlake/DIS/NC/5x41/minQ2=100/pythia8NCDIS_5x41_minQ2=100_beamEffects_xAngle=-0.025_hiDiv_4.0249.eicrecon.edm4eic.root,1438.0
root://dtn-eic.jlab.org//volatile/eic/EPIC/RECO/25.08.0/epic_craterlake/DIS/NC/5x41/minQ2=100/pythia8NCDIS_5x41_minQ2=100_beamEffects_xAngle=-0.025_hiDiv_4.0250.eicrecon.edm4eic.root,1438.0
root://dtn-eic.jlab.org//volatile/eic/EPIC/RECO/25.08.0/epic_craterlake/DIS/NC/5x41/minQ2=100/pythia8NCDIS_5x41_minQ2=100_beamEffects_xAngle=-0.025_hiDiv_4.0251.eicrecon.edm4eic.root,1438.0
root://dtn-eic.jlab.org//volatile/eic/EPIC/RECO/25.08.0/epic_craterlake/DIS/NC/5x41/minQ2=100/pythia8NCDIS_5x41_minQ2=100_beamEffects_xAngle=-0.025_hiDiv_4.0252.eicrecon.edm4eic.root,1438.0
root://dtn-eic.jlab.org//volatile/eic/EPIC/RECO/25.08.0/epic_craterlake/DIS/NC/5x41/minQ2=100/pythia8NCDIS_5x41_minQ2=100_beamEffects_xAngle=-0.025_hiDiv_4.0253.eicrecon.edm4eic.root,1438.0
root://dtn-eic.jlab.org//volatile/eic/EPIC/RECO/25.08.0/epic_craterlake/DIS/NC/5x41/minQ2=100/pythia8NCDIS_5x41_minQ2=100_beamEffects_xAngle=-0.025_hiDiv_4.0254.eicrecon.edm4eic.root,1438.0
root://dtn-eic.jlab.org//volatile/eic/EPIC/RECO/25.08.0/epic_craterlake/DIS/NC/5x41/minQ2=100/pythia8NCDIS_5x41_minQ2=100_beamEffects_xAngle=-0.025_hiDiv_4.0255.eicrecon.edm4eic.root,1438.0
root://dtn-eic.jlab.org//volatile/eic/EPIC/RECO/25.08.0/epic_craterlake/DIS/NC/5x41/minQ2=100/pythia8NCDIS_5x41_minQ2=100_beamEffects_xAngle=-0.025_hiDiv_4.0256.eicrecon.edm4eic.root,1438.0
root://dtn-eic.jlab.org//volatile/eic/EPIC/RECO/25.08.0/epic_craterlake/DIS/NC/5x41/minQ2=100/pythia8NCDIS_5x41_minQ2=100_beamEffects_xAngle=-0.025_hiDiv_4.0257.eicrecon.edm4eic.root,1438.0
root://dtn-eic.jlab.org//volatile/eic/EPIC/RECO/25.08.0/epic_craterlake/DIS/NC/5x41/minQ2=100/pythia8NCDIS_5x41_minQ2=100_beamEffects_xAngle=-0.025_hiDiv_4.0258.eicrecon.edm4eic.root,1438.0
root://dtn-eic.jlab.org//volatile/eic/EPIC/RECO/25.08.0/epic_craterlake/DIS/NC/5x41/minQ2=100/pythia8NCDIS_5x41_minQ2=100_beamEffects_xAngle=-0.025_hiDiv_4.0259.eicrecon.edm4eic.root,1438.0
root://dtn-eic.jlab.org//volatile/eic/EPIC/RECO/25.08.0/epic_craterlake/DIS/NC/5x41/minQ2=100/pythia8NCDIS_5x41_minQ2=100_beamEffects_xAngle=-0.025_hiDiv_4.0260.eicrecon.edm4eic.root,1438.0
root://dtn-eic.jlab.org//volatile/eic/EPIC/RECO/25.08.0/epic_craterlake/DIS/NC/5x41/minQ2=100/pythia8NCDIS_5x41_minQ2=100_beamEffects_xAngle=-0.025_hiDiv_4.0261.eicrecon.edm4eic.root,1438.0
root://dtn-eic.jlab.org//volatile/eic/EPIC/RECO/25.08.0/epic_craterlake/DIS/NC/5x41/minQ2=100/pythia8NCDIS_5x41_minQ2=100_beamEffects_xAngle=-0.025_hiDiv_4.0262.eicrecon.edm4eic.root,1438.0
root://dtn-eic.jlab.org//volatile/eic/EPIC/RECO/25.08.0/epic_craterlake/DIS/NC/5x41/minQ2=100/pythia8NCDIS_5x41_minQ2=100_beamEffects_xAngle=-0.025_hiDiv_4.0263.eicrecon.edm4eic.root,1438.0
root://dtn-eic.jlab.org//volatile/eic/EPIC/RECO/25.08.0/epic_craterlake/DIS/NC/5x41/minQ2=100/pythia8NCDIS_5x41_minQ2=100_beamEffects_xAngle=-0.025_hiDiv_4.0264.eicrecon.edm4eic.root,1438.0
root://dtn-eic.jlab.org//volatile/eic/EPIC/RECO/25.08.0/epic_craterlake/DIS/NC/5x41/minQ2=100/pythia8NCDIS_5x41_minQ2=100_beamEffects_xAngle=-0.025_hiDiv_4.0265.eicrecon.edm4eic.root,1438.0
root://dtn-eic.jlab.org//volatile/eic/EPIC/RECO/25.08.0/epic_craterlake/DIS/NC/5x41/minQ2=100/pythia8NCDIS_5x41_minQ2=100_beamEffects_xAngle=-0.025_hiDiv_4.0266.eicrecon.edm4eic.root,1438.0
root://dtn-eic.jlab.org//volatile/eic/EPIC/RECO/25.08.0/epic_craterlake/DIS/NC/5x41/minQ2=100/pythia8NCDIS_5x41_minQ2=100_beamEffects_xAngle=-0.025_hiDiv_4.0267.eicrecon.edm4eic.root,1438.0
root://dtn-eic.jlab.org//volatile/eic/EPIC/RECO/25.08.0/epic_craterlake/DIS/NC/5x41/minQ2=100/pythia8NCDIS_5x41_minQ2=100_beamEffects_xAngle=-0.025_hiDiv_4.0268.eicrecon.edm4eic.root,1438.0
root://dtn-eic.jlab.org//volatile/eic/EPIC/RECO/25.08.0/epic_craterlake/DIS/NC/5x41/minQ2=100/pythia8NCDIS_5x41_minQ2=100_beamEffects_xAngle=-0.025_hiDiv_4.0269.eicrecon.edm4eic.root,1438.0
root://dtn-eic.jlab.org//volatile/eic/EPIC/RECO/25.08.0/epic_craterlake/DIS/NC/5x41/minQ2=100/pythia8NCDIS_5x41_minQ2=100_beamEffects_xAngle=-0.025_hiDiv_4.0270.eicrecon.edm4eic.root,1438.0
root://dtn-eic.jlab.org//volatile/eic/EPIC/RECO/25.08.0/epic_craterlake/DIS/NC/5x41/minQ2=100/pythia8NCDIS_5x41_minQ2=100_beamEffects_xAngle=-0.025_hiDiv_4.0271.eicrecon.edm4eic.root,1438.0
root://dtn-eic.jlab.org//volatile/eic/EPIC/RECO/25.08.0/epic_craterlake/DIS/NC/5x41/minQ2=100/pythia8NCDIS_5x41_minQ2=100_beamEffects_xAngle=-0.025_hiDiv_4.0272.eicrecon.edm4eic.root,1438.0
root://dtn-eic.jlab.org//volatile/eic/EPIC/RECO/25.08.0/epic_craterlake/DIS/NC/5x41/minQ2=100/pythia8NCDIS_5x41_minQ2=100_beamEffects_xAngle=-0.025_hiDiv_4.0273.eicrecon.edm4eic.root,1438.0
root://dtn-eic.jlab.org//volatile/eic/EPIC/RECO/25.08.0/epic_craterlake/DIS/NC/5x41/minQ2=100/pythia8NCDIS_5x41_minQ2=100_beamEffects_xAngle=-0.025_hiDiv_4.0274.eicrecon.edm4eic.root,1438.0
root://dtn-eic.jlab.org//volatile/eic/EPIC/RECO/25.08.0/epic_craterlake/DIS/NC/5x41/minQ2=100/pythia8NCDIS_5x41_minQ2=100_beamEffects_xAngle=-0.025_hiDiv_4.0275.eicrecon.edm4eic.root,1438.0
root://dtn-eic.jlab.org//volatile/eic/EPIC/RECO/25.08.0/epic_craterlake/DIS/NC/5x41/minQ2=100/pythia8NCDIS_5x41_minQ2=100_beamEffects_xAngle=-0.025_hiDiv_4.0276.eicrecon.edm4eic.root,1438.0
root://dtn-eic.jlab.org//volatile/eic/EPIC/RECO/25.08.0/epic_craterlake/DIS/NC/5x41/minQ2=100/pythia8NCDIS_5x41_minQ2=100_beamEffects_xAngle=-0.025_hiDiv_4.0277.eicrecon.edm4eic.root,1438.0
root://dtn-eic.jlab.org//volatile/eic/EPIC/RECO/25.08.0/epic_craterlake/DIS/NC/5x41/minQ2=100/pythia8NCDIS_5x41_minQ2=100_beamEffects_xAngle=-0.025_hiDiv_4.0278.eicrecon.edm4eic.root,1438.0
root://dtn-eic.jlab.org//volatile/eic/EPIC/RECO/25.08.0/epic_craterlake/DIS/NC/5x41/minQ2=100/pythia8NCDIS_5x41_minQ2=100_beamEffects_xAngle=-0.025_hiDiv_4.0279.eicrecon.edm4eic.root,1438.0
root://dtn-eic.jlab.org//volatile/eic/EPIC/RECO/25.08.0/epic_craterlake/DIS/NC/5x41/minQ2=100/pythia8NCDIS_5x41_minQ2=100_beamEffects_xAngle=-0.025_hiDiv_4.0280.eicrecon.edm4eic.root,1438.0
root://dtn-eic.jlab.org//volatile/eic/EPIC/RECO/25.08.0/epic_craterlake/DIS/NC/5x41/minQ2=100/pythia8NCDIS_5x41_minQ2=100_beamEffects_xAngle=-0.025_hiDiv_4.0281.eicrecon.edm4eic.root,1438.0
root://dtn-eic.jlab.org//volatile/eic/EPIC/RECO/25.08.0/epic_craterlake/DIS/NC/5x41/minQ2=100/pythia8NCDIS_5x41_minQ2=100_beamEffects_xAngle=-0.025_hiDiv_4.0282.eicrecon.edm4eic.root,1438.0
root://dtn-eic.jlab.org//volatile/eic/EPIC/RECO/25.08.0/epic_craterlake/DIS/NC/5x41/minQ2=100/pythia8NCDIS_5x41_minQ2=100_beamEffects_xAngle=-0.025_hiDiv_4.0283.eicrecon.edm4eic.root,1438.0
root://dtn-eic.jlab.org//volatile/eic/EPIC/RECO/25.08.0/epic_craterlake/DIS/NC/5x41/minQ2=100/pythia8NCDIS_5x41_minQ2=100_beamEffects_xAngle=-0.025_hiDiv_4.0284.eicrecon.edm4eic.root,1438.0
root://dtn-eic.jlab.org//volatile/eic/EPIC/RECO/25.08.0/epic_craterlake/DIS/NC/5x41/minQ2=100/pythia8NCDIS_5x41_minQ2=100_beamEffects_xAngle=-0.025_hiDiv_4.0285.eicrecon.edm4eic.root,1438.0
root://dtn-eic.jlab.org//volatile/eic/EPIC/RECO/25.08.0/epic_craterlake/DIS/NC/5x41/minQ2=100/pythia8NCDIS_5x41_minQ2=100_beamEffects_xAngle=-0.025_hiDiv_4.0286.eicrecon.edm4eic.root,1438.0
root://dtn-eic.jlab.org//volatile/eic/EPIC/RECO/25.08.0/epic_craterlake/DIS/NC/5x41/minQ2=100/pythia8NCDIS_5x41_minQ2=100_beamEffects_xAngle=-0.025_hiDiv_4.0287.eicrecon.edm4eic.root,1438.0
root://dtn-eic.jlab.org//volatile/eic/EPIC/RECO/25.08.0/epic_craterlake/DIS/NC/5x41/minQ2=100/pythia8NCDIS_5x41_minQ2=100_beamEffects_xAngle=-0.025_hiDiv_4.0288.eicrecon.edm4eic.root,1438.0
root://dtn-eic.jlab.org//volatile/eic/EPIC/RECO/25.08.0/epic_craterlake/DIS/NC/5x41/minQ2=100/pythia8NCDIS_5x41_minQ2=100_beamEffects_xAngle=-0.025_hiDiv_4.0289.eicrecon.edm4eic.root,1438.0
root://dtn-eic.jlab.org//volatile/eic/EPIC/RECO/25.08.0/epic_craterlake/DIS/NC/5x41/minQ2=100/pythia8NCDIS_5x41_minQ2=100_beamEffects_xAngle=-0.025_hiDiv_4.0290.eicrecon.edm4eic.root,1438.0
root://dtn-eic.jlab.org//volatile/eic/EPIC/RECO/25.08.0/epic_craterlake/DIS/NC/5x41/minQ2=100/pythia8NCDIS_5x41_minQ2=100_beamEffects_xAngle=-0.025_hiDiv_4.0291.eicrecon.edm4eic.root,1438.0
root://dtn-eic.jlab.org//volatile/eic/EPIC/RECO/25.08.0/epic_craterlake/DIS/NC/5x41/minQ2=100/pythia8NCDIS_5x41_minQ2=100_beamEffects_xAngle=-0.025_hiDiv_4.0292.eicrecon.edm4eic.root,1438.0
root://dtn-eic.jlab.org//volatile/eic/EPIC/RECO/25.08.0/epic_craterlake/DIS/NC/5x41/minQ2=100/pythia8NCDIS_5x41_minQ2=100_beamEffects_xAngle=-0.025_hiDiv_4.0293.eicrecon.edm4eic.root,1438.0
root://dtn-eic.jlab.org//volatile/eic/EPIC/RECO/25.08.0/epic_craterlake/DIS/NC/5x41/minQ2=100/pythia8NCDIS_5x41_minQ2=100_beamEffects_xAngle=-0.025_hiDiv_4.0294.eicrecon.edm4eic.root,1438.0
root://dtn-eic.jlab.org//volatile/eic/EPIC/RECO/25.08.0/epic_craterlake/DIS/NC/5x41/minQ2=100/pythia8NCDIS_5x41_minQ2=100_beamEffects_xAngle=-0.025_hiDiv_4.0295.eicrecon.edm4eic.root,1438.0
root://dtn-eic.jlab.org//volatile/eic/EPIC/RECO/25.08.0/epic_craterlake/DIS/NC/5x41/minQ2=100/pythia8NCDIS_5x41_minQ2=100_beamEffects_xAngle=-0.025_hiDiv_4.0296.eicrecon.edm4eic.root,1438.0
root://dtn-eic.jlab.org//volatile/eic/EPIC/RECO/25.08.0/epic_craterlake/DIS/NC/5x41/minQ2=100/pythia8NCDIS_5x41_minQ2=100_beamEffects_xAngle=-0.025_hiDiv_4.0297.eicrecon.edm4eic.root,1438.0
root://dtn-eic.jlab.org//volatile/eic/EPIC/RECO/25.08.0/epic_craterlake/DIS/NC/5x41/minQ2=100/pythia8NCDIS_5x41_minQ2=100_beamEffects_xAngle=-0.025_hiDiv_4.0298.eicrecon.edm4eic.root,1438.0
root://dtn-eic.jlab.org//volatile/eic/EPIC/RECO/25.08.0/epic_craterlake/DIS/NC/5x41/minQ2=100/pythia8NCDIS_5x41_minQ2=100_beamEffects_xAngle=-0.025_hiDiv_4.0299.eicrecon.edm4eic.root,1438.0
root://dtn-eic.jlab.org//volatile/eic/EPIC/RECO/25.08.0/epic_craterlake/DIS/NC/5x41/minQ2=100/pythia8NCDIS_5x41_minQ2=100_beamEffects_xAngle=-0.025_hiDiv_4.0300.eicrecon.edm4eic.root,1438.0
root://dtn-eic.jlab.org//volatile/eic/EPIC/RECO/25.08.0/epic_craterlake/DIS/NC/5x41/minQ2=100/pythia8NCDIS_5x41_minQ2=100_beamEffects_xAngle=-0.025_hiDiv_4.0301.eicrecon.edm4eic.root,1438.0
root://dtn-eic.jlab.org//volatile/eic/EPIC/RECO/25.08.0/epic_craterlake/DIS/NC/5x41/minQ2=100/pythia8NCDIS_5x41_minQ2=100_beamEffects_xAngle=-0.025_hiDiv_4.0302.eicrecon.edm4eic.root,1438.0
root://dtn-eic.jlab.org//volatile/eic/EPIC/RECO/25.08.0/epic_craterlake/DIS/NC/5x41/minQ2=100/pythia8NCDIS_5x41_minQ2=100_beamEffects_xAngle=-0.025_hiDiv_4.0303.eicrecon.edm4eic.root,1438.0
root://dtn-eic.jlab.org//volatile/eic/EPIC/RECO/25.08.0/epic_craterlake/DIS/NC/5x41/minQ2=100/pythia8NCDIS_5x41_minQ2=100_beamEffects_xAngle=-0.025_hiDiv_4.0304.eicrecon.edm4eic.root,1438.0
root://dtn-eic.jlab.org//volatile/eic/EPIC/RECO/25.08.0/epic_craterlake/DIS/NC/5x41/minQ2=100/pythia8NCDIS_5x41_minQ2=100_beamEffects_xAngle=-0.025_hiDiv_4.0305.eicrecon.edm4eic.root,1438.0
root://dtn-eic.jlab.org//volatile/eic/EPIC/RECO/25.08.0/epic_craterlake/DIS/NC/5x41/minQ2=100/pythia8NCDIS_5x41_minQ2=100_beamEffects_xAngle=-0.025_hiDiv_4.0306.eicrecon.edm4eic.root,1438.0
root://dtn-eic.jlab.org//volatile/eic/EPIC/RECO/25.08.0/epic_craterlake/DIS/NC/5x41/minQ2=100/pythia8NCDIS_5x41_minQ2=100_beamEffects_xAngle=-0.025_hiDiv_4.0307.eicrecon.edm4eic.root,1438.0
root://dtn-eic.jlab.org//volatile/eic/EPIC/RECO/25.08.0/epic_craterlake/DIS/NC/5x41/minQ2=100/pythia8NCDIS_5x41_minQ2=100_beamEffects_xAngle=-0.025_hiDiv_4.0308.eicrecon.edm4eic.root,1438.0
root://dtn-eic.jlab.org//volatile/eic/EPIC/RECO/25.08.0/epic_craterlake/DIS/NC/5x41/minQ2=100/pythia8NCDIS_5x41_minQ2=100_beamEffects_xAngle=-0.025_hiDiv_4.0309.eicrecon.edm4eic.root,1438.0
root://dtn-eic.jlab.org//volatile/eic/EPIC/RECO/25.08.0/epic_craterlake/DIS/NC/5x41/minQ2=100/pythia8NCDIS_5x41_minQ2=100_beamEffects_xAngle=-0.025_hiDiv_4.0310.eicrecon.edm4eic.root,1438.0
root://dtn-eic.jlab.org//volatile/eic/EPIC/RECO/25.08.0/epic_craterlake/DIS/NC/5x41/minQ2=100/pythia8NCDIS_5x41_minQ2=100_beamEffects_xAngle=-0.025_hiDiv_4.0311.eicrecon.edm4eic.root,1438.0
root://dtn-eic.jlab.org//volatile/eic/EPIC/RECO/25.08.0/epic_craterlake/DIS/NC/5x41/minQ2=100/pythia8NCDIS_5x41_minQ2=100_beamEffects_xAngle=-0.025_hiDiv_4.0312.eicrecon.edm4eic.root,1438.0
root://dtn-eic.jlab.org//volatile/eic/EPIC/RECO/25.08.0/epic_craterlake/DIS/NC/5x41/minQ2=100/pythia8NCDIS_5x41_minQ2=100_beamEffects_xAngle=-0.025_hiDiv_4.0313.eicrecon.edm4eic.root,1438.0
root://dtn-eic.jlab.org//volatile/eic/EPIC/RECO/25.08.0/epic_craterlake/DIS/NC/5x41/minQ2=100/pythia8NCDIS_5x41_minQ2=100_beamEffects_xAngle=-0.025_hiDiv_4.0314.eicrecon.edm4eic.root,1438.0
root://dtn-eic.jlab.org//volatile/eic/EPIC/RECO/25.08.0/epic_craterlake/DIS/NC/5x41/minQ2=100/pythia8NCDIS_5x41_minQ2=100_beamEffects_xAngle=-0.025_hiDiv_4.0315.eicrecon.edm4eic.root,1438.0
root://dtn-eic.jlab.org//volatile/eic/EPIC/RECO/25.08.0/epic_craterlake/DIS/NC/5x41/minQ2=100/pythia8NCDIS_5x41_minQ2=100_beamEffects_xAngle=-0.025_hiDiv_4.0316.eicrecon.edm4eic.root,1438.0
root://dtn-eic.jlab.org//volatile/eic/EPIC/RECO/25.08.0/epic_craterlake/DIS/NC/5x41/minQ2=100/pythia8NCDIS_5x41_minQ2=100_beamEffects_xAngle=-0.025_hiDiv_4.0317.eicrecon.edm4eic.root,1438.0
root://dtn-eic.jlab.org//volatile/eic/EPIC/RECO/25.08.0/epic_craterlake/DIS/NC/5x41/minQ2=100/pythia8NCDIS_5x41_minQ2=100_beamEffects_xAngle=-0.025_hiDiv_4.0318.eicrecon.edm4eic.root,1438.0
root://dtn-eic.jlab.org//volatile/eic/EPIC/RECO/25.08.0/epic_craterlake/DIS/NC/5x41/minQ2=100/pythia8NCDIS_5x41_minQ2=100_beamEffects_xAngle=-0.025_hiDiv_4.0319.eicrecon.edm4eic.root,1438.0
root://dtn-eic.jlab.org//volatile/eic/EPIC/RECO/25.08.0/epic_craterlake/DIS/NC/5x41/minQ2=100/pythia8NCDIS_5x41_minQ2=100_beamEffects_xAngle=-0.025_hiDiv_4.0320.eicrecon.edm4eic.root,1438.0
root://dtn-eic.jlab.org//volatile/eic/EPIC/RECO/25.08.0/epic_craterlake/DIS/NC/5x41/minQ2=100/pythia8NCDIS_5x41_minQ2=100_beamEffects_xAngle=-0.025_hiDiv_4.0321.eicrecon.edm4eic.root,1438.0
root://dtn-eic.jlab.org//volatile/eic/EPIC/RECO/25.08.0/epic_craterlake/DIS/NC/5x41/minQ2=100/pythia8NCDIS_5x41_minQ2=100_beamEffects_xAngle=-0.025_hiDiv_4.0322.eicrecon.edm4eic.root,1438.0
root://dtn-eic.jlab.org//volatile/eic/EPIC/RECO/25.08.0/epic_craterlake/DIS/NC/5x41/minQ2=100/pythia8NCDIS_5x41_minQ2=100_beamEffects_xAngle=-0.025_hiDiv_4.0323.eicrecon.edm4eic.root,1438.0
root://dtn-eic.jlab.org//volatile/eic/EPIC/RECO/25.08.0/epic_craterlake/DIS/NC/5x41/minQ2=100/pythia8NCDIS_5x41_minQ2=100_beamEffects_xAngle=-0.025_hiDiv_4.0324.eicrecon.edm4eic.root,1438.0
root://dtn-eic.jlab.org//volatile/eic/EPIC/RECO/25.08.0/epic_craterlake/DIS/NC/5x41/minQ2=100/pythia8NCDIS_5x41_minQ2=100_beamEffects_xAngle=-0.025_hiDiv_4.0325.eicrecon.edm4eic.root,1438.0
root://dtn-eic.jlab.org//volatile/eic/EPIC/RECO/25.08.0/epic_craterlake/DIS/NC/5x41/minQ2=100/pythia8NCDIS_5x41_minQ2=100_beamEffects_xAngle=-0.025_hiDiv_4.0326.eicrecon.edm4eic.root,1438.0
root://dtn-eic.jlab.org//volatile/eic/EPIC/RECO/25.08.0/epic_craterlake/DIS/NC/5x41/minQ2=100/pythia8NCDIS_5x41_minQ2=100_beamEffects_xAngle=-0.025_hiDiv_4.0327.eicrecon.edm4eic.root,1438.0
root://dtn-eic.jlab.org//volatile/eic/EPIC/RECO/25.08.0/epic_craterlake/DIS/NC/5x41/minQ2=100/pythia8NCDIS_5x41_minQ2=100_beamEffects_xAngle=-0.025_hiDiv_4.0328.eicrecon.edm4eic.root,1438.0
root://dtn-eic.jlab.org//volatile/eic/EPIC/RECO/25.08.0/epic_craterlake/DIS/NC/5x41/minQ2=100/pythia8NCDIS_5x41_minQ2=100_beamEffects_xAngle=-0.025_hiDiv_4.0329.eicrecon.edm4eic.root,1438.0
root://dtn-eic.jlab.org//volatile/eic/EPIC/RECO/25.08.0/epic_craterlake/DIS/NC/5x41/minQ2=100/pythia8NCDIS_5x41_minQ2=100_beamEffects_xAngle=-0.025_hiDiv_4.0330.eicrecon.edm4eic.root,1438.0
root://dtn-eic.jlab.org//volatile/eic/EPIC/RECO/25.08.0/epic_craterlake/DIS/NC/5x41/minQ2=100/pythia8NCDIS_5x41_minQ2=100_beamEffects_xAngle=-0.025_hiDiv_4.0331.eicrecon.edm4eic.root,1438.0
root://dtn-eic.jlab.org//volatile/eic/EPIC/RECO/25.08.0/epic_craterlake/DIS/NC/5x41/minQ2=100/pythia8NCDIS_5x41_minQ2=100_beamEffects_xAngle=-0.025_hiDiv_4.0332.eicrecon.edm4eic.root,1438.0
root://dtn-eic.jlab.org//volatile/eic/EPIC/RECO/25.08.0/epic_craterlake/DIS/NC/5x41/minQ2=100/pythia8NCDIS_5x41_minQ2=100_beamEffects_xAngle=-0.025_hiDiv_4.0333.eicrecon.edm4eic.root,1438.0
root://dtn-eic.jlab.org//volatile/eic/EPIC/RECO/25.08.0/epic_craterlake/DIS/NC/5x41/minQ2=100/pythia8NCDIS_5x41_minQ2=100_beamEffects_xAngle=-0.025_hiDiv_4.0334.eicrecon.edm4eic.root,1438.0
root://dtn-eic.jlab.org//volatile/eic/EPIC/RECO/25.08.0/epic_craterlake/DIS/NC/5x41/minQ2=100/pythia8NCDIS_5x41_minQ2=100_beamEffects_xAngle=-0.025_hiDiv_4.0335.eicrecon.edm4eic.root,1438.0
root://dtn-eic.jlab.org//volatile/eic/EPIC/RECO/25.08.0/epic_craterlake/DIS/NC/5x41/minQ2=100/pythia8NCDIS_5x41_minQ2=100_beamEffects_xAngle=-0.025_hiDiv_4.0336.eicrecon.edm4eic.root,1438.0
root://dtn-eic.jlab.org//volatile/eic/EPIC/RECO/25.08.0/epic_craterlake/DIS/NC/5x41/minQ2=100/pythia8NCDIS_5x41_minQ2=100_beamEffects_xAngle=-0.025_hiDiv_4.0337.eicrecon.edm4eic.root,1438.0
root://dtn-eic.jlab.org//volatile/eic/EPIC/RECO/25.08.0/epic_craterlake/DIS/NC/5x41/minQ2=100/pythia8NCDIS_5x41_minQ2=100_beamEffects_xAngle=-0.025_hiDiv_4.0338.eicrecon.edm4eic.root,1438.0
root://dtn-eic.jlab.org//volatile/eic/EPIC/RECO/25.08.0/epic_craterlake/DIS/NC/5x41/minQ2=100/pythia8NCDIS_5x41_minQ2=100_beamEffects_xAngle=-0.025_hiDiv_4.0339.eicrecon.edm4eic.root,1438.0
root://dtn-eic.jlab.org//volatile/eic/EPIC/RECO/25.08.0/epic_craterlake/DIS/NC/5x41/minQ2=100/pythia8NCDIS_5x41_minQ2=100_beamEffects_xAngle=-0.025_hiDiv_4.0340.eicrecon.edm4eic.root,1438.0
root://dtn-eic.jlab.org//volatile/eic/EPIC/RECO/25.08.0/epic_craterlake/DIS/NC/5x41/minQ2=100/pythia8NCDIS_5x41_minQ2=100_beamEffects_xAngle=-0.025_hiDiv_4.0341.eicrecon.edm4eic.root,1438.0
root://dtn-eic.jlab.org//volatile/eic/EPIC/RECO/25.08.0/epic_craterlake/DIS/NC/5x41/minQ2=100/pythia8NCDIS_5x41_minQ2=100_beamEffects_xAngle=-0.025_hiDiv_4.0342.eicrecon.edm4eic.root,1438.0
root://dtn-eic.jlab.org//volatile/eic/EPIC/RECO/25.08.0/epic_craterlake/DIS/NC/5x41/minQ2=100/pythia8NCDIS_5x41_minQ2=100_beamEffects_xAngle=-0.025_hiDiv_4.0343.eicrecon.edm4eic.root,1438.0
root://dtn-eic.jlab.org//volatile/eic/EPIC/RECO/25.08.0/epic_craterlake/DIS/NC/5x41/minQ2=100/pythia8NCDIS_5x41_minQ2=100_beamEffects_xAngle=-0.025_hiDiv_4.0344.eicrecon.edm4eic.root,1438.0
root://dtn-eic.jlab.org//volatile/eic/EPIC/RECO/25.08.0/epic_craterlake/DIS/NC/5x41/minQ2=100/pythia8NCDIS_5x41_minQ2=100_beamEffects_xAngle=-0.025_hiDiv_4.0345.eicrecon.edm4eic.root,1438.0
root://dtn-eic.jlab.org//volatile/eic/EPIC/RECO/25.08.0/epic_craterlake/DIS/NC/5x41/minQ2=100/pythia8NCDIS_5x41_minQ2=100_beamEffects_xAngle=-0.025_hiDiv_4.0346.eicrecon.edm4eic.root,1438.0
root://dtn-eic.jlab.org//volatile/eic/EPIC/RECO/25.08.0/epic_craterlake/DIS/NC/5x41/minQ2=100/pythia8NCDIS_5x41_minQ2=100_beamEffects_xAngle=-0.025_hiDiv_4.0347.eicrecon.edm4eic.root,1438.0
root://dtn-eic.jlab.org//volatile/eic/EPIC/RECO/25.08.0/epic_craterlake/DIS/NC/5x41/minQ2=100/pythia8NCDIS_5x41_minQ2=100_beamEffects_xAngle=-0.025_hiDiv_4.0348.eicrecon.edm4eic.root,1438.0
root://dtn-eic.jlab.org//volatile/eic/EPIC/RECO/25.08.0/epic_craterlake/DIS/NC/5x41/minQ2=100/pythia8NCDIS_5x41_minQ2=100_beamEffects_xAngle=-0.025_hiDiv_4.0349.eicrecon.edm4eic.root,1438.0
root://dtn-eic.jlab.org//volatile/eic/EPIC/RECO/25.08.0/epic_craterlake/DIS/NC/5x41/minQ2=100/pythia8NCDIS_5x41_minQ2=100_beamEffects_xAngle=-0.025_hiDiv_4.0350.eicrecon.edm4eic.root,1438.0
root://dtn-eic.jlab.org//volatile/eic/EPIC/RECO/25.08.0/epic_craterlake/DIS/NC/5x41/minQ2=100/pythia8NCDIS_5x41_minQ2=100_beamEffects_xAngle=-0.025_hiDiv_4.0351.eicrecon.edm4eic.root,1438.0
root://dtn-eic.jlab.org//volatile/eic/EPIC/RECO/25.08.0/epic_craterlake/DIS/NC/5x41/minQ2=100/pythia8NCDIS_5x41_minQ2=100_beamEffects_xAngle=-0.025_hiDiv_4.0352.eicrecon.edm4eic.root,1438.0
root://dtn-eic.jlab.org//volatile/eic/EPIC/RECO/25.08.0/epic_craterlake/DIS/NC/5x41/minQ2=100/pythia8NCDIS_5x41_minQ2=100_beamEffects_xAngle=-0.025_hiDiv_4.0353.eicrecon.edm4eic.root,1438.0
root://dtn-eic.jlab.org//volatile/eic/EPIC/RECO/25.08.0/epic_craterlake/DIS/NC/5x41/minQ2=100/pythia8NCDIS_5x41_minQ2=100_beamEffects_xAngle=-0.025_hiDiv_4.0354.eicrecon.edm4eic.root,1438.0
root://dtn-eic.jlab.org//volatile/eic/EPIC/RECO/25.08.0/epic_craterlake/DIS/NC/5x41/minQ2=100/pythia8NCDIS_5x41_minQ2=100_beamEffects_xAngle=-0.025_hiDiv_4.0355.eicrecon.edm4eic.root,1438.0
root://dtn-eic.jlab.org//volatile/eic/EPIC/RECO/25.08.0/epic_craterlake/DIS/NC/5x41/minQ2=100/pythia8NCDIS_5x41_minQ2=100_beamEffects_xAngle=-0.025_hiDiv_4.0356.eicrecon.edm4eic.root,1438.0
root://dtn-eic.jlab.org//volatile/eic/EPIC/RECO/25.08.0/epic_craterlake/DIS/NC/5x41/minQ2=100/pythia8NCDIS_5x41_minQ2=100_beamEffects_xAngle=-0.025_hiDiv_4.0357.eicrecon.edm4eic.root,1438.0
root://dtn-eic.jlab.org//volatile/eic/EPIC/RECO/25.08.0/epic_craterlake/DIS/NC/5x41/minQ2=100/pythia8NCDIS_5x41_minQ2=100_beamEffects_xAngle=-0.025_hiDiv_4.0358.eicrecon.edm4eic.root,1438.0
root://dtn-eic.jlab.org//volatile/eic/EPIC/RECO/25.08.0/epic_craterlake/DIS/NC/5x41/minQ2=100/pythia8NCDIS_5x41_minQ2=100_beamEffects_xAngle=-0.025_hiDiv_4.0359.eicrecon.edm4eic.root,1438.0
root://dtn-eic.jlab.org//volatile/eic/EPIC/RECO/25.08.0/epic_craterlake/DIS/NC/5x41/minQ2=100/pythia8NCDIS_5x41_minQ2=100_beamEffects_xAngle=-0.025_hiDiv_4.0360.eicrecon.edm4eic.root,1438.0
root://dtn-eic.jlab.org//volatile/eic/EPIC/RECO/25.08.0/epic_craterlake/DIS/NC/5x41/minQ2=100/pythia8NCDIS_5x41_minQ2=100_beamEffects_xAngle=-0.025_hiDiv_4.0361.eicrecon.edm4eic.root,1438.0
root://dtn-eic.jlab.org//volatile/eic/EPIC/RECO/25.08.0/epic_craterlake/DIS/NC/5x41/minQ2=100/pythia8NCDIS_5x41_minQ2=100_beamEffects_xAngle=-0.025_hiDiv_4.0362.eicrecon.edm4eic.root,1438.0
root://dtn-eic.jlab.org//volatile/eic/EPIC/RECO/25.08.0/epic_craterlake/DIS/NC/5x41/minQ2=100/pythia8NCDIS_5x41_minQ2=100_beamEffects_xAngle=-0.025_hiDiv_4.0363.eicrecon.edm4eic.root,1438.0
root://dtn-eic.jlab.org//volatile/eic/EPIC/RECO/25.08.0/epic_craterlake/DIS/NC/5x41/minQ2=100/pythia8NCDIS_5x41_minQ2=100_beamEffects_xAngle=-0.025_hiDiv_4.0364.eicrecon.edm4eic.root,1438.0
root://dtn-eic.jlab.org//volatile/eic/EPIC/RECO/25.08.0/epic_craterlake/DIS/NC/5x41/minQ2=100/pythia8NCDIS_5x41_minQ2=100_beamEffects_xAngle=-0.025_hiDiv_4.0365.eicrecon.edm4eic.root,1438.0
root://dtn-eic.jlab.org//volatile/eic/EPIC/RECO/25.08.0/epic_craterlake/DIS/NC/5x41/minQ2=100/pythia8NCDIS_5x41_minQ2=100_beamEffects_xAngle=-0.025_hiDiv_4.0366.eicrecon.edm4eic.root,1438.0
root://dtn-eic.jlab.org//volatile/eic/EPIC/RECO/25.08.0/epic_craterlake/DIS/NC/5x41/minQ2=100/pythia8NCDIS_5x41_minQ2=100_beamEffects_xAngle=-0.025_hiDiv_4.0367.eicrecon.edm4eic.root,1438.0
root://dtn-eic.jlab.org//volatile/eic/EPIC/RECO/25.08.0/epic_craterlake/DIS/NC/5x41/minQ2=100/pythia8NCDIS_5x41_minQ2=100_beamEffects_xAngle=-0.025_hiDiv_4.0368.eicrecon.edm4eic.root,1438.0
root://dtn-eic.jlab.org//volatile/eic/EPIC/RECO/25.08.0/epic_craterlake/DIS/NC/5x41/minQ2=100/pythia8NCDIS_5x41_minQ2=100_beamEffects_xAngle=-0.025_hiDiv_4.0369.eicrecon.edm4eic.root,1438.0
root://dtn-eic.jlab.org//volatile/eic/EPIC/RECO/25.08.0/epic_craterlake/DIS/NC/5x41/minQ2=100/pythia8NCDIS_5x41_minQ2=100_beamEffects_xAngle=-0.025_hiDiv_4.0370.eicrecon.edm4eic.root,1438.0
root://dtn-eic.jlab.org//volatile/eic/EPIC/RECO/25.08.0/epic_craterlake/DIS/NC/5x41/minQ2=100/pythia8NCDIS_5x41_minQ2=100_beamEffects_xAngle=-0.025_hiDiv_4.0371.eicrecon.edm4eic.root,1438.0
root://dtn-eic.jlab.org//volatile/eic/EPIC/RECO/25.08.0/epic_craterlake/DIS/NC/5x41/minQ2=100/pythia8NCDIS_5x41_minQ2=100_beamEffects_xAngle=-0.025_hiDiv_4.0372.eicrecon.edm4eic.root,1438.0
root://dtn-eic.jlab.org//volatile/eic/EPIC/RECO/25.08.0/epic_craterlake/DIS/NC/5x41/minQ2=100/pythia8NCDIS_5x41_minQ2=100_beamEffects_xAngle=-0.025_hiDiv_4.0373.eicrecon.edm4eic.root,1438.0
root://dtn-eic.jlab.org//volatile/eic/EPIC/RECO/25.08.0/epic_craterlake/DIS/NC/5x41/minQ2=100/pythia8NCDIS_5x41_minQ2=100_beamEffects_xAngle=-0.025_hiDiv_4.0374.eicrecon.edm4eic.root,1438.0
root://dtn-eic.jlab.org//volatile/eic/EPIC/RECO/25.08.0/epic_craterlake/DIS/NC/5x41/minQ2=100/pythia8NCDIS_5x41_minQ2=100_beamEffects_xAngle=-0.025_hiDiv_4.0375.eicrecon.edm4eic.root,1438.0
root://dtn-eic.jlab.org//volatile/eic/EPIC/RECO/25.08.0/epic_craterlake/DIS/NC/5x41/minQ2=100/pythia8NCDIS_5x41_minQ2=100_beamEffects_xAngle=-0.025_hiDiv_4.0376.eicrecon.edm4eic.root,1438.0
root://dtn-eic.jlab.org//volatile/eic/EPIC/RECO/25.08.0/epic_craterlake/DIS/NC/5x41/minQ2=100/pythia8NCDIS_5x41_minQ2=100_beamEffects_xAngle=-0.025_hiDiv_4.0377.eicrecon.edm4eic.root,1438.0
root://dtn-eic.jlab.org//volatile/eic/EPIC/RECO/25.08.0/epic_craterlake/DIS/NC/5x41/minQ2=100/pythia8NCDIS_5x41_minQ2=100_beamEffects_xAngle=-0.025_hiDiv_4.0378.eicrecon.edm4eic.root,1438.0
root://dtn-eic.jlab.org//volatile/eic/EPIC/RECO/25.08.0/epic_craterlake/DIS/NC/5x41/minQ2=100/pythia8NCDIS_5x41_minQ2=100_beamEffects_xAngle=-0.025_hiDiv_4.0379.eicrecon.edm4eic.root,1438.0
root://dtn-eic.jlab.org//volatile/eic/EPIC/RECO/25.08.0/epic_craterlake/DIS/NC/5x41/minQ2=100/pythia8NCDIS_5x41_minQ2=100_beamEffects_xAngle=-0.025_hiDiv_4.0380.eicrecon.edm4eic.root,1438.0
root://dtn-eic.jlab.org//volatile/eic/EPIC/RECO/25.08.0/epic_craterlake/DIS/NC/5x41/minQ2=100/pythia8NCDIS_5x41_minQ2=100_beamEffects_xAngle=-0.025_hiDiv_4.0381.eicrecon.edm4eic.root,1438.0
root://dtn-eic.jlab.org//volatile/eic/EPIC/RECO/25.08.0/epic_craterlake/DIS/NC/5x41/minQ2=100/pythia8NCDIS_5x41_minQ2=100_beamEffects_xAngle=-0.025_hiDiv_4.0382.eicrecon.edm4eic.root,1438.0
root://dtn-eic.jlab.org//volatile/eic/EPIC/RECO/25.08.0/epic_craterlake/DIS/NC/5x41/minQ2=100/pythia8NCDIS_5x41_minQ2=100_beamEffects_xAngle=-0.025_hiDiv_4.0383.eicrecon.edm4eic.root,1438.0
root://dtn-eic.jlab.org//volatile/eic/EPIC/RECO/25.08.0/epic_craterlake/DIS/NC/5x41/minQ2=100/pythia8NCDIS_5x41_minQ2=100_beamEffects_xAngle=-0.025_hiDiv_4.0384.eicrecon.edm4eic.root,1438.0
root://dtn-eic.jlab.org//volatile/eic/EPIC/RECO/25.08.0/epic_craterlake/DIS/NC/5x41/minQ2=100/pythia8NCDIS_5x41_minQ2=100_beamEffects_xAngle=-0.025_hiDiv_4.0385.eicrecon.edm4eic.root,1438.0
root://dtn-eic.jlab.org//volatile/eic/EPIC/RECO/25.08.0/epic_craterlake/DIS/NC/5x41/minQ2=100/pythia8NCDIS_5x41_minQ2=100_beamEffects_xAngle=-0.025_hiDiv_4.0386.eicrecon.edm4eic.root,1438.0
root://dtn-eic.jlab.org//volatile/eic/EPIC/RECO/25.08.0/epic_craterlake/DIS/NC/5x41/minQ2=100/pythia8NCDIS_5x41_minQ2=100_beamEffects_xAngle=-0.025_hiDiv_4.0387.eicrecon.edm4eic.root,1438.0
root://dtn-eic.jlab.org//volatile/eic/EPIC/RECO/25.08.0/epic_craterlake/DIS/NC/5x41/minQ2=100/pythia8NCDIS_5x41_minQ2=100_beamEffects_xAngle=-0.025_hiDiv_4.0388.eicrecon.edm4eic.root,1438.0
root://dtn-eic.jlab.org//volatile/eic/EPIC/RECO/25.08.0/epic_craterlake/DIS/NC/5x41/minQ2=100/pythia8NCDIS_5x41_minQ2=100_beamEffects_xAngle=-0.025_hiDiv_4.0389.eicrecon.edm4eic.root,1438.0
root://dtn-eic.jlab.org//volatile/eic/EPIC/RECO/25.08.0/epic_craterlake/DIS/NC/5x41/minQ2=100/pythia8NCDIS_5x41_minQ2=100_beamEffects_xAngle=-0.025_hiDiv_4.0390.eicrecon.edm4eic.root,1438.0
root://dtn-eic.jlab.org//volatile/eic/EPIC/RECO/25.08.0/epic_craterlake/DIS/NC/5x41/minQ2=100/pythia8NCDIS_5x41_minQ2=100_beamEffects_xAngle=-0.025_hiDiv_4.0391.eicrecon.edm4eic.root,1438.0
root://dtn-eic.jlab.org//volatile/eic/EPIC/RECO/25.08.0/epic_craterlake/DIS/NC/5x41/minQ2=100/pythia8NCDIS_5x41_minQ2=100_beamEffects_xAngle=-0.025_hiDiv_4.0392.eicrecon.edm4eic.root,1438.0
root://dtn-eic.jlab.org//volatile/eic/EPIC/RECO/25.08.0/epic_craterlake/DIS/NC/5x41/minQ2=100/pythia8NCDIS_5x41_minQ2=100_beamEffects_xAngle=-0.025_hiDiv_4.0393.eicrecon.edm4eic.root,1438.0
root://dtn-eic.jlab.org//volatile/eic/EPIC/RECO/25.08.0/epic_craterlake/DIS/NC/5x41/minQ2=100/pythia8NCDIS_5x41_minQ2=100_beamEffects_xAngle=-0.025_hiDiv_4.0394.eicrecon.edm4eic.root,1438.0
root://dtn-eic.jlab.org//volatile/eic/EPIC/RECO/25.08.0/epic_craterlake/DIS/NC/5x41/minQ2=100/pythia8NCDIS_5x41_minQ2=100_beamEffects_xAngle=-0.025_hiDiv_4.0395.eicrecon.edm4eic.root,1438.0
root://dtn-eic.jlab.org//volatile/eic/EPIC/RECO/25.08.0/epic_craterlake/DIS/NC/5x41/minQ2=100/pythia8NCDIS_5x41_minQ2=100_beamEffects_xAngle=-0.025_hiDiv_4.0396.eicrecon.edm4eic.root,1438.0
root://dtn-eic.jlab.org//volatile/eic/EPIC/RECO/25.08.0/epic_craterlake/DIS/NC/5x41/minQ2=100/pythia8NCDIS_5x41_minQ2=100_beamEffects_xAngle=-0.025_hiDiv_4.0397.eicrecon.edm4eic.root,1438.0
root://dtn-eic.jlab.org//volatile/eic/EPIC/RECO/25.08.0/epic_craterlake/DIS/NC/5x41/minQ2=100/pythia8NCDIS_5x41_minQ2=100_beamEffects_xAngle=-0.025_hiDiv_4.0398.eicrecon.edm4eic.root,1438.0
root://dtn-eic.jlab.org//volatile/eic/EPIC/RECO/25.08.0/epic_craterlake/DIS/NC/5x41/minQ2=100/pythia8NCDIS_5x41_minQ2=100_beamEffects_xAngle=-0.025_hiDiv_4.0399.eicrecon.edm4eic.root,1438.0
root://dtn-eic.jlab.org//volatile/eic/EPIC/RECO/25.08.0/epic_craterlake/DIS/NC/5x41/minQ2=100/pythia8NCDIS_5x41_minQ2=100_beamEffects_xAngle=-0.025_hiDiv_4.0400.eicrecon.edm4eic.root,1438.0
root://dtn-eic.jlab.org//volatile/eic/EPIC/RECO/25.08.0/epic_craterlake/DIS/NC/5x41/minQ2=100/pythia8NCDIS_5x41_minQ2=100_beamEffects_xAngle=-0.025_hiDiv_4.0401.eicrecon.edm4eic.root,1438.0
root://dtn-eic.jlab.org//volatile/eic/EPIC/RECO/25.08.0/epic_craterlake/DIS/NC/5x41/minQ2=100/pythia8NCDIS_5x41_minQ2=100_beamEffects_xAngle=-0.025_hiDiv_4.0402.eicrecon.edm4eic.root,1438.0
root://dtn-eic.jlab.org//volatile/eic/EPIC/RECO/25.08.0/epic_craterlake/DIS/NC/5x41/minQ2=100/pythia8NCDIS_5x41_minQ2=100_beamEffects_xAngle=-0.025_hiDiv_4.0403.eicrecon.edm4eic.root,1438.0
root://dtn-eic.jlab.org//volatile/eic/EPIC/RECO/25.08.0/epic_craterlake/DIS/NC/5x41/minQ2=100/pythia8NCDIS_5x41_minQ2=100_beamEffects_xAngle=-0.025_hiDiv_4.0404.eicrecon.edm4eic.root,1438.0
root://dtn-eic.jlab.org//volatile/eic/EPIC/RECO/25.08.0/epic_craterlake/DIS/NC/5x41/minQ2=100/pythia8NCDIS_5x41_minQ2=100_beamEffects_xAngle=-0.025_hiDiv_4.0405.eicrecon.edm4eic.root,1438.0
root://dtn-eic.jlab.org//volatile/eic/EPIC/RECO/25.08.0/epic_craterlake/DIS/NC/5x41/minQ2=100/pythia8NCDIS_5x41_minQ2=100_beamEffects_xAngle=-0.025_hiDiv_4.0406.eicrecon.edm4eic.root,1438.0
root://dtn-eic.jlab.org//volatile/eic/EPIC/RECO/25.08.0/epic_craterlake/DIS/NC/5x41/minQ2=100/pythia8NCDIS_5x41_minQ2=100_beamEffects_xAngle=-0.025_hiDiv_4.0407.eicrecon.edm4eic.root,1438.0
root://dtn-eic.jlab.org//volatile/eic/EPIC/RECO/25.08.0/epic_craterlake/DIS/NC/5x41/minQ2=100/pythia8NCDIS_5x41_minQ2=100_beamEffects_xAngle=-0.025_hiDiv_4.0408.eicrecon.edm4eic.root,1438.0
root://dtn-eic.jlab.org//volatile/eic/EPIC/RECO/25.08.0/epic_craterlake/DIS/NC/5x41/minQ2=100/pythia8NCDIS_5x41_minQ2=100_beamEffects_xAngle=-0.025_hiDiv_4.0409.eicrecon.edm4eic.root,1438.0
root://dtn-eic.jlab.org//volatile/eic/EPIC/RECO/25.08.0/epic_craterlake/DIS/NC/5x41/minQ2=100/pythia8NCDIS_5x41_minQ2=100_beamEffects_xAngle=-0.025_hiDiv_4.0410.eicrecon.edm4eic.root,1438.0
root://dtn-eic.jlab.org//volatile/eic/EPIC/RECO/25.08.0/epic_craterlake/DIS/NC/5x41/minQ2=100/pythia8NCDIS_5x41_minQ2=100_beamEffects_xAngle=-0.025_hiDiv_4.0411.eicrecon.edm4eic.root,1438.0
root://dtn-eic.jlab.org//volatile/eic/EPIC/RECO/25.08.0/epic_craterlake/DIS/NC/5x41/minQ2=100/pythia8NCDIS_5x41_minQ2=100_beamEffects_xAngle=-0.025_hiDiv_4.0412.eicrecon.edm4eic.root,1438.0
root://dtn-eic.jlab.org//volatile/eic/EPIC/RECO/25.08.0/epic_craterlake/DIS/NC/5x41/minQ2=100/pythia8NCDIS_5x41_minQ2=100_beamEffects_xAngle=-0.025_hiDiv_4.0413.eicrecon.edm4eic.root,1438.0
root://dtn-eic.jlab.org//volatile/eic/EPIC/RECO/25.08.0/epic_craterlake/DIS/NC/5x41/minQ2=100/pythia8NCDIS_5x41_minQ2=100_beamEffects_xAngle=-0.025_hiDiv_4.0414.eicrecon.edm4eic.root,1438.0
root://dtn-eic.jlab.org//volatile/eic/EPIC/RECO/25.08.0/epic_craterlake/DIS/NC/5x41/minQ2=100/pythia8NCDIS_5x41_minQ2=100_beamEffects_xAngle=-0.025_hiDiv_4.0415.eicrecon.edm4eic.root,1438.0
root://dtn-eic.jlab.org//volatile/eic/EPIC/RECO/25.08.0/epic_craterlake/DIS/NC/5x41/minQ2=100/pythia8NCDIS_5x41_minQ2=100_beamEffects_xAngle=-0.025_hiDiv_4.0416.eicrecon.edm4eic.root,1438.0
root://dtn-eic.jlab.org//volatile/eic/EPIC/RECO/25.08.0/epic_craterlake/DIS/NC/5x41/minQ2=100/pythia8NCDIS_5x41_minQ2=100_beamEffects_xAngle=-0.025_hiDiv_4.0417.eicrecon.edm4eic.root,1438.0
root://dtn-eic.jlab.org//volatile/eic/EPIC/RECO/25.08.0/epic_craterlake/DIS/NC/5x41/minQ2=100/pythia8NCDIS_5x41_minQ2=100_beamEffects_xAngle=-0.025_hiDiv_4.0418.eicrecon.edm4eic.root,1438.0
root://dtn-eic.jlab.org//volatile/eic/EPIC/RECO/25.08.0/epic_craterlake/DIS/NC/5x41/minQ2=100/pythia8NCDIS_5x41_minQ2=100_beamEffects_xAngle=-0.025_hiDiv_4.0419.eicrecon.edm4eic.root,1438.0
root://dtn-eic.jlab.org//volatile/eic/EPIC/RECO/25.08.0/epic_craterlake/DIS/NC/5x41/minQ2=100/pythia8NCDIS_5x41_minQ2=100_beamEffects_xAngle=-0.025_hiDiv_4.0420.eicrecon.edm4eic.root,1438.0
root://dtn-eic.jlab.org//volatile/eic/EPIC/RECO/25.08.0/epic_craterlake/DIS/NC/5x41/minQ2=100/pythia8NCDIS_5x41_minQ2=100_beamEffects_xAngle=-0.025_hiDiv_4.0421.eicrecon.edm4eic.root,1438.0
root://dtn-eic.jlab.org//volatile/eic/EPIC/RECO/25.08.0/epic_craterlake/DIS/NC/5x41/minQ2=100/pythia8NCDIS_5x41_minQ2=100_beamEffects_xAngle=-0.025_hiDiv_4.0422.eicrecon.edm4eic.root,1438.0
root://dtn-eic.jlab.org//volatile/eic/EPIC/RECO/25.08.0/epic_craterlake/DIS/NC/5x41/minQ2=100/pythia8NCDIS_5x41_minQ2=100_beamEffects_xAngle=-0.025_hiDiv_4.0423.eicrecon.edm4eic.root,1438.0
root://dtn-eic.jlab.org//volatile/eic/EPIC/RECO/25.08.0/epic_craterlake/DIS/NC/5x41/minQ2=100/pythia8NCDIS_5x41_minQ2=100_beamEffects_xAngle=-0.025_hiDiv_4.0424.eicrecon.edm4eic.root,1438.0
root://dtn-eic.jlab.org//volatile/eic/EPIC/RECO/25.08.0/epic_craterlake/DIS/NC/5x41/minQ2=100/pythia8NCDIS_5x41_minQ2=100_beamEffects_xAngle=-0.025_hiDiv_4.0425.eicrecon.edm4eic.root,1438.0
root://dtn-eic.jlab.org//volatile/eic/EPIC/RECO/25.08.0/epic_craterlake/DIS/NC/5x41/minQ2=100/pythia8NCDIS_5x41_minQ2=100_beamEffects_xAngle=-0.025_hiDiv_4.0426.eicrecon.edm4eic.root,1438.0
root://dtn-eic.jlab.org//volatile/eic/EPIC/RECO/25.08.0/epic_craterlake/DIS/NC/5x41/minQ2=100/pythia8NCDIS_5x41_minQ2=100_beamEffects_xAngle=-0.025_hiDiv_4.0427.eicrecon.edm4eic.root,1438.0
root://dtn-eic.jlab.org//volatile/eic/EPIC/RECO/25.08.0/epic_craterlake/DIS/NC/5x41/minQ2=100/pythia8NCDIS_5x41_minQ2=100_beamEffects_xAngle=-0.025_hiDiv_4.0428.eicrecon.edm4eic.root,1438.0
root://dtn-eic.jlab.org//volatile/eic/EPIC/RECO/25.08.0/epic_craterlake/DIS/NC/5x41/minQ2=100/pythia8NCDIS_5x41_minQ2=100_beamEffects_xAngle=-0.025_hiDiv_4.0429.eicrecon.edm4eic.root,1438.0
root://dtn-eic.jlab.org//volatile/eic/EPIC/RECO/25.08.0/epic_craterlake/DIS/NC/5x41/minQ2=100/pythia8NCDIS_5x41_minQ2=100_beamEffects_xAngle=-0.025_hiDiv_4.0430.eicrecon.edm4eic.root,1438.0
root://dtn-eic.jlab.org//volatile/eic/EPIC/RECO/25.08.0/epic_craterlake/DIS/NC/5x41/minQ2=100/pythia8NCDIS_5x41_minQ2=100_beamEffects_xAngle=-0.025_hiDiv_4.0431.eicrecon.edm4eic.root,1438.0
root://dtn-eic.jlab.org//volatile/eic/EPIC/RECO/25.08.0/epic_craterlake/DIS/NC/5x41/minQ2=100/pythia8NCDIS_5x41_minQ2=100_beamEffects_xAngle=-0.025_hiDiv_4.0432.eicrecon.edm4eic.root,1438.0
root://dtn-eic.jlab.org//volatile/eic/EPIC/RECO/25.08.0/epic_craterlake/DIS/NC/5x41/minQ2=100/pythia8NCDIS_5x41_minQ2=100_beamEffects_xAngle=-0.025_hiDiv_4.0433.eicrecon.edm4eic.root,1438.0
root://dtn-eic.jlab.org//volatile/eic/EPIC/RECO/25.08.0/epic_craterlake/DIS/NC/5x41/minQ2=100/pythia8NCDIS_5x41_minQ2=100_beamEffects_xAngle=-0.025_hiDiv_4.0434.eicrecon.edm4eic.root,1438.0
root://dtn-eic.jlab.org//volatile/eic/EPIC/RECO/25.08.0/epic_craterlake/DIS/NC/5x41/minQ2=100/pythia8NCDIS_5x41_minQ2=100_beamEffects_xAngle=-0.025_hiDiv_4.0435.eicrecon.edm4eic.root,1438.0
root://dtn-eic.jlab.org//volatile/eic/EPIC/RECO/25.08.0/epic_craterlake/DIS/NC/5x41/minQ2=100/pythia8NCDIS_5x41_minQ2=100_beamEffects_xAngle=-0.025_hiDiv_4.0436.eicrecon.edm4eic.root,1438.0
root://dtn-eic.jlab.org//volatile/eic/EPIC/RECO/25.08.0/epic_craterlake/DIS/NC/5x41/minQ2=100/pythia8NCDIS_5x41_minQ2=100_beamEffects_xAngle=-0.025_hiDiv_4.0437.eicrecon.edm4eic.root,1438.0
root://dtn-eic.jlab.org//volatile/eic/EPIC/RECO/25.08.0/epic_craterlake/DIS/NC/5x41/minQ2=100/pythia8NCDIS_5x41_minQ2=100_beamEffects_xAngle=-0.025_hiDiv_4.0438.eicrecon.edm4eic.root,1438.0
root://dtn-eic.jlab.org//volatile/eic/EPIC/RECO/25.08.0/epic_craterlake/DIS/NC/5x41/minQ2=100/pythia8NCDIS_5x41_minQ2=100_beamEffects_xAngle=-0.025_hiDiv_4.0439.eicrecon.edm4eic.root,1438.0
root://dtn-eic.jlab.org//volatile/eic/EPIC/RECO/25.08.0/epic_craterlake/DIS/NC/5x41/minQ2=100/pythia8NCDIS_5x41_minQ2=100_beamEffects_xAngle=-0.025_hiDiv_4.0440.eicrecon.edm4eic.root,1438.0
root://dtn-eic.jlab.org//volatile/eic/EPIC/RECO/25.08.0/epic_craterlake/DIS/NC/5x41/minQ2=100/pythia8NCDIS_5x41_minQ2=100_beamEffects_xAngle=-0.025_hiDiv_4.0441.eicrecon.edm4eic.root,1438.0
root://dtn-eic.jlab.org//volatile/eic/EPIC/RECO/25.08.0/epic_craterlake/DIS/NC/5x41/minQ2=100/pythia8NCDIS_5x41_minQ2=100_beamEffects_xAngle=-0.025_hiDiv_4.0442.eicrecon.edm4eic.root,1438.0
root://dtn-eic.jlab.org//volatile/eic/EPIC/RECO/25.08.0/epic_craterlake/DIS/NC/5x41/minQ2=100/pythia8NCDIS_5x41_minQ2=100_beamEffects_xAngle=-0.025_hiDiv_4.0443.eicrecon.edm4eic.root,1438.0
root://dtn-eic.jlab.org//volatile/eic/EPIC/RECO/25.08.0/epic_craterlake/DIS/NC/5x41/minQ2=100/pythia8NCDIS_5x41_minQ2=100_beamEffects_xAngle=-0.025_hiDiv_4.0444.eicrecon.edm4eic.root,1438.0
root://dtn-eic.jlab.org//volatile/eic/EPIC/RECO/25.08.0/epic_craterlake/DIS/NC/5x41/minQ2=100/pythia8NCDIS_5x41_minQ2=100_beamEffects_xAngle=-0.025_hiDiv_4.0445.eicrecon.edm4eic.root,1438.0
root://dtn-eic.jlab.org//volatile/eic/EPIC/RECO/25.08.0/epic_craterlake/DIS/NC/5x41/minQ2=100/pythia8NCDIS_5x41_minQ2=100_beamEffects_xAngle=-0.025_hiDiv_4.0446.eicrecon.edm4eic.root,1438.0
root://dtn-eic.jlab.org//volatile/eic/EPIC/RECO/25.08.0/epic_craterlake/DIS/NC/5x41/minQ2=100/pythia8NCDIS_5x41_minQ2=100_beamEffects_xAngle=-0.025_hiDiv_4.0447.eicrecon.edm4eic.root,1438.0
root://dtn-eic.jlab.org//volatile/eic/EPIC/RECO/25.08.0/epic_craterlake/DIS/NC/5x41/minQ2=100/pythia8NCDIS_5x41_minQ2=100_beamEffects_xAngle=-0.025_hiDiv_4.0448.eicrecon.edm4eic.root,1438.0
root://dtn-eic.jlab.org//volatile/eic/EPIC/RECO/25.08.0/epic_craterlake/DIS/NC/5x41/minQ2=100/pythia8NCDIS_5x41_minQ2=100_beamEffects_xAngle=-0.025_hiDiv_4.0449.eicrecon.edm4eic.root,1438.0
root://dtn-eic.jlab.org//volatile/eic/EPIC/RECO/25.08.0/epic_craterlake/DIS/NC/5x41/minQ2=100/pythia8NCDIS_5x41_minQ2=100_beamEffects_xAngle=-0.025_hiDiv_4.0450.eicrecon.edm4eic.root,1438.0
root://dtn-eic.jlab.org//volatile/eic/EPIC/RECO/25.08.0/epic_craterlake/DIS/NC/5x41/minQ2=100/pythia8NCDIS_5x41_minQ2=100_beamEffects_xAngle=-0.025_hiDiv_4.0451.eicrecon.edm4eic.root,1438.0
root://dtn-eic.jlab.org//volatile/eic/EPIC/RECO/25.08.0/epic_craterlake/DIS/NC/5x41/minQ2=100/pythia8NCDIS_5x41_minQ2=100_beamEffects_xAngle=-0.025_hiDiv_4.0452.eicrecon.edm4eic.root,1438.0
root://dtn-eic.jlab.org//volatile/eic/EPIC/RECO/25.08.0/epic_craterlake/DIS/NC/5x41/minQ2=100/pythia8NCDIS_5x41_minQ2=100_beamEffects_xAngle=-0.025_hiDiv_4.0453.eicrecon.edm4eic.root,1438.0
root://dtn-eic.jlab.org//volatile/eic/EPIC/RECO/25.08.0/epic_craterlake/DIS/NC/5x41/minQ2=100/pythia8NCDIS_5x41_minQ2=100_beamEffects_xAngle=-0.025_hiDiv_4.0454.eicrecon.edm4eic.root,1438.0
root://dtn-eic.jlab.org//volatile/eic/EPIC/RECO/25.08.0/epic_craterlake/DIS/NC/5x41/minQ2=100/pythia8NCDIS_5x41_minQ2=100_beamEffects_xAngle=-0.025_hiDiv_4.0455.eicrecon.edm4eic.root,1438.0
root://dtn-eic.jlab.org//volatile/eic/EPIC/RECO/25.08.0/epic_craterlake/DIS/NC/5x41/minQ2=100/pythia8NCDIS_5x41_minQ2=100_beamEffects_xAngle=-0.025_hiDiv_4.0456.eicrecon.edm4eic.root,1438.0
root://dtn-eic.jlab.org//volatile/eic/EPIC/RECO/25.08.0/epic_craterlake/DIS/NC/5x41/minQ2=100/pythia8NCDIS_5x41_minQ2=100_beamEffects_xAngle=-0.025_hiDiv_4.0457.eicrecon.edm4eic.root,1438.0
root://dtn-eic.jlab.org//volatile/eic/EPIC/RECO/25.08.0/epic_craterlake/DIS/NC/5x41/minQ2=100/pythia8NCDIS_5x41_minQ2=100_beamEffects_xAngle=-0.025_hiDiv_4.0458.eicrecon.edm4eic.root,1438.0
root://dtn-eic.jlab.org//volatile/eic/EPIC/RECO/25.08.0/epic_craterlake/DIS/NC/5x41/minQ2=100/pythia8NCDIS_5x41_minQ2=100_beamEffects_xAngle=-0.025_hiDiv_4.0459.eicrecon.edm4eic.root,1438.0
root://dtn-eic.jlab.org//volatile/eic/EPIC/RECO/25.08.0/epic_craterlake/DIS/NC/5x41/minQ2=100/pythia8NCDIS_5x41_minQ2=100_beamEffects_xAngle=-0.025_hiDiv_4.0460.eicrecon.edm4eic.root,1438.0
root://dtn-eic.jlab.org//volatile/eic/EPIC/RECO/25.08.0/epic_craterlake/DIS/NC/5x41/minQ2=100/pythia8NCDIS_5x41_minQ2=100_beamEffects_xAngle=-0.025_hiDiv_4.0461.eicrecon.edm4eic.root,1438.0
root://dtn-eic.jlab.org//volatile/eic/EPIC/RECO/25.08.0/epic_craterlake/DIS/NC/5x41/minQ2=100/pythia8NCDIS_5x41_minQ2=100_beamEffects_xAngle=-0.025_hiDiv_4.0462.eicrecon.edm4eic.root,1438.0
root://dtn-eic.jlab.org//volatile/eic/EPIC/RECO/25.08.0/epic_craterlake/DIS/NC/5x41/minQ2=100/pythia8NCDIS_5x41_minQ2=100_beamEffects_xAngle=-0.025_hiDiv_4.0463.eicrecon.edm4eic.root,1438.0
root://dtn-eic.jlab.org//volatile/eic/EPIC/RECO/25.08.0/epic_craterlake/DIS/NC/5x41/minQ2=100/pythia8NCDIS_5x41_minQ2=100_beamEffects_xAngle=-0.025_hiDiv_4.0464.eicrecon.edm4eic.root,1438.0
root://dtn-eic.jlab.org//volatile/eic/EPIC/RECO/25.08.0/epic_craterlake/DIS/NC/5x41/minQ2=100/pythia8NCDIS_5x41_minQ2=100_beamEffects_xAngle=-0.025_hiDiv_4.0465.eicrecon.edm4eic.root,1438.0
root://dtn-eic.jlab.org//volatile/eic/EPIC/RECO/25.08.0/epic_craterlake/DIS/NC/5x41/minQ2=100/pythia8NCDIS_5x41_minQ2=100_beamEffects_xAngle=-0.025_hiDiv_4.0466.eicrecon.edm4eic.root,1438.0
root://dtn-eic.jlab.org//volatile/eic/EPIC/RECO/25.08.0/epic_craterlake/DIS/NC/5x41/minQ2=100/pythia8NCDIS_5x41_minQ2=100_beamEffects_xAngle=-0.025_hiDiv_4.0467.eicrecon.edm4eic.root,1438.0
root://dtn-eic.jlab.org//volatile/eic/EPIC/RECO/25.08.0/epic_craterlake/DIS/NC/5x41/minQ2=100/pythia8NCDIS_5x41_minQ2=100_beamEffects_xAngle=-0.025_hiDiv_4.0468.eicrecon.edm4eic.root,1438.0
root://dtn-eic.jlab.org//volatile/eic/EPIC/RECO/25.08.0/epic_craterlake/DIS/NC/5x41/minQ2=100/pythia8NCDIS_5x41_minQ2=100_beamEffects_xAngle=-0.025_hiDiv_4.0469.eicrecon.edm4eic.root,1438.0
root://dtn-eic.jlab.org//volatile/eic/EPIC/RECO/25.08.0/epic_craterlake/DIS/NC/5x41/minQ2=100/pythia8NCDIS_5x41_minQ2=100_beamEffects_xAngle=-0.025_hiDiv_4.0470.eicrecon.edm4eic.root,1438.0
root://dtn-eic.jlab.org//volatile/eic/EPIC/RECO/25.08.0/epic_craterlake/DIS/NC/5x41/minQ2=100/pythia8NCDIS_5x41_minQ2=100_beamEffects_xAngle=-0.025_hiDiv_4.0471.eicrecon.edm4eic.root,1438.0
root://dtn-eic.jlab.org//volatile/eic/EPIC/RECO/25.08.0/epic_craterlake/DIS/NC/5x41/minQ2=100/pythia8NCDIS_5x41_minQ2=100_beamEffects_xAngle=-0.025_hiDiv_4.0472.eicrecon.edm4eic.root,1438.0
root://dtn-eic.jlab.org//volatile/eic/EPIC/RECO/25.08.0/epic_craterlake/DIS/NC/5x41/minQ2=100/pythia8NCDIS_5x41_minQ2=100_beamEffects_xAngle=-0.025_hiDiv_4.0473.eicrecon.edm4eic.root,1438.0
root://dtn-eic.jlab.org//volatile/eic/EPIC/RECO/25.08.0/epic_craterlake/DIS/NC/5x41/minQ2=100/pythia8NCDIS_5x41_minQ2=100_beamEffects_xAngle=-0.025_hiDiv_4.0474.eicrecon.edm4eic.root,1438.0
root://dtn-eic.jlab.org//volatile/eic/EPIC/RECO/25.08.0/epic_craterlake/DIS/NC/5x41/minQ2=100/pythia8NCDIS_5x41_minQ2=100_beamEffects_xAngle=-0.025_hiDiv_4.0475.eicrecon.edm4eic.root,1438.0
root://dtn-eic.jlab.org//volatile/eic/EPIC/RECO/25.08.0/epic_craterlake/DIS/NC/5x41/minQ2=100/pythia8NCDIS_5x41_minQ2=100_beamEffects_xAngle=-0.025_hiDiv_4.0476.eicrecon.edm4eic.root,1438.0
root://dtn-eic.jlab.org//volatile/eic/EPIC/RECO/25.08.0/epic_craterlake/DIS/NC/5x41/minQ2=100/pythia8NCDIS_5x41_minQ2=100_beamEffects_xAngle=-0.025_hiDiv_4.0477.eicrecon.edm4eic.root,1438.0
root://dtn-eic.jlab.org//volatile/eic/EPIC/RECO/25.08.0/epic_craterlake/DIS/NC/5x41/minQ2=100/pythia8NCDIS_5x41_minQ2=100_beamEffects_xAngle=-0.025_hiDiv_4.0478.eicrecon.edm4eic.root,1438.0
root://dtn-eic.jlab.org//volatile/eic/EPIC/RECO/25.08.0/epic_craterlake/DIS/NC/5x41/minQ2=100/pythia8NCDIS_5x41_minQ2=100_beamEffects_xAngle=-0.025_hiDiv_4.0479.eicrecon.edm4eic.root,1438.0
root://dtn-eic.jlab.org//volatile/eic/EPIC/RECO/25.08.0/epic_craterlake/DIS/NC/5x41/minQ2=100/pythia8NCDIS_5x41_minQ2=100_beamEffects_xAngle=-0.025_hiDiv_4.0480.eicrecon.edm4eic.root,1438.0
root://dtn-eic.jlab.org//volatile/eic/EPIC/RECO/25.08.0/epic_craterlake/DIS/NC/5x41/minQ2=100/pythia8NCDIS_5x41_minQ2=100_beamEffects_xAngle=-0.025_hiDiv_4.0481.eicrecon.edm4eic.root,1438.0
root://dtn-eic.jlab.org//volatile/eic/EPIC/RECO/25.08.0/epic_craterlake/DIS/NC/5x41/minQ2=100/pythia8NCDIS_5x41_minQ2=100_beamEffects_xAngle=-0.025_hiDiv_4.0482.eicrecon.edm4eic.root,1438.0
root://dtn-eic.jlab.org//volatile/eic/EPIC/RECO/25.08.0/epic_craterlake/DIS/NC/5x41/minQ2=100/pythia8NCDIS_5x41_minQ2=100_beamEffects_xAngle=-0.025_hiDiv_4.0483.eicrecon.edm4eic.root,1438.0
root://dtn-eic.jlab.org//volatile/eic/EPIC/RECO/25.08.0/epic_craterlake/DIS/NC/5x41/minQ2=100/pythia8NCDIS_5x41_minQ2=100_beamEffects_xAngle=-0.025_hiDiv_4.0484.eicrecon.edm4eic.root,1438.0
root://dtn-eic.jlab.org//volatile/eic/EPIC/RECO/25.08.0/epic_craterlake/DIS/NC/5x41/minQ2=100/pythia8NCDIS_5x41_minQ2=100_beamEffects_xAngle=-0.025_hiDiv_4.0485.eicrecon.edm4eic.root,1438.0
root://dtn-eic.jlab.org//volatile/eic/EPIC/RECO/25.08.0/epic_craterlake/DIS/NC/5x41/minQ2=100/pythia8NCDIS_5x41_minQ2=100_beamEffects_xAngle=-0.025_hiDiv_4.0486.eicrecon.edm4eic.root,1438.0
root://dtn-eic.jlab.org//volatile/eic/EPIC/RECO/25.08.0/epic_craterlake/DIS/NC/5x41/minQ2=100/pythia8NCDIS_5x41_minQ2=100_beamEffects_xAngle=-0.025_hiDiv_4.0487.eicrecon.edm4eic.root,1438.0
root://dtn-eic.jlab.org//volatile/eic/EPIC/RECO/25.08.0/epic_craterlake/DIS/NC/5x41/minQ2=100/pythia8NCDIS_5x41_minQ2=100_beamEffects_xAngle=-0.025_hiDiv_4.0488.eicrecon.edm4eic.root,1438.0
root://dtn-eic.jlab.org//volatile/eic/EPIC/RECO/25.08.0/epic_craterlake/DIS/NC/5x41/minQ2=100/pythia8NCDIS_5x41_minQ2=100_beamEffects_xAngle=-0.025_hiDiv_4.0489.eicrecon.edm4eic.root,1438.0
root://dtn-eic.jlab.org//volatile/eic/EPIC/RECO/25.08.0/epic_craterlake/DIS/NC/5x41/minQ2=100/pythia8NCDIS_5x41_minQ2=100_beamEffects_xAngle=-0.025_hiDiv_4.0490.eicrecon.edm4eic.root,1438.0
root://dtn-eic.jlab.org//volatile/eic/EPIC/RECO/25.08.0/epic_craterlake/DIS/NC/5x41/minQ2=100/pythia8NCDIS_5x41_minQ2=100_beamEffects_xAngle=-0.025_hiDiv_4.0491.eicrecon.edm4eic.root,1438.0
root://dtn-eic.jlab.org//volatile/eic/EPIC/RECO/25.08.0/epic_craterlake/DIS/NC/5x41/minQ2=100/pythia8NCDIS_5x41_minQ2=100_beamEffects_xAngle=-0.025_hiDiv_4.0492.eicrecon.edm4eic.root,1438.0
root://dtn-eic.jlab.org//volatile/eic/EPIC/RECO/25.08.0/epic_craterlake/DIS/NC/5x41/minQ2=100/pythia8NCDIS_5x41_minQ2=100_beamEffects_xAngle=-0.025_hiDiv_4.0493.eicrecon.edm4eic.root,1438.0
root://dtn-eic.jlab.org//volatile/eic/EPIC/RECO/25.08.0/epic_craterlake/DIS/NC/5x41/minQ2=100/pythia8NCDIS_5x41_minQ2=100_beamEffects_xAngle=-0.025_hiDiv_4.0494.eicrecon.edm4eic.root,1438.0
root://dtn-eic.jlab.org//volatile/eic/EPIC/RECO/25.08.0/epic_craterlake/DIS/NC/5x41/minQ2=100/pythia8NCDIS_5x41_minQ2=100_beamEffects_xAngle=-0.025_hiDiv_4.0495.eicrecon.edm4eic.root,1438.0
root://dtn-eic.jlab.org//volatile/eic/EPIC/RECO/25.08.0/epic_craterlake/DIS/NC/5x41/minQ2=100/pythia8NCDIS_5x41_minQ2=100_beamEffects_xAngle=-0.025_hiDiv_4.0496.eicrecon.edm4eic.root,1438.0
root://dtn-eic.jlab.org//volatile/eic/EPIC/RECO/25.08.0/epic_craterlake/DIS/NC/5x41/minQ2=100/pythia8NCDIS_5x41_minQ2=100_beamEffects_xAngle=-0.025_hiDiv_4.0497.eicrecon.edm4eic.root,1438.0
root://dtn-eic.jlab.org//volatile/eic/EPIC/RECO/25.08.0/epic_craterlake/DIS/NC/5x41/minQ2=100/pythia8NCDIS_5x41_minQ2=100_beamEffects_xAngle=-0.025_hiDiv_4.0498.eicrecon.edm4eic.root,1438.0
root://dtn-eic.jlab.org//volatile/eic/EPIC/RECO/25.08.0/epic_craterlake/DIS/NC/5x41/minQ2=100/pythia8NCDIS_5x41_minQ2=100_beamEffects_xAngle=-0.025_hiDiv_4.0499.eicrecon.edm4eic.root,1438.0
root://dtn-eic.jlab.org//volatile/eic/EPIC/RECO/25.08.0/epic_craterlake/DIS/NC/5x41/minQ2=100/pythia8NCDIS_5x41_minQ2=100_beamEffects_xAngle=-0.025_hiDiv_4.0500.eicrecon.edm4eic.root,1438.0
root://dtn-eic.jlab.org//volatile/eic/EPIC/RECO/25.08.0/epic_craterlake/DIS/NC/5x41/minQ2=100/pythia8NCDIS_5x41_minQ2=100_beamEffects_xAngle=-0.025_hiDiv_4.0501.eicrecon.edm4eic.root,1438.0
root://dtn-eic.jlab.org//volatile/eic/EPIC/RECO/25.08.0/epic_craterlake/DIS/NC/5x41/minQ2=100/pythia8NCDIS_5x41_minQ2=100_beamEffects_xAngle=-0.025_hiDiv_4.0502.eicrecon.edm4eic.root,1438.0
root://dtn-eic.jlab.org//volatile/eic/EPIC/RECO/25.08.0/epic_craterlake/DIS/NC/5x41/minQ2=100/pythia8NCDIS_5x41_minQ2=100_beamEffects_xAngle=-0.025_hiDiv_4.0503.eicrecon.edm4eic.root,1438.0
root://dtn-eic.jlab.org//volatile/eic/EPIC/RECO/25.08.0/epic_craterlake/DIS/NC/5x41/minQ2=100/pythia8NCDIS_5x41_minQ2=100_beamEffects_xAngle=-0.025_hiDiv_4.0504.eicrecon.edm4eic.root,1438.0
root://dtn-eic.jlab.org//volatile/eic/EPIC/RECO/25.08.0/epic_craterlake/DIS/NC/5x41/minQ2=100/pythia8NCDIS_5x41_minQ2=100_beamEffects_xAngle=-0.025_hiDiv_4.0505.eicrecon.edm4eic.root,1438.0
root://dtn-eic.jlab.org//volatile/eic/EPIC/RECO/25.08.0/epic_craterlake/DIS/NC/5x41/minQ2=100/pythia8NCDIS_5x41_minQ2=100_beamEffects_xAngle=-0.025_hiDiv_4.0506.eicrecon.edm4eic.root,1438.0
root://dtn-eic.jlab.org//volatile/eic/EPIC/RECO/25.08.0/epic_craterlake/DIS/NC/5x41/minQ2=100/pythia8NCDIS_5x41_minQ2=100_beamEffects_xAngle=-0.025_hiDiv_4.0507.eicrecon.edm4eic.root,1438.0
root://dtn-eic.jlab.org//volatile/eic/EPIC/RECO/25.08.0/epic_craterlake/DIS/NC/5x41/minQ2=100/pythia8NCDIS_5x41_minQ2=100_beamEffects_xAngle=-0.025_hiDiv_4.0508.eicrecon.edm4eic.root,1438.0
root://dtn-eic.jlab.org//volatile/eic/EPIC/RECO/25.08.0/epic_craterlake/DIS/NC/5x41/minQ2=100/pythia8NCDIS_5x41_minQ2=100_beamEffects_xAngle=-0.025_hiDiv_4.0509.eicrecon.edm4eic.root,1438.0
root://dtn-eic.jlab.org//volatile/eic/EPIC/RECO/25.08.0/epic_craterlake/DIS/NC/5x41/minQ2=100/pythia8NCDIS_5x41_minQ2=100_beamEffects_xAngle=-0.025_hiDiv_4.0510.eicrecon.edm4eic.root,1438.0
root://dtn-eic.jlab.org//volatile/eic/EPIC/RECO/25.08.0/epic_craterlake/DIS/NC/5x41/minQ2=100/pythia8NCDIS_5x41_minQ2=100_beamEffects_xAngle=-0.025_hiDiv_4.0511.eicrecon.edm4eic.root,1438.0
root://dtn-eic.jlab.org//volatile/eic/EPIC/RECO/25.08.0/epic_craterlake/DIS/NC/5x41/minQ2=100/pythia8NCDIS_5x41_minQ2=100_beamEffects_xAngle=-0.025_hiDiv_4.0512.eicrecon.edm4eic.root,1438.0
root://dtn-eic.jlab.org//volatile/eic/EPIC/RECO/25.08.0/epic_craterlake/DIS/NC/5x41/minQ2=100/pythia8NCDIS_5x41_minQ2=100_beamEffects_xAngle=-0.025_hiDiv_4.0513.eicrecon.edm4eic.root,1438.0
root://dtn-eic.jlab.org//volatile/eic/EPIC/RECO/25.08.0/epic_craterlake/DIS/NC/5x41/minQ2=100/pythia8NCDIS_5x41_minQ2=100_beamEffects_xAngle=-0.025_hiDiv_4.0514.eicrecon.edm4eic.root,1438.0
root://dtn-eic.jlab.org//volatile/eic/EPIC/RECO/25.08.0/epic_craterlake/DIS/NC/5x41/minQ2=100/pythia8NCDIS_5x41_minQ2=100_beamEffects_xAngle=-0.025_hiDiv_4.0515.eicrecon.edm4eic.root,1438.0
root://dtn-eic.jlab.org//volatile/eic/EPIC/RECO/25.08.0/epic_craterlake/DIS/NC/5x41/minQ2=100/pythia8NCDIS_5x41_minQ2=100_beamEffects_xAngle=-0.025_hiDiv_4.0516.eicrecon.edm4eic.root,1438.0
root://dtn-eic.jlab.org//volatile/eic/EPIC/RECO/25.08.0/epic_craterlake/DIS/NC/5x41/minQ2=100/pythia8NCDIS_5x41_minQ2=100_beamEffects_xAngle=-0.025_hiDiv_4.0517.eicrecon.edm4eic.root,1438.0
root://dtn-eic.jlab.org//volatile/eic/EPIC/RECO/25.08.0/epic_craterlake/DIS/NC/5x41/minQ2=100/pythia8NCDIS_5x41_minQ2=100_beamEffects_xAngle=-0.025_hiDiv_4.0518.eicrecon.edm4eic.root,1438.0
root://dtn-eic.jlab.org//volatile/eic/EPIC/RECO/25.08.0/epic_craterlake/DIS/NC/5x41/minQ2=100/pythia8NCDIS_5x41_minQ2=100_beamEffects_xAngle=-0.025_hiDiv_4.0519.eicrecon.edm4eic.root,1438.0
root://dtn-eic.jlab.org//volatile/eic/EPIC/RECO/25.08.0/epic_craterlake/DIS/NC/5x41/minQ2=100/pythia8NCDIS_5x41_minQ2=100_beamEffects_xAngle=-0.025_hiDiv_4.0520.eicrecon.edm4eic.root,1438.0
root://dtn-eic.jlab.org//volatile/eic/EPIC/RECO/25.08.0/epic_craterlake/DIS/NC/5x41/minQ2=100/pythia8NCDIS_5x41_minQ2=100_beamEffects_xAngle=-0.025_hiDiv_4.0521.eicrecon.edm4eic.root,1438.0
root://dtn-eic.jlab.org//volatile/eic/EPIC/RECO/25.08.0/epic_craterlake/DIS/NC/5x41/minQ2=100/pythia8NCDIS_5x41_minQ2=100_beamEffects_xAngle=-0.025_hiDiv_4.0522.eicrecon.edm4eic.root,1438.0
root://dtn-eic.jlab.org//volatile/eic/EPIC/RECO/25.08.0/epic_craterlake/DIS/NC/5x41/minQ2=100/pythia8NCDIS_5x41_minQ2=100_beamEffects_xAngle=-0.025_hiDiv_4.0523.eicrecon.edm4eic.root,1438.0
root://dtn-eic.jlab.org//volatile/eic/EPIC/RECO/25.08.0/epic_craterlake/DIS/NC/5x41/minQ2=100/pythia8NCDIS_5x41_minQ2=100_beamEffects_xAngle=-0.025_hiDiv_4.0524.eicrecon.edm4eic.root,1438.0
root://dtn-eic.jlab.org//volatile/eic/EPIC/RECO/25.08.0/epic_craterlake/DIS/NC/5x41/minQ2=100/pythia8NCDIS_5x41_minQ2=100_beamEffects_xAngle=-0.025_hiDiv_4.0525.eicrecon.edm4eic.root,1438.0
root://dtn-eic.jlab.org//volatile/eic/EPIC/RECO/25.08.0/epic_craterlake/DIS/NC/5x41/minQ2=100/pythia8NCDIS_5x41_minQ2=100_beamEffects_xAngle=-0.025_hiDiv_4.0526.eicrecon.edm4eic.root,1438.0
root://dtn-eic.jlab.org//volatile/eic/EPIC/RECO/25.08.0/epic_craterlake/DIS/NC/5x41/minQ2=100/pythia8NCDIS_5x41_minQ2=100_beamEffects_xAngle=-0.025_hiDiv_4.0527.eicrecon.edm4eic.root,1438.0
root://dtn-eic.jlab.org//volatile/eic/EPIC/RECO/25.08.0/epic_craterlake/DIS/NC/5x41/minQ2=100/pythia8NCDIS_5x41_minQ2=100_beamEffects_xAngle=-0.025_hiDiv_4.0528.eicrecon.edm4eic.root,1438.0
root://dtn-eic.jlab.org//volatile/eic/EPIC/RECO/25.08.0/epic_craterlake/DIS/NC/5x41/minQ2=100/pythia8NCDIS_5x41_minQ2=100_beamEffects_xAngle=-0.025_hiDiv_4.0529.eicrecon.edm4eic.root,1438.0
root://dtn-eic.jlab.org//volatile/eic/EPIC/RECO/25.08.0/epic_craterlake/DIS/NC/5x41/minQ2=100/pythia8NCDIS_5x41_minQ2=100_beamEffects_xAngle=-0.025_hiDiv_4.0530.eicrecon.edm4eic.root,1438.0
root://dtn-eic.jlab.org//volatile/eic/EPIC/RECO/25.08.0/epic_craterlake/DIS/NC/5x41/minQ2=100/pythia8NCDIS_5x41_minQ2=100_beamEffects_xAngle=-0.025_hiDiv_4.0531.eicrecon.edm4eic.root,1438.0
root://dtn-eic.jlab.org//volatile/eic/EPIC/RECO/25.08.0/epic_craterlake/DIS/NC/5x41/minQ2=100/pythia8NCDIS_5x41_minQ2=100_beamEffects_xAngle=-0.025_hiDiv_4.0532.eicrecon.edm4eic.root,1438.0
root://dtn-eic.jlab.org//volatile/eic/EPIC/RECO/25.08.0/epic_craterlake/DIS/NC/5x41/minQ2=100/pythia8NCDIS_5x41_minQ2=100_beamEffects_xAngle=-0.025_hiDiv_4.0533.eicrecon.edm4eic.root,1438.0
root://dtn-eic.jlab.org//volatile/eic/EPIC/RECO/25.08.0/epic_craterlake/DIS/NC/5x41/minQ2=100/pythia8NCDIS_5x41_minQ2=100_beamEffects_xAngle=-0.025_hiDiv_4.0534.eicrecon.edm4eic.root,1438.0
root://dtn-eic.jlab.org//volatile/eic/EPIC/RECO/25.08.0/epic_craterlake/DIS/NC/5x41/minQ2=100/pythia8NCDIS_5x41_minQ2=100_beamEffects_xAngle=-0.025_hiDiv_4.0535.eicrecon.edm4eic.root,1438.0
root://dtn-eic.jlab.org//volatile/eic/EPIC/RECO/25.08.0/epic_craterlake/DIS/NC/5x41/minQ2=100/pythia8NCDIS_5x41_minQ2=100_beamEffects_xAngle=-0.025_hiDiv_4.0536.eicrecon.edm4eic.root,1438.0
root://dtn-eic.jlab.org//volatile/eic/EPIC/RECO/25.08.0/epic_craterlake/DIS/NC/5x41/minQ2=100/pythia8NCDIS_5x41_minQ2=100_beamEffects_xAngle=-0.025_hiDiv_4.0537.eicrecon.edm4eic.root,1438.0
root://dtn-eic.jlab.org//volatile/eic/EPIC/RECO/25.08.0/epic_craterlake/DIS/NC/5x41/minQ2=100/pythia8NCDIS_5x41_minQ2=100_beamEffects_xAngle=-0.025_hiDiv_4.0538.eicrecon.edm4eic.root,1438.0
root://dtn-eic.jlab.org//volatile/eic/EPIC/RECO/25.08.0/epic_craterlake/DIS/NC/5x41/minQ2=100/pythia8NCDIS_5x41_minQ2=100_beamEffects_xAngle=-0.025_hiDiv_4.0539.eicrecon.edm4eic.root,1438.0
root://dtn-eic.jlab.org//volatile/eic/EPIC/RECO/25.08.0/epic_craterlake/DIS/NC/5x41/minQ2=100/pythia8NCDIS_5x41_minQ2=100_beamEffects_xAngle=-0.025_hiDiv_4.0540.eicrecon.edm4eic.root,1438.0
root://dtn-eic.jlab.org//volatile/eic/EPIC/RECO/25.08.0/epic_craterlake/DIS/NC/5x41/minQ2=100/pythia8NCDIS_5x41_minQ2=100_beamEffects_xAngle=-0.025_hiDiv_4.0541.eicrecon.edm4eic.root,1438.0
root://dtn-eic.jlab.org//volatile/eic/EPIC/RECO/25.08.0/epic_craterlake/DIS/NC/5x41/minQ2=100/pythia8NCDIS_5x41_minQ2=100_beamEffects_xAngle=-0.025_hiDiv_4.0542.eicrecon.edm4eic.root,1438.0
root://dtn-eic.jlab.org//volatile/eic/EPIC/RECO/25.08.0/epic_craterlake/DIS/NC/5x41/minQ2=100/pythia8NCDIS_5x41_minQ2=100_beamEffects_xAngle=-0.025_hiDiv_4.0543.eicrecon.edm4eic.root,1438.0
root://dtn-eic.jlab.org//volatile/eic/EPIC/RECO/25.08.0/epic_craterlake/DIS/NC/5x41/minQ2=100/pythia8NCDIS_5x41_minQ2=100_beamEffects_xAngle=-0.025_hiDiv_4.0544.eicrecon.edm4eic.root,1438.0
root://dtn-eic.jlab.org//volatile/eic/EPIC/RECO/25.08.0/epic_craterlake/DIS/NC/5x41/minQ2=100/pythia8NCDIS_5x41_minQ2=100_beamEffects_xAngle=-0.025_hiDiv_4.0545.eicrecon.edm4eic.root,1438.0
root://dtn-eic.jlab.org//volatile/eic/EPIC/RECO/25.08.0/epic_craterlake/DIS/NC/5x41/minQ2=100/pythia8NCDIS_5x41_minQ2=100_beamEffects_xAngle=-0.025_hiDiv_4.0546.eicrecon.edm4eic.root,1438.0
root://dtn-eic.jlab.org//volatile/eic/EPIC/RECO/25.08.0/epic_craterlake/DIS/NC/5x41/minQ2=100/pythia8NCDIS_5x41_minQ2=100_beamEffects_xAngle=-0.025_hiDiv_4.0547.eicrecon.edm4eic.root,1438.0
root://dtn-eic.jlab.org//volatile/eic/EPIC/RECO/25.08.0/epic_craterlake/DIS/NC/5x41/minQ2=100/pythia8NCDIS_5x41_minQ2=100_beamEffects_xAngle=-0.025_hiDiv_4.0548.eicrecon.edm4eic.root,1438.0
root://dtn-eic.jlab.org//volatile/eic/EPIC/RECO/25.08.0/epic_craterlake/DIS/NC/5x41/minQ2=100/pythia8NCDIS_5x41_minQ2=100_beamEffects_xAngle=-0.025_hiDiv_4.0549.eicrecon.edm4eic.root,1438.0
root://dtn-eic.jlab.org//volatile/eic/EPIC/RECO/25.08.0/epic_craterlake/DIS/NC/5x41/minQ2=100/pythia8NCDIS_5x41_minQ2=100_beamEffects_xAngle=-0.025_hiDiv_4.0550.eicrecon.edm4eic.root,1438.0
root://dtn-eic.jlab.org//volatile/eic/EPIC/RECO/25.08.0/epic_craterlake/DIS/NC/5x41/minQ2=100/pythia8NCDIS_5x41_minQ2=100_beamEffects_xAngle=-0.025_hiDiv_4.0551.eicrecon.edm4eic.root,1438.0
root://dtn-eic.jlab.org//volatile/eic/EPIC/RECO/25.08.0/epic_craterlake/DIS/NC/5x41/minQ2=100/pythia8NCDIS_5x41_minQ2=100_beamEffects_xAngle=-0.025_hiDiv_4.0552.eicrecon.edm4eic.root,1438.0
root://dtn-eic.jlab.org//volatile/eic/EPIC/RECO/25.08.0/epic_craterlake/DIS/NC/5x41/minQ2=100/pythia8NCDIS_5x41_minQ2=100_beamEffects_xAngle=-0.025_hiDiv_4.0553.eicrecon.edm4eic.root,1438.0
root://dtn-eic.jlab.org//volatile/eic/EPIC/RECO/25.08.0/epic_craterlake/DIS/NC/5x41/minQ2=100/pythia8NCDIS_5x41_minQ2=100_beamEffects_xAngle=-0.025_hiDiv_4.0554.eicrecon.edm4eic.root,1438.0
root://dtn-eic.jlab.org//volatile/eic/EPIC/RECO/25.08.0/epic_craterlake/DIS/NC/5x41/minQ2=100/pythia8NCDIS_5x41_minQ2=100_beamEffects_xAngle=-0.025_hiDiv_4.0555.eicrecon.edm4eic.root,1438.0
root://dtn-eic.jlab.org//volatile/eic/EPIC/RECO/25.08.0/epic_craterlake/DIS/NC/5x41/minQ2=100/pythia8NCDIS_5x41_minQ2=100_beamEffects_xAngle=-0.025_hiDiv_4.0556.eicrecon.edm4eic.root,1438.0
root://dtn-eic.jlab.org//volatile/eic/EPIC/RECO/25.08.0/epic_craterlake/DIS/NC/5x41/minQ2=100/pythia8NCDIS_5x41_minQ2=100_beamEffects_xAngle=-0.025_hiDiv_4.0557.eicrecon.edm4eic.root,1438.0
root://dtn-eic.jlab.org//volatile/eic/EPIC/RECO/25.08.0/epic_craterlake/DIS/NC/5x41/minQ2=100/pythia8NCDIS_5x41_minQ2=100_beamEffects_xAngle=-0.025_hiDiv_4.0558.eicrecon.edm4eic.root,1438.0
root://dtn-eic.jlab.org//volatile/eic/EPIC/RECO/25.08.0/epic_craterlake/DIS/NC/5x41/minQ2=100/pythia8NCDIS_5x41_minQ2=100_beamEffects_xAngle=-0.025_hiDiv_4.0559.eicrecon.edm4eic.root,1438.0
root://dtn-eic.jlab.org//volatile/eic/EPIC/RECO/25.08.0/epic_craterlake/DIS/NC/5x41/minQ2=100/pythia8NCDIS_5x41_minQ2=100_beamEffects_xAngle=-0.025_hiDiv_4.0560.eicrecon.edm4eic.root,1438.0
root://dtn-eic.jlab.org//volatile/eic/EPIC/RECO/25.08.0/epic_craterlake/DIS/NC/5x41/minQ2=100/pythia8NCDIS_5x41_minQ2=100_beamEffects_xAngle=-0.025_hiDiv_4.0561.eicrecon.edm4eic.root,1438.0
root://dtn-eic.jlab.org//volatile/eic/EPIC/RECO/25.08.0/epic_craterlake/DIS/NC/5x41/minQ2=100/pythia8NCDIS_5x41_minQ2=100_beamEffects_xAngle=-0.025_hiDiv_4.0562.eicrecon.edm4eic.root,1438.0
root://dtn-eic.jlab.org//volatile/eic/EPIC/RECO/25.08.0/epic_craterlake/DIS/NC/5x41/minQ2=100/pythia8NCDIS_5x41_minQ2=100_beamEffects_xAngle=-0.025_hiDiv_4.0563.eicrecon.edm4eic.root,1438.0
root://dtn-eic.jlab.org//volatile/eic/EPIC/RECO/25.08.0/epic_craterlake/DIS/NC/5x41/minQ2=100/pythia8NCDIS_5x41_minQ2=100_beamEffects_xAngle=-0.025_hiDiv_4.0564.eicrecon.edm4eic.root,1438.0
root://dtn-eic.jlab.org//volatile/eic/EPIC/RECO/25.08.0/epic_craterlake/DIS/NC/5x41/minQ2=100/pythia8NCDIS_5x41_minQ2=100_beamEffects_xAngle=-0.025_hiDiv_4.0565.eicrecon.edm4eic.root,1438.0
root://dtn-eic.jlab.org//volatile/eic/EPIC/RECO/25.08.0/epic_craterlake/DIS/NC/5x41/minQ2=100/pythia8NCDIS_5x41_minQ2=100_beamEffects_xAngle=-0.025_hiDiv_4.0566.eicrecon.edm4eic.root,1438.0
root://dtn-eic.jlab.org//volatile/eic/EPIC/RECO/25.08.0/epic_craterlake/DIS/NC/5x41/minQ2=100/pythia8NCDIS_5x41_minQ2=100_beamEffects_xAngle=-0.025_hiDiv_4.0567.eicrecon.edm4eic.root,1438.0
root://dtn-eic.jlab.org//volatile/eic/EPIC/RECO/25.08.0/epic_craterlake/DIS/NC/5x41/minQ2=100/pythia8NCDIS_5x41_minQ2=100_beamEffects_xAngle=-0.025_hiDiv_4.0568.eicrecon.edm4eic.root,1438.0
root://dtn-eic.jlab.org//volatile/eic/EPIC/RECO/25.08.0/epic_craterlake/DIS/NC/5x41/minQ2=100/pythia8NCDIS_5x41_minQ2=100_beamEffects_xAngle=-0.025_hiDiv_4.0569.eicrecon.edm4eic.root,1438.0
root://dtn-eic.jlab.org//volatile/eic/EPIC/RECO/25.08.0/epic_craterlake/DIS/NC/5x41/minQ2=100/pythia8NCDIS_5x41_minQ2=100_beamEffects_xAngle=-0.025_hiDiv_4.0570.eicrecon.edm4eic.root,1438.0
root://dtn-eic.jlab.org//volatile/eic/EPIC/RECO/25.08.0/epic_craterlake/DIS/NC/5x41/minQ2=100/pythia8NCDIS_5x41_minQ2=100_beamEffects_xAngle=-0.025_hiDiv_4.0571.eicrecon.edm4eic.root,1438.0
root://dtn-eic.jlab.org//volatile/eic/EPIC/RECO/25.08.0/epic_craterlake/DIS/NC/5x41/minQ2=100/pythia8NCDIS_5x41_minQ2=100_beamEffects_xAngle=-0.025_hiDiv_4.0572.eicrecon.edm4eic.root,1438.0
root://dtn-eic.jlab.org//volatile/eic/EPIC/RECO/25.08.0/epic_craterlake/DIS/NC/5x41/minQ2=100/pythia8NCDIS_5x41_minQ2=100_beamEffects_xAngle=-0.025_hiDiv_4.0573.eicrecon.edm4eic.root,1438.0
root://dtn-eic.jlab.org//volatile/eic/EPIC/RECO/25.08.0/epic_craterlake/DIS/NC/5x41/minQ2=100/pythia8NCDIS_5x41_minQ2=100_beamEffects_xAngle=-0.025_hiDiv_4.0574.eicrecon.edm4eic.root,1438.0
root://dtn-eic.jlab.org//volatile/eic/EPIC/RECO/25.08.0/epic_craterlake/DIS/NC/5x41/minQ2=100/pythia8NCDIS_5x41_minQ2=100_beamEffects_xAngle=-0.025_hiDiv_4.0575.eicrecon.edm4eic.root,1438.0
root://dtn-eic.jlab.org//volatile/eic/EPIC/RECO/25.08.0/epic_craterlake/DIS/NC/5x41/minQ2=100/pythia8NCDIS_5x41_minQ2=100_beamEffects_xAngle=-0.025_hiDiv_4.0576.eicrecon.edm4eic.root,1438.0
root://dtn-eic.jlab.org//volatile/eic/EPIC/RECO/25.08.0/epic_craterlake/DIS/NC/5x41/minQ2=100/pythia8NCDIS_5x41_minQ2=100_beamEffects_xAngle=-0.025_hiDiv_4.0577.eicrecon.edm4eic.root,1438.0
root://dtn-eic.jlab.org//volatile/eic/EPIC/RECO/25.08.0/epic_craterlake/DIS/NC/5x41/minQ2=100/pythia8NCDIS_5x41_minQ2=100_beamEffects_xAngle=-0.025_hiDiv_4.0578.eicrecon.edm4eic.root,1438.0
root://dtn-eic.jlab.org//volatile/eic/EPIC/RECO/25.08.0/epic_craterlake/DIS/NC/5x41/minQ2=100/pythia8NCDIS_5x41_minQ2=100_beamEffects_xAngle=-0.025_hiDiv_4.0579.eicrecon.edm4eic.root,1438.0
root://dtn-eic.jlab.org//volatile/eic/EPIC/RECO/25.08.0/epic_craterlake/DIS/NC/5x41/minQ2=100/pythia8NCDIS_5x41_minQ2=100_beamEffects_xAngle=-0.025_hiDiv_4.0580.eicrecon.edm4eic.root,1438.0
root://dtn-eic.jlab.org//volatile/eic/EPIC/RECO/25.08.0/epic_craterlake/DIS/NC/5x41/minQ2=100/pythia8NCDIS_5x41_minQ2=100_beamEffects_xAngle=-0.025_hiDiv_4.0581.eicrecon.edm4eic.root,1438.0
root://dtn-eic.jlab.org//volatile/eic/EPIC/RECO/25.08.0/epic_craterlake/DIS/NC/5x41/minQ2=100/pythia8NCDIS_5x41_minQ2=100_beamEffects_xAngle=-0.025_hiDiv_4.0582.eicrecon.edm4eic.root,1438.0
root://dtn-eic.jlab.org//volatile/eic/EPIC/RECO/25.08.0/epic_craterlake/DIS/NC/5x41/minQ2=100/pythia8NCDIS_5x41_minQ2=100_beamEffects_xAngle=-0.025_hiDiv_4.0583.eicrecon.edm4eic.root,1438.0
root://dtn-eic.jlab.org//volatile/eic/EPIC/RECO/25.08.0/epic_craterlake/DIS/NC/5x41/minQ2=100/pythia8NCDIS_5x41_minQ2=100_beamEffects_xAngle=-0.025_hiDiv_4.0584.eicrecon.edm4eic.root,1438.0
root://dtn-eic.jlab.org//volatile/eic/EPIC/RECO/25.08.0/epic_craterlake/DIS/NC/5x41/minQ2=100/pythia8NCDIS_5x41_minQ2=100_beamEffects_xAngle=-0.025_hiDiv_4.0585.eicrecon.edm4eic.root,1438.0
root://dtn-eic.jlab.org//volatile/eic/EPIC/RECO/25.08.0/epic_craterlake/DIS/NC/5x41/minQ2=100/pythia8NCDIS_5x41_minQ2=100_beamEffects_xAngle=-0.025_hiDiv_4.0586.eicrecon.edm4eic.root,1438.0
root://dtn-eic.jlab.org//volatile/eic/EPIC/RECO/25.08.0/epic_craterlake/DIS/NC/5x41/minQ2=100/pythia8NCDIS_5x41_minQ2=100_beamEffects_xAngle=-0.025_hiDiv_4.0587.eicrecon.edm4eic.root,1438.0
root://dtn-eic.jlab.org//volatile/eic/EPIC/RECO/25.08.0/epic_craterlake/DIS/NC/5x41/minQ2=100/pythia8NCDIS_5x41_minQ2=100_beamEffects_xAngle=-0.025_hiDiv_4.0588.eicrecon.edm4eic.root,1438.0
root://dtn-eic.jlab.org//volatile/eic/EPIC/RECO/25.08.0/epic_craterlake/DIS/NC/5x41/minQ2=100/pythia8NCDIS_5x41_minQ2=100_beamEffects_xAngle=-0.025_hiDiv_4.0589.eicrecon.edm4eic.root,1438.0
root://dtn-eic.jlab.org//volatile/eic/EPIC/RECO/25.08.0/epic_craterlake/DIS/NC/5x41/minQ2=100/pythia8NCDIS_5x41_minQ2=100_beamEffects_xAngle=-0.025_hiDiv_4.0590.eicrecon.edm4eic.root,1438.0
root://dtn-eic.jlab.org//volatile/eic/EPIC/RECO/25.08.0/epic_craterlake/DIS/NC/5x41/minQ2=100/pythia8NCDIS_5x41_minQ2=100_beamEffects_xAngle=-0.025_hiDiv_4.0591.eicrecon.edm4eic.root,1438.0
root://dtn-eic.jlab.org//volatile/eic/EPIC/RECO/25.08.0/epic_craterlake/DIS/NC/5x41/minQ2=100/pythia8NCDIS_5x41_minQ2=100_beamEffects_xAngle=-0.025_hiDiv_4.0592.eicrecon.edm4eic.root,1438.0
root://dtn-eic.jlab.org//volatile/eic/EPIC/RECO/25.08.0/epic_craterlake/DIS/NC/5x41/minQ2=100/pythia8NCDIS_5x41_minQ2=100_beamEffects_xAngle=-0.025_hiDiv_4.0593.eicrecon.edm4eic.root,1438.0
root://dtn-eic.jlab.org//volatile/eic/EPIC/RECO/25.08.0/epic_craterlake/DIS/NC/5x41/minQ2=100/pythia8NCDIS_5x41_minQ2=100_beamEffects_xAngle=-0.025_hiDiv_4.0594.eicrecon.edm4eic.root,1438.0
root://dtn-eic.jlab.org//volatile/eic/EPIC/RECO/25.08.0/epic_craterlake/DIS/NC/5x41/minQ2=100/pythia8NCDIS_5x41_minQ2=100_beamEffects_xAngle=-0.025_hiDiv_4.0595.eicrecon.edm4eic.root,1438.0
root://dtn-eic.jlab.org//volatile/eic/EPIC/RECO/25.08.0/epic_craterlake/DIS/NC/5x41/minQ2=100/pythia8NCDIS_5x41_minQ2=100_beamEffects_xAngle=-0.025_hiDiv_4.0596.eicrecon.edm4eic.root,1438.0
root://dtn-eic.jlab.org//volatile/eic/EPIC/RECO/25.08.0/epic_craterlake/DIS/NC/5x41/minQ2=100/pythia8NCDIS_5x41_minQ2=100_beamEffects_xAngle=-0.025_hiDiv_4.0597.eicrecon.edm4eic.root,1438.0
root://dtn-eic.jlab.org//volatile/eic/EPIC/RECO/25.08.0/epic_craterlake/DIS/NC/5x41/minQ2=100/pythia8NCDIS_5x41_minQ2=100_beamEffects_xAngle=-0.025_hiDiv_4.0598.eicrecon.edm4eic.root,1438.0
root://dtn-eic.jlab.org//volatile/eic/EPIC/RECO/25.08.0/epic_craterlake/DIS/NC/5x41/minQ2=100/pythia8NCDIS_5x41_minQ2=100_beamEffects_xAngle=-0.025_hiDiv_4.0599.eicrecon.edm4eic.root,1438.0
root://dtn-eic.jlab.org//volatile/eic/EPIC/RECO/25.08.0/epic_craterlake/DIS/NC/5x41/minQ2=100/pythia8NCDIS_5x41_minQ2=100_beamEffects_xAngle=-0.025_hiDiv_4.0600.eicrecon.edm4eic.root,1438.0
root://dtn-eic.jlab.org//volatile/eic/EPIC/RECO/25.08.0/epic_craterlake/DIS/NC/5x41/minQ2=100/pythia8NCDIS_5x41_minQ2=100_beamEffects_xAngle=-0.025_hiDiv_4.0601.eicrecon.edm4eic.root,1438.0
root://dtn-eic.jlab.org//volatile/eic/EPIC/RECO/25.08.0/epic_craterlake/DIS/NC/5x41/minQ2=100/pythia8NCDIS_5x41_minQ2=100_beamEffects_xAngle=-0.025_hiDiv_4.0602.eicrecon.edm4eic.root,1438.0
root://dtn-eic.jlab.org//volatile/eic/EPIC/RECO/25.08.0/epic_craterlake/DIS/NC/5x41/minQ2=100/pythia8NCDIS_5x41_minQ2=100_beamEffects_xAngle=-0.025_hiDiv_4.0603.eicrecon.edm4eic.root,1438.0
root://dtn-eic.jlab.org//volatile/eic/EPIC/RECO/25.08.0/epic_craterlake/DIS/NC/5x41/minQ2=100/pythia8NCDIS_5x41_minQ2=100_beamEffects_xAngle=-0.025_hiDiv_4.0604.eicrecon.edm4eic.root,1438.0
root://dtn-eic.jlab.org//volatile/eic/EPIC/RECO/25.08.0/epic_craterlake/DIS/NC/5x41/minQ2=100/pythia8NCDIS_5x41_minQ2=100_beamEffects_xAngle=-0.025_hiDiv_4.0605.eicrecon.edm4eic.root,1438.0
root://dtn-eic.jlab.org//volatile/eic/EPIC/RECO/25.08.0/epic_craterlake/DIS/NC/5x41/minQ2=100/pythia8NCDIS_5x41_minQ2=100_beamEffects_xAngle=-0.025_hiDiv_4.0606.eicrecon.edm4eic.root,1438.0
root://dtn-eic.jlab.org//volatile/eic/EPIC/RECO/25.08.0/epic_craterlake/DIS/NC/5x41/minQ2=100/pythia8NCDIS_5x41_minQ2=100_beamEffects_xAngle=-0.025_hiDiv_4.0607.eicrecon.edm4eic.root,1438.0
root://dtn-eic.jlab.org//volatile/eic/EPIC/RECO/25.08.0/epic_craterlake/DIS/NC/5x41/minQ2=100/pythia8NCDIS_5x41_minQ2=100_beamEffects_xAngle=-0.025_hiDiv_4.0608.eicrecon.edm4eic.root,1438.0
root://dtn-eic.jlab.org//volatile/eic/EPIC/RECO/25.08.0/epic_craterlake/DIS/NC/5x41/minQ2=100/pythia8NCDIS_5x41_minQ2=100_beamEffects_xAngle=-0.025_hiDiv_4.0609.eicrecon.edm4eic.root,1438.0
root://dtn-eic.jlab.org//volatile/eic/EPIC/RECO/25.08.0/epic_craterlake/DIS/NC/5x41/minQ2=100/pythia8NCDIS_5x41_minQ2=100_beamEffects_xAngle=-0.025_hiDiv_4.0610.eicrecon.edm4eic.root,1438.0
root://dtn-eic.jlab.org//volatile/eic/EPIC/RECO/25.08.0/epic_craterlake/DIS/NC/5x41/minQ2=100/pythia8NCDIS_5x41_minQ2=100_beamEffects_xAngle=-0.025_hiDiv_4.0611.eicrecon.edm4eic.root,1438.0
root://dtn-eic.jlab.org//volatile/eic/EPIC/RECO/25.08.0/epic_craterlake/DIS/NC/5x41/minQ2=100/pythia8NCDIS_5x41_minQ2=100_beamEffects_xAngle=-0.025_hiDiv_4.0612.eicrecon.edm4eic.root,1438.0
root://dtn-eic.jlab.org//volatile/eic/EPIC/RECO/25.08.0/epic_craterlake/DIS/NC/5x41/minQ2=100/pythia8NCDIS_5x41_minQ2=100_beamEffects_xAngle=-0.025_hiDiv_4.0613.eicrecon.edm4eic.root,1438.0
root://dtn-eic.jlab.org//volatile/eic/EPIC/RECO/25.08.0/epic_craterlake/DIS/NC/5x41/minQ2=100/pythia8NCDIS_5x41_minQ2=100_beamEffects_xAngle=-0.025_hiDiv_4.0614.eicrecon.edm4eic.root,1438.0
root://dtn-eic.jlab.org//volatile/eic/EPIC/RECO/25.08.0/epic_craterlake/DIS/NC/5x41/minQ2=100/pythia8NCDIS_5x41_minQ2=100_beamEffects_xAngle=-0.025_hiDiv_4.0615.eicrecon.edm4eic.root,1438.0
root://dtn-eic.jlab.org//volatile/eic/EPIC/RECO/25.08.0/epic_craterlake/DIS/NC/5x41/minQ2=100/pythia8NCDIS_5x41_minQ2=100_beamEffects_xAngle=-0.025_hiDiv_4.0616.eicrecon.edm4eic.root,1438.0
root://dtn-eic.jlab.org//volatile/eic/EPIC/RECO/25.08.0/epic_craterlake/DIS/NC/5x41/minQ2=100/pythia8NCDIS_5x41_minQ2=100_beamEffects_xAngle=-0.025_hiDiv_4.0617.eicrecon.edm4eic.root,1438.0
root://dtn-eic.jlab.org//volatile/eic/EPIC/RECO/25.08.0/epic_craterlake/DIS/NC/5x41/minQ2=100/pythia8NCDIS_5x41_minQ2=100_beamEffects_xAngle=-0.025_hiDiv_4.0618.eicrecon.edm4eic.root,1438.0
root://dtn-eic.jlab.org//volatile/eic/EPIC/RECO/25.08.0/epic_craterlake/DIS/NC/5x41/minQ2=100/pythia8NCDIS_5x41_minQ2=100_beamEffects_xAngle=-0.025_hiDiv_4.0619.eicrecon.edm4eic.root,1438.0
root://dtn-eic.jlab.org//volatile/eic/EPIC/RECO/25.08.0/epic_craterlake/DIS/NC/5x41/minQ2=100/pythia8NCDIS_5x41_minQ2=100_beamEffects_xAngle=-0.025_hiDiv_4.0620.eicrecon.edm4eic.root,1438.0
root://dtn-eic.jlab.org//volatile/eic/EPIC/RECO/25.08.0/epic_craterlake/DIS/NC/5x41/minQ2=100/pythia8NCDIS_5x41_minQ2=100_beamEffects_xAngle=-0.025_hiDiv_4.0621.eicrecon.edm4eic.root,1438.0
root://dtn-eic.jlab.org//volatile/eic/EPIC/RECO/25.08.0/epic_craterlake/DIS/NC/5x41/minQ2=100/pythia8NCDIS_5x41_minQ2=100_beamEffects_xAngle=-0.025_hiDiv_4.0622.eicrecon.edm4eic.root,1438.0
root://dtn-eic.jlab.org//volatile/eic/EPIC/RECO/25.08.0/epic_craterlake/DIS/NC/5x41/minQ2=100/pythia8NCDIS_5x41_minQ2=100_beamEffects_xAngle=-0.025_hiDiv_4.0623.eicrecon.edm4eic.root,1438.0
root://dtn-eic.jlab.org//volatile/eic/EPIC/RECO/25.08.0/epic_craterlake/DIS/NC/5x41/minQ2=100/pythia8NCDIS_5x41_minQ2=100_beamEffects_xAngle=-0.025_hiDiv_4.0624.eicrecon.edm4eic.root,1438.0
root://dtn-eic.jlab.org//volatile/eic/EPIC/RECO/25.08.0/epic_craterlake/DIS/NC/5x41/minQ2=100/pythia8NCDIS_5x41_minQ2=100_beamEffects_xAngle=-0.025_hiDiv_4.0625.eicrecon.edm4eic.root,1438.0
root://dtn-eic.jlab.org//volatile/eic/EPIC/RECO/25.08.0/epic_craterlake/DIS/NC/5x41/minQ2=100/pythia8NCDIS_5x41_minQ2=100_beamEffects_xAngle=-0.025_hiDiv_4.0626.eicrecon.edm4eic.root,1438.0
root://dtn-eic.jlab.org//volatile/eic/EPIC/RECO/25.08.0/epic_craterlake/DIS/NC/5x41/minQ2=100/pythia8NCDIS_5x41_minQ2=100_beamEffects_xAngle=-0.025_hiDiv_4.0627.eicrecon.edm4eic.root,1438.0
root://dtn-eic.jlab.org//volatile/eic/EPIC/RECO/25.08.0/epic_craterlake/DIS/NC/5x41/minQ2=100/pythia8NCDIS_5x41_minQ2=100_beamEffects_xAngle=-0.025_hiDiv_4.0628.eicrecon.edm4eic.root,1438.0
root://dtn-eic.jlab.org//volatile/eic/EPIC/RECO/25.08.0/epic_craterlake/DIS/NC/5x41/minQ2=100/pythia8NCDIS_5x41_minQ2=100_beamEffects_xAngle=-0.025_hiDiv_4.0629.eicrecon.edm4eic.root,1438.0
root://dtn-eic.jlab.org//volatile/eic/EPIC/RECO/25.08.0/epic_craterlake/DIS/NC/5x41/minQ2=100/pythia8NCDIS_5x41_minQ2=100_beamEffects_xAngle=-0.025_hiDiv_4.0630.eicrecon.edm4eic.root,1438.0
root://dtn-eic.jlab.org//volatile/eic/EPIC/RECO/25.08.0/epic_craterlake/DIS/NC/5x41/minQ2=100/pythia8NCDIS_5x41_minQ2=100_beamEffects_xAngle=-0.025_hiDiv_4.0631.eicrecon.edm4eic.root,1438.0
root://dtn-eic.jlab.org//volatile/eic/EPIC/RECO/25.08.0/epic_craterlake/DIS/NC/5x41/minQ2=100/pythia8NCDIS_5x41_minQ2=100_beamEffects_xAngle=-0.025_hiDiv_4.0632.eicrecon.edm4eic.root,1438.0
root://dtn-eic.jlab.org//volatile/eic/EPIC/RECO/25.08.0/epic_craterlake/DIS/NC/5x41/minQ2=100/pythia8NCDIS_5x41_minQ2=100_beamEffects_xAngle=-0.025_hiDiv_4.0633.eicrecon.edm4eic.root,1438.0
root://dtn-eic.jlab.org//volatile/eic/EPIC/RECO/25.08.0/epic_craterlake/DIS/NC/5x41/minQ2=100/pythia8NCDIS_5x41_minQ2=100_beamEffects_xAngle=-0.025_hiDiv_4.0634.eicrecon.edm4eic.root,1438.0
root://dtn-eic.jlab.org//volatile/eic/EPIC/RECO/25.08.0/epic_craterlake/DIS/NC/5x41/minQ2=100/pythia8NCDIS_5x41_minQ2=100_beamEffects_xAngle=-0.025_hiDiv_4.0635.eicrecon.edm4eic.root,1438.0
root://dtn-eic.jlab.org//volatile/eic/EPIC/RECO/25.08.0/epic_craterlake/DIS/NC/5x41/minQ2=100/pythia8NCDIS_5x41_minQ2=100_beamEffects_xAngle=-0.025_hiDiv_4.0636.eicrecon.edm4eic.root,1438.0
root://dtn-eic.jlab.org//volatile/eic/EPIC/RECO/25.08.0/epic_craterlake/DIS/NC/5x41/minQ2=100/pythia8NCDIS_5x41_minQ2=100_beamEffects_xAngle=-0.025_hiDiv_4.0637.eicrecon.edm4eic.root,1438.0
root://dtn-eic.jlab.org//volatile/eic/EPIC/RECO/25.08.0/epic_craterlake/DIS/NC/5x41/minQ2=100/pythia8NCDIS_5x41_minQ2=100_beamEffects_xAngle=-0.025_hiDiv_4.0638.eicrecon.edm4eic.root,1438.0
root://dtn-eic.jlab.org//volatile/eic/EPIC/RECO/25.08.0/epic_craterlake/DIS/NC/5x41/minQ2=100/pythia8NCDIS_5x41_minQ2=100_beamEffects_xAngle=-0.025_hiDiv_4.0639.eicrecon.edm4eic.root,1438.0
root://dtn-eic.jlab.org//volatile/eic/EPIC/RECO/25.08.0/epic_craterlake/DIS/NC/5x41/minQ2=100/pythia8NCDIS_5x41_minQ2=100_beamEffects_xAngle=-0.025_hiDiv_4.0640.eicrecon.edm4eic.root,1438.0
root://dtn-eic.jlab.org//volatile/eic/EPIC/RECO/25.08.0/epic_craterlake/DIS/NC/5x41/minQ2=100/pythia8NCDIS_5x41_minQ2=100_beamEffects_xAngle=-0.025_hiDiv_4.0641.eicrecon.edm4eic.root,1438.0
root://dtn-eic.jlab.org//volatile/eic/EPIC/RECO/25.08.0/epic_craterlake/DIS/NC/5x41/minQ2=100/pythia8NCDIS_5x41_minQ2=100_beamEffects_xAngle=-0.025_hiDiv_4.0642.eicrecon.edm4eic.root,1438.0
root://dtn-eic.jlab.org//volatile/eic/EPIC/RECO/25.08.0/epic_craterlake/DIS/NC/5x41/minQ2=100/pythia8NCDIS_5x41_minQ2=100_beamEffects_xAngle=-0.025_hiDiv_4.0643.eicrecon.edm4eic.root,1438.0
root://dtn-eic.jlab.org//volatile/eic/EPIC/RECO/25.08.0/epic_craterlake/DIS/NC/5x41/minQ2=100/pythia8NCDIS_5x41_minQ2=100_beamEffects_xAngle=-0.025_hiDiv_4.0644.eicrecon.edm4eic.root,1438.0
root://dtn-eic.jlab.org//volatile/eic/EPIC/RECO/25.08.0/epic_craterlake/DIS/NC/5x41/minQ2=100/pythia8NCDIS_5x41_minQ2=100_beamEffects_xAngle=-0.025_hiDiv_4.0645.eicrecon.edm4eic.root,1438.0
root://dtn-eic.jlab.org//volatile/eic/EPIC/RECO/25.08.0/epic_craterlake/DIS/NC/5x41/minQ2=100/pythia8NCDIS_5x41_minQ2=100_beamEffects_xAngle=-0.025_hiDiv_4.0646.eicrecon.edm4eic.root,1438.0
root://dtn-eic.jlab.org//volatile/eic/EPIC/RECO/25.08.0/epic_craterlake/DIS/NC/5x41/minQ2=100/pythia8NCDIS_5x41_minQ2=100_beamEffects_xAngle=-0.025_hiDiv_4.0647.eicrecon.edm4eic.root,1438.0
root://dtn-eic.jlab.org//volatile/eic/EPIC/RECO/25.08.0/epic_craterlake/DIS/NC/5x41/minQ2=100/pythia8NCDIS_5x41_minQ2=100_beamEffects_xAngle=-0.025_hiDiv_4.0648.eicrecon.edm4eic.root,1438.0
root://dtn-eic.jlab.org//volatile/eic/EPIC/RECO/25.08.0/epic_craterlake/DIS/NC/5x41/minQ2=100/pythia8NCDIS_5x41_minQ2=100_beamEffects_xAngle=-0.025_hiDiv_4.0649.eicrecon.edm4eic.root,1438.0
root://dtn-eic.jlab.org//volatile/eic/EPIC/RECO/25.08.0/epic_craterlake/DIS/NC/5x41/minQ2=100/pythia8NCDIS_5x41_minQ2=100_beamEffects_xAngle=-0.025_hiDiv_4.0650.eicrecon.edm4eic.root,1438.0
root://dtn-eic.jlab.org//volatile/eic/EPIC/RECO/25.08.0/epic_craterlake/DIS/NC/5x41/minQ2=100/pythia8NCDIS_5x41_minQ2=100_beamEffects_xAngle=-0.025_hiDiv_4.0651.eicrecon.edm4eic.root,1438.0
root://dtn-eic.jlab.org//volatile/eic/EPIC/RECO/25.08.0/epic_craterlake/DIS/NC/5x41/minQ2=100/pythia8NCDIS_5x41_minQ2=100_beamEffects_xAngle=-0.025_hiDiv_4.0652.eicrecon.edm4eic.root,1438.0
root://dtn-eic.jlab.org//volatile/eic/EPIC/RECO/25.08.0/epic_craterlake/DIS/NC/5x41/minQ2=100/pythia8NCDIS_5x41_minQ2=100_beamEffects_xAngle=-0.025_hiDiv_4.0653.eicrecon.edm4eic.root,1438.0
root://dtn-eic.jlab.org//volatile/eic/EPIC/RECO/25.08.0/epic_craterlake/DIS/NC/5x41/minQ2=100/pythia8NCDIS_5x41_minQ2=100_beamEffects_xAngle=-0.025_hiDiv_4.0654.eicrecon.edm4eic.root,1438.0
root://dtn-eic.jlab.org//volatile/eic/EPIC/RECO/25.08.0/epic_craterlake/DIS/NC/5x41/minQ2=100/pythia8NCDIS_5x41_minQ2=100_beamEffects_xAngle=-0.025_hiDiv_4.0655.eicrecon.edm4eic.root,1438.0
root://dtn-eic.jlab.org//volatile/eic/EPIC/RECO/25.08.0/epic_craterlake/DIS/NC/5x41/minQ2=100/pythia8NCDIS_5x41_minQ2=100_beamEffects_xAngle=-0.025_hiDiv_4.0656.eicrecon.edm4eic.root,1438.0
root://dtn-eic.jlab.org//volatile/eic/EPIC/RECO/25.08.0/epic_craterlake/DIS/NC/5x41/minQ2=100/pythia8NCDIS_5x41_minQ2=100_beamEffects_xAngle=-0.025_hiDiv_4.0657.eicrecon.edm4eic.root,1438.0
root://dtn-eic.jlab.org//volatile/eic/EPIC/RECO/25.08.0/epic_craterlake/DIS/NC/5x41/minQ2=100/pythia8NCDIS_5x41_minQ2=100_beamEffects_xAngle=-0.025_hiDiv_4.0658.eicrecon.edm4eic.root,1438.0
root://dtn-eic.jlab.org//volatile/eic/EPIC/RECO/25.08.0/epic_craterlake/DIS/NC/5x41/minQ2=100/pythia8NCDIS_5x41_minQ2=100_beamEffects_xAngle=-0.025_hiDiv_4.0659.eicrecon.edm4eic.root,1438.0
root://dtn-eic.jlab.org//volatile/eic/EPIC/RECO/25.08.0/epic_craterlake/DIS/NC/5x41/minQ2=100/pythia8NCDIS_5x41_minQ2=100_beamEffects_xAngle=-0.025_hiDiv_4.0660.eicrecon.edm4eic.root,1438.0
root://dtn-eic.jlab.org//volatile/eic/EPIC/RECO/25.08.0/epic_craterlake/DIS/NC/5x41/minQ2=100/pythia8NCDIS_5x41_minQ2=100_beamEffects_xAngle=-0.025_hiDiv_4.0661.eicrecon.edm4eic.root,1438.0
root://dtn-eic.jlab.org//volatile/eic/EPIC/RECO/25.08.0/epic_craterlake/DIS/NC/5x41/minQ2=100/pythia8NCDIS_5x41_minQ2=100_beamEffects_xAngle=-0.025_hiDiv_4.0662.eicrecon.edm4eic.root,1438.0
root://dtn-eic.jlab.org//volatile/eic/EPIC/RECO/25.08.0/epic_craterlake/DIS/NC/5x41/minQ2=100/pythia8NCDIS_5x41_minQ2=100_beamEffects_xAngle=-0.025_hiDiv_4.0663.eicrecon.edm4eic.root,1438.0
root://dtn-eic.jlab.org//volatile/eic/EPIC/RECO/25.08.0/epic_craterlake/DIS/NC/5x41/minQ2=100/pythia8NCDIS_5x41_minQ2=100_beamEffects_xAngle=-0.025_hiDiv_4.0664.eicrecon.edm4eic.root,1438.0
root://dtn-eic.jlab.org//volatile/eic/EPIC/RECO/25.08.0/epic_craterlake/DIS/NC/5x41/minQ2=100/pythia8NCDIS_5x41_minQ2=100_beamEffects_xAngle=-0.025_hiDiv_4.0665.eicrecon.edm4eic.root,1438.0
root://dtn-eic.jlab.org//volatile/eic/EPIC/RECO/25.08.0/epic_craterlake/DIS/NC/5x41/minQ2=100/pythia8NCDIS_5x41_minQ2=100_beamEffects_xAngle=-0.025_hiDiv_4.0666.eicrecon.edm4eic.root,1438.0
root://dtn-eic.jlab.org//volatile/eic/EPIC/RECO/25.08.0/epic_craterlake/DIS/NC/5x41/minQ2=100/pythia8NCDIS_5x41_minQ2=100_beamEffects_xAngle=-0.025_hiDiv_4.0667.eicrecon.edm4eic.root,1438.0
root://dtn-eic.jlab.org//volatile/eic/EPIC/RECO/25.08.0/epic_craterlake/DIS/NC/5x41/minQ2=100/pythia8NCDIS_5x41_minQ2=100_beamEffects_xAngle=-0.025_hiDiv_4.0668.eicrecon.edm4eic.root,1438.0
root://dtn-eic.jlab.org//volatile/eic/EPIC/RECO/25.08.0/epic_craterlake/DIS/NC/5x41/minQ2=100/pythia8NCDIS_5x41_minQ2=100_beamEffects_xAngle=-0.025_hiDiv_4.0669.eicrecon.edm4eic.root,1438.0
root://dtn-eic.jlab.org//volatile/eic/EPIC/RECO/25.08.0/epic_craterlake/DIS/NC/5x41/minQ2=100/pythia8NCDIS_5x41_minQ2=100_beamEffects_xAngle=-0.025_hiDiv_4.0670.eicrecon.edm4eic.root,1438.0
root://dtn-eic.jlab.org//volatile/eic/EPIC/RECO/25.08.0/epic_craterlake/DIS/NC/5x41/minQ2=100/pythia8NCDIS_5x41_minQ2=100_beamEffects_xAngle=-0.025_hiDiv_4.0671.eicrecon.edm4eic.root,1438.0
root://dtn-eic.jlab.org//volatile/eic/EPIC/RECO/25.08.0/epic_craterlake/DIS/NC/5x41/minQ2=100/pythia8NCDIS_5x41_minQ2=100_beamEffects_xAngle=-0.025_hiDiv_4.0672.eicrecon.edm4eic.root,1438.0
root://dtn-eic.jlab.org//volatile/eic/EPIC/RECO/25.08.0/epic_craterlake/DIS/NC/5x41/minQ2=100/pythia8NCDIS_5x41_minQ2=100_beamEffects_xAngle=-0.025_hiDiv_4.0673.eicrecon.edm4eic.root,1438.0
root://dtn-eic.jlab.org//volatile/eic/EPIC/RECO/25.08.0/epic_craterlake/DIS/NC/5x41/minQ2=100/pythia8NCDIS_5x41_minQ2=100_beamEffects_xAngle=-0.025_hiDiv_4.0674.eicrecon.edm4eic.root,1438.0
root://dtn-eic.jlab.org//volatile/eic/EPIC/RECO/25.08.0/epic_craterlake/DIS/NC/5x41/minQ2=100/pythia8NCDIS_5x41_minQ2=100_beamEffects_xAngle=-0.025_hiDiv_4.0675.eicrecon.edm4eic.root,1438.0
root://dtn-eic.jlab.org//volatile/eic/EPIC/RECO/25.08.0/epic_craterlake/DIS/NC/5x41/minQ2=100/pythia8NCDIS_5x41_minQ2=100_beamEffects_xAngle=-0.025_hiDiv_4.0676.eicrecon.edm4eic.root,1438.0
root://dtn-eic.jlab.org//volatile/eic/EPIC/RECO/25.08.0/epic_craterlake/DIS/NC/5x41/minQ2=100/pythia8NCDIS_5x41_minQ2=100_beamEffects_xAngle=-0.025_hiDiv_4.0677.eicrecon.edm4eic.root,1438.0
root://dtn-eic.jlab.org//volatile/eic/EPIC/RECO/25.08.0/epic_craterlake/DIS/NC/5x41/minQ2=100/pythia8NCDIS_5x41_minQ2=100_beamEffects_xAngle=-0.025_hiDiv_4.0678.eicrecon.edm4eic.root,1438.0
root://dtn-eic.jlab.org//volatile/eic/EPIC/RECO/25.08.0/epic_craterlake/DIS/NC/5x41/minQ2=100/pythia8NCDIS_5x41_minQ2=100_beamEffects_xAngle=-0.025_hiDiv_4.0679.eicrecon.edm4eic.root,1438.0
root://dtn-eic.jlab.org//volatile/eic/EPIC/RECO/25.08.0/epic_craterlake/DIS/NC/5x41/minQ2=100/pythia8NCDIS_5x41_minQ2=100_beamEffects_xAngle=-0.025_hiDiv_4.0680.eicrecon.edm4eic.root,1438.0
root://dtn-eic.jlab.org//volatile/eic/EPIC/RECO/25.08.0/epic_craterlake/DIS/NC/5x41/minQ2=100/pythia8NCDIS_5x41_minQ2=100_beamEffects_xAngle=-0.025_hiDiv_4.0681.eicrecon.edm4eic.root,1438.0
root://dtn-eic.jlab.org//volatile/eic/EPIC/RECO/25.08.0/epic_craterlake/DIS/NC/5x41/minQ2=100/pythia8NCDIS_5x41_minQ2=100_beamEffects_xAngle=-0.025_hiDiv_4.0682.eicrecon.edm4eic.root,1438.0
root://dtn-eic.jlab.org//volatile/eic/EPIC/RECO/25.08.0/epic_craterlake/DIS/NC/5x41/minQ2=100/pythia8NCDIS_5x41_minQ2=100_beamEffects_xAngle=-0.025_hiDiv_4.0683.eicrecon.edm4eic.root,1438.0
root://dtn-eic.jlab.org//volatile/eic/EPIC/RECO/25.08.0/epic_craterlake/DIS/NC/5x41/minQ2=100/pythia8NCDIS_5x41_minQ2=100_beamEffects_xAngle=-0.025_hiDiv_4.0684.eicrecon.edm4eic.root,1438.0
root://dtn-eic.jlab.org//volatile/eic/EPIC/RECO/25.08.0/epic_craterlake/DIS/NC/5x41/minQ2=100/pythia8NCDIS_5x41_minQ2=100_beamEffects_xAngle=-0.025_hiDiv_4.0685.eicrecon.edm4eic.root,1438.0
root://dtn-eic.jlab.org//volatile/eic/EPIC/RECO/25.08.0/epic_craterlake/DIS/NC/5x41/minQ2=100/pythia8NCDIS_5x41_minQ2=100_beamEffects_xAngle=-0.025_hiDiv_4.0686.eicrecon.edm4eic.root,1438.0
root://dtn-eic.jlab.org//volatile/eic/EPIC/RECO/25.08.0/epic_craterlake/DIS/NC/5x41/minQ2=100/pythia8NCDIS_5x41_minQ2=100_beamEffects_xAngle=-0.025_hiDiv_4.0687.eicrecon.edm4eic.root,1438.0
root://dtn-eic.jlab.org//volatile/eic/EPIC/RECO/25.08.0/epic_craterlake/DIS/NC/5x41/minQ2=100/pythia8NCDIS_5x41_minQ2=100_beamEffects_xAngle=-0.025_hiDiv_4.0688.eicrecon.edm4eic.root,1438.0
root://dtn-eic.jlab.org//volatile/eic/EPIC/RECO/25.08.0/epic_craterlake/DIS/NC/5x41/minQ2=100/pythia8NCDIS_5x41_minQ2=100_beamEffects_xAngle=-0.025_hiDiv_4.0689.eicrecon.edm4eic.root,1438.0
root://dtn-eic.jlab.org//volatile/eic/EPIC/RECO/25.08.0/epic_craterlake/DIS/NC/5x41/minQ2=100/pythia8NCDIS_5x41_minQ2=100_beamEffects_xAngle=-0.025_hiDiv_4.0690.eicrecon.edm4eic.root,1438.0
root://dtn-eic.jlab.org//volatile/eic/EPIC/RECO/25.08.0/epic_craterlake/DIS/NC/5x41/minQ2=100/pythia8NCDIS_5x41_minQ2=100_beamEffects_xAngle=-0.025_hiDiv_4.0691.eicrecon.edm4eic.root,1438.0
root://dtn-eic.jlab.org//volatile/eic/EPIC/RECO/25.08.0/epic_craterlake/DIS/NC/5x41/minQ2=100/pythia8NCDIS_5x41_minQ2=100_beamEffects_xAngle=-0.025_hiDiv_4.0692.eicrecon.edm4eic.root,1438.0
root://dtn-eic.jlab.org//volatile/eic/EPIC/RECO/25.08.0/epic_craterlake/DIS/NC/5x41/minQ2=100/pythia8NCDIS_5x41_minQ2=100_beamEffects_xAngle=-0.025_hiDiv_4.0693.eicrecon.edm4eic.root,1438.0
root://dtn-eic.jlab.org//volatile/eic/EPIC/RECO/25.08.0/epic_craterlake/DIS/NC/5x41/minQ2=100/pythia8NCDIS_5x41_minQ2=100_beamEffects_xAngle=-0.025_hiDiv_4.0694.eicrecon.edm4eic.root,1438.0
root://dtn-eic.jlab.org//volatile/eic/EPIC/RECO/25.08.0/epic_craterlake/DIS/NC/5x41/minQ2=100/pythia8NCDIS_5x41_minQ2=100_beamEffects_xAngle=-0.025_hiDiv_5.0000.eicrecon.edm4eic.root,1438.0
root://dtn-eic.jlab.org//volatile/eic/EPIC/RECO/25.08.0/epic_craterlake/DIS/NC/5x41/minQ2=100/pythia8NCDIS_5x41_minQ2=100_beamEffects_xAngle=-0.025_hiDiv_5.0001.eicrecon.edm4eic.root,1438.0
root://dtn-eic.jlab.org//volatile/eic/EPIC/RECO/25.08.0/epic_craterlake/DIS/NC/5x41/minQ2=100/pythia8NCDIS_5x41_minQ2=100_beamEffects_xAngle=-0.025_hiDiv_5.0002.eicrecon.edm4eic.root,1438.0
root://dtn-eic.jlab.org//volatile/eic/EPIC/RECO/25.08.0/epic_craterlake/DIS/NC/5x41/minQ2=100/pythia8NCDIS_5x41_minQ2=100_beamEffects_xAngle=-0.025_hiDiv_5.0003.eicrecon.edm4eic.root,1438.0
root://dtn-eic.jlab.org//volatile/eic/EPIC/RECO/25.08.0/epic_craterlake/DIS/NC/5x41/minQ2=100/pythia8NCDIS_5x41_minQ2=100_beamEffects_xAngle=-0.025_hiDiv_5.0004.eicrecon.edm4eic.root,1438.0
root://dtn-eic.jlab.org//volatile/eic/EPIC/RECO/25.08.0/epic_craterlake/DIS/NC/5x41/minQ2=100/pythia8NCDIS_5x41_minQ2=100_beamEffects_xAngle=-0.025_hiDiv_5.0005.eicrecon.edm4eic.root,1438.0
root://dtn-eic.jlab.org//volatile/eic/EPIC/RECO/25.08.0/epic_craterlake/DIS/NC/5x41/minQ2=100/pythia8NCDIS_5x41_minQ2=100_beamEffects_xAngle=-0.025_hiDiv_5.0006.eicrecon.edm4eic.root,1438.0
root://dtn-eic.jlab.org//volatile/eic/EPIC/RECO/25.08.0/epic_craterlake/DIS/NC/5x41/minQ2=100/pythia8NCDIS_5x41_minQ2=100_beamEffects_xAngle=-0.025_hiDiv_5.0007.eicrecon.edm4eic.root,1438.0
root://dtn-eic.jlab.org//volatile/eic/EPIC/RECO/25.08.0/epic_craterlake/DIS/NC/5x41/minQ2=100/pythia8NCDIS_5x41_minQ2=100_beamEffects_xAngle=-0.025_hiDiv_5.0008.eicrecon.edm4eic.root,1438.0
root://dtn-eic.jlab.org//volatile/eic/EPIC/RECO/25.08.0/epic_craterlake/DIS/NC/5x41/minQ2=100/pythia8NCDIS_5x41_minQ2=100_beamEffects_xAngle=-0.025_hiDiv_5.0009.eicrecon.edm4eic.root,1438.0
root://dtn-eic.jlab.org//volatile/eic/EPIC/RECO/25.08.0/epic_craterlake/DIS/NC/5x41/minQ2=100/pythia8NCDIS_5x41_minQ2=100_beamEffects_xAngle=-0.025_hiDiv_5.0010.eicrecon.edm4eic.root,1438.0
root://dtn-eic.jlab.org//volatile/eic/EPIC/RECO/25.08.0/epic_craterlake/DIS/NC/5x41/minQ2=100/pythia8NCDIS_5x41_minQ2=100_beamEffects_xAngle=-0.025_hiDiv_5.0011.eicrecon.edm4eic.root,1438.0
root://dtn-eic.jlab.org//volatile/eic/EPIC/RECO/25.08.0/epic_craterlake/DIS/NC/5x41/minQ2=100/pythia8NCDIS_5x41_minQ2=100_beamEffects_xAngle=-0.025_hiDiv_5.0012.eicrecon.edm4eic.root,1438.0
root://dtn-eic.jlab.org//volatile/eic/EPIC/RECO/25.08.0/epic_craterlake/DIS/NC/5x41/minQ2=100/pythia8NCDIS_5x41_minQ2=100_beamEffects_xAngle=-0.025_hiDiv_5.0013.eicrecon.edm4eic.root,1438.0
root://dtn-eic.jlab.org//volatile/eic/EPIC/RECO/25.08.0/epic_craterlake/DIS/NC/5x41/minQ2=100/pythia8NCDIS_5x41_minQ2=100_beamEffects_xAngle=-0.025_hiDiv_5.0014.eicrecon.edm4eic.root,1438.0
root://dtn-eic.jlab.org//volatile/eic/EPIC/RECO/25.08.0/epic_craterlake/DIS/NC/5x41/minQ2=100/pythia8NCDIS_5x41_minQ2=100_beamEffects_xAngle=-0.025_hiDiv_5.0015.eicrecon.edm4eic.root,1438.0
root://dtn-eic.jlab.org//volatile/eic/EPIC/RECO/25.08.0/epic_craterlake/DIS/NC/5x41/minQ2=100/pythia8NCDIS_5x41_minQ2=100_beamEffects_xAngle=-0.025_hiDiv_5.0016.eicrecon.edm4eic.root,1438.0
root://dtn-eic.jlab.org//volatile/eic/EPIC/RECO/25.08.0/epic_craterlake/DIS/NC/5x41/minQ2=100/pythia8NCDIS_5x41_minQ2=100_beamEffects_xAngle=-0.025_hiDiv_5.0017.eicrecon.edm4eic.root,1438.0
root://dtn-eic.jlab.org//volatile/eic/EPIC/RECO/25.08.0/epic_craterlake/DIS/NC/5x41/minQ2=100/pythia8NCDIS_5x41_minQ2=100_beamEffects_xAngle=-0.025_hiDiv_5.0018.eicrecon.edm4eic.root,1438.0
root://dtn-eic.jlab.org//volatile/eic/EPIC/RECO/25.08.0/epic_craterlake/DIS/NC/5x41/minQ2=100/pythia8NCDIS_5x41_minQ2=100_beamEffects_xAngle=-0.025_hiDiv_5.0019.eicrecon.edm4eic.root,1438.0
root://dtn-eic.jlab.org//volatile/eic/EPIC/RECO/25.08.0/epic_craterlake/DIS/NC/5x41/minQ2=100/pythia8NCDIS_5x41_minQ2=100_beamEffects_xAngle=-0.025_hiDiv_5.0020.eicrecon.edm4eic.root,1438.0
root://dtn-eic.jlab.org//volatile/eic/EPIC/RECO/25.08.0/epic_craterlake/DIS/NC/5x41/minQ2=100/pythia8NCDIS_5x41_minQ2=100_beamEffects_xAngle=-0.025_hiDiv_5.0021.eicrecon.edm4eic.root,1438.0
root://dtn-eic.jlab.org//volatile/eic/EPIC/RECO/25.08.0/epic_craterlake/DIS/NC/5x41/minQ2=100/pythia8NCDIS_5x41_minQ2=100_beamEffects_xAngle=-0.025_hiDiv_5.0022.eicrecon.edm4eic.root,1438.0
root://dtn-eic.jlab.org//volatile/eic/EPIC/RECO/25.08.0/epic_craterlake/DIS/NC/5x41/minQ2=100/pythia8NCDIS_5x41_minQ2=100_beamEffects_xAngle=-0.025_hiDiv_5.0023.eicrecon.edm4eic.root,1438.0
root://dtn-eic.jlab.org//volatile/eic/EPIC/RECO/25.08.0/epic_craterlake/DIS/NC/5x41/minQ2=100/pythia8NCDIS_5x41_minQ2=100_beamEffects_xAngle=-0.025_hiDiv_5.0024.eicrecon.edm4eic.root,1438.0
root://dtn-eic.jlab.org//volatile/eic/EPIC/RECO/25.08.0/epic_craterlake/DIS/NC/5x41/minQ2=100/pythia8NCDIS_5x41_minQ2=100_beamEffects_xAngle=-0.025_hiDiv_5.0025.eicrecon.edm4eic.root,1438.0
root://dtn-eic.jlab.org//volatile/eic/EPIC/RECO/25.08.0/epic_craterlake/DIS/NC/5x41/minQ2=100/pythia8NCDIS_5x41_minQ2=100_beamEffects_xAngle=-0.025_hiDiv_5.0026.eicrecon.edm4eic.root,1438.0
root://dtn-eic.jlab.org//volatile/eic/EPIC/RECO/25.08.0/epic_craterlake/DIS/NC/5x41/minQ2=100/pythia8NCDIS_5x41_minQ2=100_beamEffects_xAngle=-0.025_hiDiv_5.0027.eicrecon.edm4eic.root,1438.0
root://dtn-eic.jlab.org//volatile/eic/EPIC/RECO/25.08.0/epic_craterlake/DIS/NC/5x41/minQ2=100/pythia8NCDIS_5x41_minQ2=100_beamEffects_xAngle=-0.025_hiDiv_5.0028.eicrecon.edm4eic.root,1438.0
root://dtn-eic.jlab.org//volatile/eic/EPIC/RECO/25.08.0/epic_craterlake/DIS/NC/5x41/minQ2=100/pythia8NCDIS_5x41_minQ2=100_beamEffects_xAngle=-0.025_hiDiv_5.0029.eicrecon.edm4eic.root,1438.0
root://dtn-eic.jlab.org//volatile/eic/EPIC/RECO/25.08.0/epic_craterlake/DIS/NC/5x41/minQ2=100/pythia8NCDIS_5x41_minQ2=100_beamEffects_xAngle=-0.025_hiDiv_5.0030.eicrecon.edm4eic.root,1438.0
root://dtn-eic.jlab.org//volatile/eic/EPIC/RECO/25.08.0/epic_craterlake/DIS/NC/5x41/minQ2=100/pythia8NCDIS_5x41_minQ2=100_beamEffects_xAngle=-0.025_hiDiv_5.0031.eicrecon.edm4eic.root,1438.0
root://dtn-eic.jlab.org//volatile/eic/EPIC/RECO/25.08.0/epic_craterlake/DIS/NC/5x41/minQ2=100/pythia8NCDIS_5x41_minQ2=100_beamEffects_xAngle=-0.025_hiDiv_5.0032.eicrecon.edm4eic.root,1438.0
root://dtn-eic.jlab.org//volatile/eic/EPIC/RECO/25.08.0/epic_craterlake/DIS/NC/5x41/minQ2=100/pythia8NCDIS_5x41_minQ2=100_beamEffects_xAngle=-0.025_hiDiv_5.0033.eicrecon.edm4eic.root,1438.0
root://dtn-eic.jlab.org//volatile/eic/EPIC/RECO/25.08.0/epic_craterlake/DIS/NC/5x41/minQ2=100/pythia8NCDIS_5x41_minQ2=100_beamEffects_xAngle=-0.025_hiDiv_5.0034.eicrecon.edm4eic.root,1438.0
root://dtn-eic.jlab.org//volatile/eic/EPIC/RECO/25.08.0/epic_craterlake/DIS/NC/5x41/minQ2=100/pythia8NCDIS_5x41_minQ2=100_beamEffects_xAngle=-0.025_hiDiv_5.0035.eicrecon.edm4eic.root,1438.0
root://dtn-eic.jlab.org//volatile/eic/EPIC/RECO/25.08.0/epic_craterlake/DIS/NC/5x41/minQ2=100/pythia8NCDIS_5x41_minQ2=100_beamEffects_xAngle=-0.025_hiDiv_5.0036.eicrecon.edm4eic.root,1438.0
root://dtn-eic.jlab.org//volatile/eic/EPIC/RECO/25.08.0/epic_craterlake/DIS/NC/5x41/minQ2=100/pythia8NCDIS_5x41_minQ2=100_beamEffects_xAngle=-0.025_hiDiv_5.0037.eicrecon.edm4eic.root,1438.0
root://dtn-eic.jlab.org//volatile/eic/EPIC/RECO/25.08.0/epic_craterlake/DIS/NC/5x41/minQ2=100/pythia8NCDIS_5x41_minQ2=100_beamEffects_xAngle=-0.025_hiDiv_5.0038.eicrecon.edm4eic.root,1438.0
root://dtn-eic.jlab.org//volatile/eic/EPIC/RECO/25.08.0/epic_craterlake/DIS/NC/5x41/minQ2=100/pythia8NCDIS_5x41_minQ2=100_beamEffects_xAngle=-0.025_hiDiv_5.0039.eicrecon.edm4eic.root,1438.0
root://dtn-eic.jlab.org//volatile/eic/EPIC/RECO/25.08.0/epic_craterlake/DIS/NC/5x41/minQ2=100/pythia8NCDIS_5x41_minQ2=100_beamEffects_xAngle=-0.025_hiDiv_5.0040.eicrecon.edm4eic.root,1438.0
root://dtn-eic.jlab.org//volatile/eic/EPIC/RECO/25.08.0/epic_craterlake/DIS/NC/5x41/minQ2=100/pythia8NCDIS_5x41_minQ2=100_beamEffects_xAngle=-0.025_hiDiv_5.0041.eicrecon.edm4eic.root,1438.0
root://dtn-eic.jlab.org//volatile/eic/EPIC/RECO/25.08.0/epic_craterlake/DIS/NC/5x41/minQ2=100/pythia8NCDIS_5x41_minQ2=100_beamEffects_xAngle=-0.025_hiDiv_5.0042.eicrecon.edm4eic.root,1438.0
root://dtn-eic.jlab.org//volatile/eic/EPIC/RECO/25.08.0/epic_craterlake/DIS/NC/5x41/minQ2=100/pythia8NCDIS_5x41_minQ2=100_beamEffects_xAngle=-0.025_hiDiv_5.0043.eicrecon.edm4eic.root,1438.0
root://dtn-eic.jlab.org//volatile/eic/EPIC/RECO/25.08.0/epic_craterlake/DIS/NC/5x41/minQ2=100/pythia8NCDIS_5x41_minQ2=100_beamEffects_xAngle=-0.025_hiDiv_5.0044.eicrecon.edm4eic.root,1438.0
root://dtn-eic.jlab.org//volatile/eic/EPIC/RECO/25.08.0/epic_craterlake/DIS/NC/5x41/minQ2=100/pythia8NCDIS_5x41_minQ2=100_beamEffects_xAngle=-0.025_hiDiv_5.0045.eicrecon.edm4eic.root,1438.0
root://dtn-eic.jlab.org//volatile/eic/EPIC/RECO/25.08.0/epic_craterlake/DIS/NC/5x41/minQ2=100/pythia8NCDIS_5x41_minQ2=100_beamEffects_xAngle=-0.025_hiDiv_5.0046.eicrecon.edm4eic.root,1438.0
root://dtn-eic.jlab.org//volatile/eic/EPIC/RECO/25.08.0/epic_craterlake/DIS/NC/5x41/minQ2=100/pythia8NCDIS_5x41_minQ2=100_beamEffects_xAngle=-0.025_hiDiv_5.0047.eicrecon.edm4eic.root,1438.0
root://dtn-eic.jlab.org//volatile/eic/EPIC/RECO/25.08.0/epic_craterlake/DIS/NC/5x41/minQ2=100/pythia8NCDIS_5x41_minQ2=100_beamEffects_xAngle=-0.025_hiDiv_5.0048.eicrecon.edm4eic.root,1438.0
root://dtn-eic.jlab.org//volatile/eic/EPIC/RECO/25.08.0/epic_craterlake/DIS/NC/5x41/minQ2=100/pythia8NCDIS_5x41_minQ2=100_beamEffects_xAngle=-0.025_hiDiv_5.0049.eicrecon.edm4eic.root,1438.0
root://dtn-eic.jlab.org//volatile/eic/EPIC/RECO/25.08.0/epic_craterlake/DIS/NC/5x41/minQ2=100/pythia8NCDIS_5x41_minQ2=100_beamEffects_xAngle=-0.025_hiDiv_5.0050.eicrecon.edm4eic.root,1438.0
root://dtn-eic.jlab.org//volatile/eic/EPIC/RECO/25.08.0/epic_craterlake/DIS/NC/5x41/minQ2=100/pythia8NCDIS_5x41_minQ2=100_beamEffects_xAngle=-0.025_hiDiv_5.0051.eicrecon.edm4eic.root,1438.0
root://dtn-eic.jlab.org//volatile/eic/EPIC/RECO/25.08.0/epic_craterlake/DIS/NC/5x41/minQ2=100/pythia8NCDIS_5x41_minQ2=100_beamEffects_xAngle=-0.025_hiDiv_5.0052.eicrecon.edm4eic.root,1438.0
root://dtn-eic.jlab.org//volatile/eic/EPIC/RECO/25.08.0/epic_craterlake/DIS/NC/5x41/minQ2=100/pythia8NCDIS_5x41_minQ2=100_beamEffects_xAngle=-0.025_hiDiv_5.0053.eicrecon.edm4eic.root,1438.0
root://dtn-eic.jlab.org//volatile/eic/EPIC/RECO/25.08.0/epic_craterlake/DIS/NC/5x41/minQ2=100/pythia8NCDIS_5x41_minQ2=100_beamEffects_xAngle=-0.025_hiDiv_5.0054.eicrecon.edm4eic.root,1438.0
root://dtn-eic.jlab.org//volatile/eic/EPIC/RECO/25.08.0/epic_craterlake/DIS/NC/5x41/minQ2=100/pythia8NCDIS_5x41_minQ2=100_beamEffects_xAngle=-0.025_hiDiv_5.0055.eicrecon.edm4eic.root,1438.0
root://dtn-eic.jlab.org//volatile/eic/EPIC/RECO/25.08.0/epic_craterlake/DIS/NC/5x41/minQ2=100/pythia8NCDIS_5x41_minQ2=100_beamEffects_xAngle=-0.025_hiDiv_5.0056.eicrecon.edm4eic.root,1438.0
root://dtn-eic.jlab.org//volatile/eic/EPIC/RECO/25.08.0/epic_craterlake/DIS/NC/5x41/minQ2=100/pythia8NCDIS_5x41_minQ2=100_beamEffects_xAngle=-0.025_hiDiv_5.0057.eicrecon.edm4eic.root,1438.0
root://dtn-eic.jlab.org//volatile/eic/EPIC/RECO/25.08.0/epic_craterlake/DIS/NC/5x41/minQ2=100/pythia8NCDIS_5x41_minQ2=100_beamEffects_xAngle=-0.025_hiDiv_5.0058.eicrecon.edm4eic.root,1438.0
root://dtn-eic.jlab.org//volatile/eic/EPIC/RECO/25.08.0/epic_craterlake/DIS/NC/5x41/minQ2=100/pythia8NCDIS_5x41_minQ2=100_beamEffects_xAngle=-0.025_hiDiv_5.0059.eicrecon.edm4eic.root,1438.0
root://dtn-eic.jlab.org//volatile/eic/EPIC/RECO/25.08.0/epic_craterlake/DIS/NC/5x41/minQ2=100/pythia8NCDIS_5x41_minQ2=100_beamEffects_xAngle=-0.025_hiDiv_5.0060.eicrecon.edm4eic.root,1438.0
root://dtn-eic.jlab.org//volatile/eic/EPIC/RECO/25.08.0/epic_craterlake/DIS/NC/5x41/minQ2=100/pythia8NCDIS_5x41_minQ2=100_beamEffects_xAngle=-0.025_hiDiv_5.0061.eicrecon.edm4eic.root,1438.0
root://dtn-eic.jlab.org//volatile/eic/EPIC/RECO/25.08.0/epic_craterlake/DIS/NC/5x41/minQ2=100/pythia8NCDIS_5x41_minQ2=100_beamEffects_xAngle=-0.025_hiDiv_5.0062.eicrecon.edm4eic.root,1438.0
root://dtn-eic.jlab.org//volatile/eic/EPIC/RECO/25.08.0/epic_craterlake/DIS/NC/5x41/minQ2=100/pythia8NCDIS_5x41_minQ2=100_beamEffects_xAngle=-0.025_hiDiv_5.0063.eicrecon.edm4eic.root,1438.0
root://dtn-eic.jlab.org//volatile/eic/EPIC/RECO/25.08.0/epic_craterlake/DIS/NC/5x41/minQ2=100/pythia8NCDIS_5x41_minQ2=100_beamEffects_xAngle=-0.025_hiDiv_5.0064.eicrecon.edm4eic.root,1438.0
root://dtn-eic.jlab.org//volatile/eic/EPIC/RECO/25.08.0/epic_craterlake/DIS/NC/5x41/minQ2=100/pythia8NCDIS_5x41_minQ2=100_beamEffects_xAngle=-0.025_hiDiv_5.0065.eicrecon.edm4eic.root,1438.0
root://dtn-eic.jlab.org//volatile/eic/EPIC/RECO/25.08.0/epic_craterlake/DIS/NC/5x41/minQ2=100/pythia8NCDIS_5x41_minQ2=100_beamEffects_xAngle=-0.025_hiDiv_5.0066.eicrecon.edm4eic.root,1438.0
root://dtn-eic.jlab.org//volatile/eic/EPIC/RECO/25.08.0/epic_craterlake/DIS/NC/5x41/minQ2=100/pythia8NCDIS_5x41_minQ2=100_beamEffects_xAngle=-0.025_hiDiv_5.0067.eicrecon.edm4eic.root,1438.0
root://dtn-eic.jlab.org//volatile/eic/EPIC/RECO/25.08.0/epic_craterlake/DIS/NC/5x41/minQ2=100/pythia8NCDIS_5x41_minQ2=100_beamEffects_xAngle=-0.025_hiDiv_5.0068.eicrecon.edm4eic.root,1438.0
root://dtn-eic.jlab.org//volatile/eic/EPIC/RECO/25.08.0/epic_craterlake/DIS/NC/5x41/minQ2=100/pythia8NCDIS_5x41_minQ2=100_beamEffects_xAngle=-0.025_hiDiv_5.0069.eicrecon.edm4eic.root,1438.0
root://dtn-eic.jlab.org//volatile/eic/EPIC/RECO/25.08.0/epic_craterlake/DIS/NC/5x41/minQ2=100/pythia8NCDIS_5x41_minQ2=100_beamEffects_xAngle=-0.025_hiDiv_5.0070.eicrecon.edm4eic.root,1438.0
root://dtn-eic.jlab.org//volatile/eic/EPIC/RECO/25.08.0/epic_craterlake/DIS/NC/5x41/minQ2=100/pythia8NCDIS_5x41_minQ2=100_beamEffects_xAngle=-0.025_hiDiv_5.0071.eicrecon.edm4eic.root,1438.0
root://dtn-eic.jlab.org//volatile/eic/EPIC/RECO/25.08.0/epic_craterlake/DIS/NC/5x41/minQ2=100/pythia8NCDIS_5x41_minQ2=100_beamEffects_xAngle=-0.025_hiDiv_5.0072.eicrecon.edm4eic.root,1438.0
root://dtn-eic.jlab.org//volatile/eic/EPIC/RECO/25.08.0/epic_craterlake/DIS/NC/5x41/minQ2=100/pythia8NCDIS_5x41_minQ2=100_beamEffects_xAngle=-0.025_hiDiv_5.0073.eicrecon.edm4eic.root,1438.0
root://dtn-eic.jlab.org//volatile/eic/EPIC/RECO/25.08.0/epic_craterlake/DIS/NC/5x41/minQ2=100/pythia8NCDIS_5x41_minQ2=100_beamEffects_xAngle=-0.025_hiDiv_5.0074.eicrecon.edm4eic.root,1438.0
root://dtn-eic.jlab.org//volatile/eic/EPIC/RECO/25.08.0/epic_craterlake/DIS/NC/5x41/minQ2=100/pythia8NCDIS_5x41_minQ2=100_beamEffects_xAngle=-0.025_hiDiv_5.0075.eicrecon.edm4eic.root,1438.0
root://dtn-eic.jlab.org//volatile/eic/EPIC/RECO/25.08.0/epic_craterlake/DIS/NC/5x41/minQ2=100/pythia8NCDIS_5x41_minQ2=100_beamEffects_xAngle=-0.025_hiDiv_5.0076.eicrecon.edm4eic.root,1438.0
root://dtn-eic.jlab.org//volatile/eic/EPIC/RECO/25.08.0/epic_craterlake/DIS/NC/5x41/minQ2=100/pythia8NCDIS_5x41_minQ2=100_beamEffects_xAngle=-0.025_hiDiv_5.0077.eicrecon.edm4eic.root,1438.0
root://dtn-eic.jlab.org//volatile/eic/EPIC/RECO/25.08.0/epic_craterlake/DIS/NC/5x41/minQ2=100/pythia8NCDIS_5x41_minQ2=100_beamEffects_xAngle=-0.025_hiDiv_5.0078.eicrecon.edm4eic.root,1438.0
root://dtn-eic.jlab.org//volatile/eic/EPIC/RECO/25.08.0/epic_craterlake/DIS/NC/5x41/minQ2=100/pythia8NCDIS_5x41_minQ2=100_beamEffects_xAngle=-0.025_hiDiv_5.0079.eicrecon.edm4eic.root,1438.0
root://dtn-eic.jlab.org//volatile/eic/EPIC/RECO/25.08.0/epic_craterlake/DIS/NC/5x41/minQ2=100/pythia8NCDIS_5x41_minQ2=100_beamEffects_xAngle=-0.025_hiDiv_5.0080.eicrecon.edm4eic.root,1438.0
root://dtn-eic.jlab.org//volatile/eic/EPIC/RECO/25.08.0/epic_craterlake/DIS/NC/5x41/minQ2=100/pythia8NCDIS_5x41_minQ2=100_beamEffects_xAngle=-0.025_hiDiv_5.0081.eicrecon.edm4eic.root,1438.0
root://dtn-eic.jlab.org//volatile/eic/EPIC/RECO/25.08.0/epic_craterlake/DIS/NC/5x41/minQ2=100/pythia8NCDIS_5x41_minQ2=100_beamEffects_xAngle=-0.025_hiDiv_5.0082.eicrecon.edm4eic.root,1438.0
root://dtn-eic.jlab.org//volatile/eic/EPIC/RECO/25.08.0/epic_craterlake/DIS/NC/5x41/minQ2=100/pythia8NCDIS_5x41_minQ2=100_beamEffects_xAngle=-0.025_hiDiv_5.0083.eicrecon.edm4eic.root,1438.0
root://dtn-eic.jlab.org//volatile/eic/EPIC/RECO/25.08.0/epic_craterlake/DIS/NC/5x41/minQ2=100/pythia8NCDIS_5x41_minQ2=100_beamEffects_xAngle=-0.025_hiDiv_5.0084.eicrecon.edm4eic.root,1438.0
root://dtn-eic.jlab.org//volatile/eic/EPIC/RECO/25.08.0/epic_craterlake/DIS/NC/5x41/minQ2=100/pythia8NCDIS_5x41_minQ2=100_beamEffects_xAngle=-0.025_hiDiv_5.0085.eicrecon.edm4eic.root,1438.0
root://dtn-eic.jlab.org//volatile/eic/EPIC/RECO/25.08.0/epic_craterlake/DIS/NC/5x41/minQ2=100/pythia8NCDIS_5x41_minQ2=100_beamEffects_xAngle=-0.025_hiDiv_5.0086.eicrecon.edm4eic.root,1438.0
root://dtn-eic.jlab.org//volatile/eic/EPIC/RECO/25.08.0/epic_craterlake/DIS/NC/5x41/minQ2=100/pythia8NCDIS_5x41_minQ2=100_beamEffects_xAngle=-0.025_hiDiv_5.0087.eicrecon.edm4eic.root,1438.0
root://dtn-eic.jlab.org//volatile/eic/EPIC/RECO/25.08.0/epic_craterlake/DIS/NC/5x41/minQ2=100/pythia8NCDIS_5x41_minQ2=100_beamEffects_xAngle=-0.025_hiDiv_5.0088.eicrecon.edm4eic.root,1438.0
root://dtn-eic.jlab.org//volatile/eic/EPIC/RECO/25.08.0/epic_craterlake/DIS/NC/5x41/minQ2=100/pythia8NCDIS_5x41_minQ2=100_beamEffects_xAngle=-0.025_hiDiv_5.0089.eicrecon.edm4eic.root,1438.0
root://dtn-eic.jlab.org//volatile/eic/EPIC/RECO/25.08.0/epic_craterlake/DIS/NC/5x41/minQ2=100/pythia8NCDIS_5x41_minQ2=100_beamEffects_xAngle=-0.025_hiDiv_5.0090.eicrecon.edm4eic.root,1438.0
root://dtn-eic.jlab.org//volatile/eic/EPIC/RECO/25.08.0/epic_craterlake/DIS/NC/5x41/minQ2=100/pythia8NCDIS_5x41_minQ2=100_beamEffects_xAngle=-0.025_hiDiv_5.0091.eicrecon.edm4eic.root,1438.0
root://dtn-eic.jlab.org//volatile/eic/EPIC/RECO/25.08.0/epic_craterlake/DIS/NC/5x41/minQ2=100/pythia8NCDIS_5x41_minQ2=100_beamEffects_xAngle=-0.025_hiDiv_5.0092.eicrecon.edm4eic.root,1438.0
root://dtn-eic.jlab.org//volatile/eic/EPIC/RECO/25.08.0/epic_craterlake/DIS/NC/5x41/minQ2=100/pythia8NCDIS_5x41_minQ2=100_beamEffects_xAngle=-0.025_hiDiv_5.0093.eicrecon.edm4eic.root,1438.0
root://dtn-eic.jlab.org//volatile/eic/EPIC/RECO/25.08.0/epic_craterlake/DIS/NC/5x41/minQ2=100/pythia8NCDIS_5x41_minQ2=100_beamEffects_xAngle=-0.025_hiDiv_5.0094.eicrecon.edm4eic.root,1438.0
root://dtn-eic.jlab.org//volatile/eic/EPIC/RECO/25.08.0/epic_craterlake/DIS/NC/5x41/minQ2=100/pythia8NCDIS_5x41_minQ2=100_beamEffects_xAngle=-0.025_hiDiv_5.0095.eicrecon.edm4eic.root,1438.0
root://dtn-eic.jlab.org//volatile/eic/EPIC/RECO/25.08.0/epic_craterlake/DIS/NC/5x41/minQ2=100/pythia8NCDIS_5x41_minQ2=100_beamEffects_xAngle=-0.025_hiDiv_5.0096.eicrecon.edm4eic.root,1438.0
root://dtn-eic.jlab.org//volatile/eic/EPIC/RECO/25.08.0/epic_craterlake/DIS/NC/5x41/minQ2=100/pythia8NCDIS_5x41_minQ2=100_beamEffects_xAngle=-0.025_hiDiv_5.0097.eicrecon.edm4eic.root,1438.0
root://dtn-eic.jlab.org//volatile/eic/EPIC/RECO/25.08.0/epic_craterlake/DIS/NC/5x41/minQ2=100/pythia8NCDIS_5x41_minQ2=100_beamEffects_xAngle=-0.025_hiDiv_5.0098.eicrecon.edm4eic.root,1438.0
root://dtn-eic.jlab.org//volatile/eic/EPIC/RECO/25.08.0/epic_craterlake/DIS/NC/5x41/minQ2=100/pythia8NCDIS_5x41_minQ2=100_beamEffects_xAngle=-0.025_hiDiv_5.0099.eicrecon.edm4eic.root,1438.0
root://dtn-eic.jlab.org//volatile/eic/EPIC/RECO/25.08.0/epic_craterlake/DIS/NC/5x41/minQ2=100/pythia8NCDIS_5x41_minQ2=100_beamEffects_xAngle=-0.025_hiDiv_5.0100.eicrecon.edm4eic.root,1438.0
root://dtn-eic.jlab.org//volatile/eic/EPIC/RECO/25.08.0/epic_craterlake/DIS/NC/5x41/minQ2=100/pythia8NCDIS_5x41_minQ2=100_beamEffects_xAngle=-0.025_hiDiv_5.0101.eicrecon.edm4eic.root,1438.0
root://dtn-eic.jlab.org//volatile/eic/EPIC/RECO/25.08.0/epic_craterlake/DIS/NC/5x41/minQ2=100/pythia8NCDIS_5x41_minQ2=100_beamEffects_xAngle=-0.025_hiDiv_5.0102.eicrecon.edm4eic.root,1438.0
root://dtn-eic.jlab.org//volatile/eic/EPIC/RECO/25.08.0/epic_craterlake/DIS/NC/5x41/minQ2=100/pythia8NCDIS_5x41_minQ2=100_beamEffects_xAngle=-0.025_hiDiv_5.0103.eicrecon.edm4eic.root,1438.0
root://dtn-eic.jlab.org//volatile/eic/EPIC/RECO/25.08.0/epic_craterlake/DIS/NC/5x41/minQ2=100/pythia8NCDIS_5x41_minQ2=100_beamEffects_xAngle=-0.025_hiDiv_5.0104.eicrecon.edm4eic.root,1438.0
root://dtn-eic.jlab.org//volatile/eic/EPIC/RECO/25.08.0/epic_craterlake/DIS/NC/5x41/minQ2=100/pythia8NCDIS_5x41_minQ2=100_beamEffects_xAngle=-0.025_hiDiv_5.0105.eicrecon.edm4eic.root,1438.0
root://dtn-eic.jlab.org//volatile/eic/EPIC/RECO/25.08.0/epic_craterlake/DIS/NC/5x41/minQ2=100/pythia8NCDIS_5x41_minQ2=100_beamEffects_xAngle=-0.025_hiDiv_5.0106.eicrecon.edm4eic.root,1438.0
root://dtn-eic.jlab.org//volatile/eic/EPIC/RECO/25.08.0/epic_craterlake/DIS/NC/5x41/minQ2=100/pythia8NCDIS_5x41_minQ2=100_beamEffects_xAngle=-0.025_hiDiv_5.0107.eicrecon.edm4eic.root,1438.0
root://dtn-eic.jlab.org//volatile/eic/EPIC/RECO/25.08.0/epic_craterlake/DIS/NC/5x41/minQ2=100/pythia8NCDIS_5x41_minQ2=100_beamEffects_xAngle=-0.025_hiDiv_5.0108.eicrecon.edm4eic.root,1438.0
root://dtn-eic.jlab.org//volatile/eic/EPIC/RECO/25.08.0/epic_craterlake/DIS/NC/5x41/minQ2=100/pythia8NCDIS_5x41_minQ2=100_beamEffects_xAngle=-0.025_hiDiv_5.0109.eicrecon.edm4eic.root,1438.0
root://dtn-eic.jlab.org//volatile/eic/EPIC/RECO/25.08.0/epic_craterlake/DIS/NC/5x41/minQ2=100/pythia8NCDIS_5x41_minQ2=100_beamEffects_xAngle=-0.025_hiDiv_5.0110.eicrecon.edm4eic.root,1438.0
root://dtn-eic.jlab.org//volatile/eic/EPIC/RECO/25.08.0/epic_craterlake/DIS/NC/5x41/minQ2=100/pythia8NCDIS_5x41_minQ2=100_beamEffects_xAngle=-0.025_hiDiv_5.0111.eicrecon.edm4eic.root,1438.0
root://dtn-eic.jlab.org//volatile/eic/EPIC/RECO/25.08.0/epic_craterlake/DIS/NC/5x41/minQ2=100/pythia8NCDIS_5x41_minQ2=100_beamEffects_xAngle=-0.025_hiDiv_5.0112.eicrecon.edm4eic.root,1438.0
root://dtn-eic.jlab.org//volatile/eic/EPIC/RECO/25.08.0/epic_craterlake/DIS/NC/5x41/minQ2=100/pythia8NCDIS_5x41_minQ2=100_beamEffects_xAngle=-0.025_hiDiv_5.0113.eicrecon.edm4eic.root,1438.0
root://dtn-eic.jlab.org//volatile/eic/EPIC/RECO/25.08.0/epic_craterlake/DIS/NC/5x41/minQ2=100/pythia8NCDIS_5x41_minQ2=100_beamEffects_xAngle=-0.025_hiDiv_5.0114.eicrecon.edm4eic.root,1438.0
root://dtn-eic.jlab.org//volatile/eic/EPIC/RECO/25.08.0/epic_craterlake/DIS/NC/5x41/minQ2=100/pythia8NCDIS_5x41_minQ2=100_beamEffects_xAngle=-0.025_hiDiv_5.0115.eicrecon.edm4eic.root,1438.0
root://dtn-eic.jlab.org//volatile/eic/EPIC/RECO/25.08.0/epic_craterlake/DIS/NC/5x41/minQ2=100/pythia8NCDIS_5x41_minQ2=100_beamEffects_xAngle=-0.025_hiDiv_5.0116.eicrecon.edm4eic.root,1438.0
root://dtn-eic.jlab.org//volatile/eic/EPIC/RECO/25.08.0/epic_craterlake/DIS/NC/5x41/minQ2=100/pythia8NCDIS_5x41_minQ2=100_beamEffects_xAngle=-0.025_hiDiv_5.0117.eicrecon.edm4eic.root,1438.0
root://dtn-eic.jlab.org//volatile/eic/EPIC/RECO/25.08.0/epic_craterlake/DIS/NC/5x41/minQ2=100/pythia8NCDIS_5x41_minQ2=100_beamEffects_xAngle=-0.025_hiDiv_5.0118.eicrecon.edm4eic.root,1438.0
root://dtn-eic.jlab.org//volatile/eic/EPIC/RECO/25.08.0/epic_craterlake/DIS/NC/5x41/minQ2=100/pythia8NCDIS_5x41_minQ2=100_beamEffects_xAngle=-0.025_hiDiv_5.0119.eicrecon.edm4eic.root,1438.0
root://dtn-eic.jlab.org//volatile/eic/EPIC/RECO/25.08.0/epic_craterlake/DIS/NC/5x41/minQ2=100/pythia8NCDIS_5x41_minQ2=100_beamEffects_xAngle=-0.025_hiDiv_5.0120.eicrecon.edm4eic.root,1438.0
root://dtn-eic.jlab.org//volatile/eic/EPIC/RECO/25.08.0/epic_craterlake/DIS/NC/5x41/minQ2=100/pythia8NCDIS_5x41_minQ2=100_beamEffects_xAngle=-0.025_hiDiv_5.0121.eicrecon.edm4eic.root,1438.0
root://dtn-eic.jlab.org//volatile/eic/EPIC/RECO/25.08.0/epic_craterlake/DIS/NC/5x41/minQ2=100/pythia8NCDIS_5x41_minQ2=100_beamEffects_xAngle=-0.025_hiDiv_5.0122.eicrecon.edm4eic.root,1438.0
root://dtn-eic.jlab.org//volatile/eic/EPIC/RECO/25.08.0/epic_craterlake/DIS/NC/5x41/minQ2=100/pythia8NCDIS_5x41_minQ2=100_beamEffects_xAngle=-0.025_hiDiv_5.0123.eicrecon.edm4eic.root,1438.0
root://dtn-eic.jlab.org//volatile/eic/EPIC/RECO/25.08.0/epic_craterlake/DIS/NC/5x41/minQ2=100/pythia8NCDIS_5x41_minQ2=100_beamEffects_xAngle=-0.025_hiDiv_5.0124.eicrecon.edm4eic.root,1438.0
root://dtn-eic.jlab.org//volatile/eic/EPIC/RECO/25.08.0/epic_craterlake/DIS/NC/5x41/minQ2=100/pythia8NCDIS_5x41_minQ2=100_beamEffects_xAngle=-0.025_hiDiv_5.0125.eicrecon.edm4eic.root,1438.0
root://dtn-eic.jlab.org//volatile/eic/EPIC/RECO/25.08.0/epic_craterlake/DIS/NC/5x41/minQ2=100/pythia8NCDIS_5x41_minQ2=100_beamEffects_xAngle=-0.025_hiDiv_5.0126.eicrecon.edm4eic.root,1438.0
root://dtn-eic.jlab.org//volatile/eic/EPIC/RECO/25.08.0/epic_craterlake/DIS/NC/5x41/minQ2=100/pythia8NCDIS_5x41_minQ2=100_beamEffects_xAngle=-0.025_hiDiv_5.0127.eicrecon.edm4eic.root,1438.0
root://dtn-eic.jlab.org//volatile/eic/EPIC/RECO/25.08.0/epic_craterlake/DIS/NC/5x41/minQ2=100/pythia8NCDIS_5x41_minQ2=100_beamEffects_xAngle=-0.025_hiDiv_5.0128.eicrecon.edm4eic.root,1438.0
root://dtn-eic.jlab.org//volatile/eic/EPIC/RECO/25.08.0/epic_craterlake/DIS/NC/5x41/minQ2=100/pythia8NCDIS_5x41_minQ2=100_beamEffects_xAngle=-0.025_hiDiv_5.0129.eicrecon.edm4eic.root,1438.0
root://dtn-eic.jlab.org//volatile/eic/EPIC/RECO/25.08.0/epic_craterlake/DIS/NC/5x41/minQ2=100/pythia8NCDIS_5x41_minQ2=100_beamEffects_xAngle=-0.025_hiDiv_5.0130.eicrecon.edm4eic.root,1438.0
root://dtn-eic.jlab.org//volatile/eic/EPIC/RECO/25.08.0/epic_craterlake/DIS/NC/5x41/minQ2=100/pythia8NCDIS_5x41_minQ2=100_beamEffects_xAngle=-0.025_hiDiv_5.0131.eicrecon.edm4eic.root,1438.0
root://dtn-eic.jlab.org//volatile/eic/EPIC/RECO/25.08.0/epic_craterlake/DIS/NC/5x41/minQ2=100/pythia8NCDIS_5x41_minQ2=100_beamEffects_xAngle=-0.025_hiDiv_5.0132.eicrecon.edm4eic.root,1438.0
root://dtn-eic.jlab.org//volatile/eic/EPIC/RECO/25.08.0/epic_craterlake/DIS/NC/5x41/minQ2=100/pythia8NCDIS_5x41_minQ2=100_beamEffects_xAngle=-0.025_hiDiv_5.0133.eicrecon.edm4eic.root,1438.0
root://dtn-eic.jlab.org//volatile/eic/EPIC/RECO/25.08.0/epic_craterlake/DIS/NC/5x41/minQ2=100/pythia8NCDIS_5x41_minQ2=100_beamEffects_xAngle=-0.025_hiDiv_5.0134.eicrecon.edm4eic.root,1438.0
root://dtn-eic.jlab.org//volatile/eic/EPIC/RECO/25.08.0/epic_craterlake/DIS/NC/5x41/minQ2=100/pythia8NCDIS_5x41_minQ2=100_beamEffects_xAngle=-0.025_hiDiv_5.0135.eicrecon.edm4eic.root,1438.0
root://dtn-eic.jlab.org//volatile/eic/EPIC/RECO/25.08.0/epic_craterlake/DIS/NC/5x41/minQ2=100/pythia8NCDIS_5x41_minQ2=100_beamEffects_xAngle=-0.025_hiDiv_5.0136.eicrecon.edm4eic.root,1438.0
root://dtn-eic.jlab.org//volatile/eic/EPIC/RECO/25.08.0/epic_craterlake/DIS/NC/5x41/minQ2=100/pythia8NCDIS_5x41_minQ2=100_beamEffects_xAngle=-0.025_hiDiv_5.0137.eicrecon.edm4eic.root,1438.0
root://dtn-eic.jlab.org//volatile/eic/EPIC/RECO/25.08.0/epic_craterlake/DIS/NC/5x41/minQ2=100/pythia8NCDIS_5x41_minQ2=100_beamEffects_xAngle=-0.025_hiDiv_5.0138.eicrecon.edm4eic.root,1438.0
root://dtn-eic.jlab.org//volatile/eic/EPIC/RECO/25.08.0/epic_craterlake/DIS/NC/5x41/minQ2=100/pythia8NCDIS_5x41_minQ2=100_beamEffects_xAngle=-0.025_hiDiv_5.0139.eicrecon.edm4eic.root,1438.0
root://dtn-eic.jlab.org//volatile/eic/EPIC/RECO/25.08.0/epic_craterlake/DIS/NC/5x41/minQ2=100/pythia8NCDIS_5x41_minQ2=100_beamEffects_xAngle=-0.025_hiDiv_5.0140.eicrecon.edm4eic.root,1438.0
root://dtn-eic.jlab.org//volatile/eic/EPIC/RECO/25.08.0/epic_craterlake/DIS/NC/5x41/minQ2=100/pythia8NCDIS_5x41_minQ2=100_beamEffects_xAngle=-0.025_hiDiv_5.0141.eicrecon.edm4eic.root,1438.0
root://dtn-eic.jlab.org//volatile/eic/EPIC/RECO/25.08.0/epic_craterlake/DIS/NC/5x41/minQ2=100/pythia8NCDIS_5x41_minQ2=100_beamEffects_xAngle=-0.025_hiDiv_5.0142.eicrecon.edm4eic.root,1438.0
root://dtn-eic.jlab.org//volatile/eic/EPIC/RECO/25.08.0/epic_craterlake/DIS/NC/5x41/minQ2=100/pythia8NCDIS_5x41_minQ2=100_beamEffects_xAngle=-0.025_hiDiv_5.0143.eicrecon.edm4eic.root,1438.0
root://dtn-eic.jlab.org//volatile/eic/EPIC/RECO/25.08.0/epic_craterlake/DIS/NC/5x41/minQ2=100/pythia8NCDIS_5x41_minQ2=100_beamEffects_xAngle=-0.025_hiDiv_5.0144.eicrecon.edm4eic.root,1438.0
root://dtn-eic.jlab.org//volatile/eic/EPIC/RECO/25.08.0/epic_craterlake/DIS/NC/5x41/minQ2=100/pythia8NCDIS_5x41_minQ2=100_beamEffects_xAngle=-0.025_hiDiv_5.0145.eicrecon.edm4eic.root,1438.0
root://dtn-eic.jlab.org//volatile/eic/EPIC/RECO/25.08.0/epic_craterlake/DIS/NC/5x41/minQ2=100/pythia8NCDIS_5x41_minQ2=100_beamEffects_xAngle=-0.025_hiDiv_5.0146.eicrecon.edm4eic.root,1438.0
root://dtn-eic.jlab.org//volatile/eic/EPIC/RECO/25.08.0/epic_craterlake/DIS/NC/5x41/minQ2=100/pythia8NCDIS_5x41_minQ2=100_beamEffects_xAngle=-0.025_hiDiv_5.0147.eicrecon.edm4eic.root,1438.0
root://dtn-eic.jlab.org//volatile/eic/EPIC/RECO/25.08.0/epic_craterlake/DIS/NC/5x41/minQ2=100/pythia8NCDIS_5x41_minQ2=100_beamEffects_xAngle=-0.025_hiDiv_5.0148.eicrecon.edm4eic.root,1438.0
root://dtn-eic.jlab.org//volatile/eic/EPIC/RECO/25.08.0/epic_craterlake/DIS/NC/5x41/minQ2=100/pythia8NCDIS_5x41_minQ2=100_beamEffects_xAngle=-0.025_hiDiv_5.0149.eicrecon.edm4eic.root,1438.0
root://dtn-eic.jlab.org//volatile/eic/EPIC/RECO/25.08.0/epic_craterlake/DIS/NC/5x41/minQ2=100/pythia8NCDIS_5x41_minQ2=100_beamEffects_xAngle=-0.025_hiDiv_5.0150.eicrecon.edm4eic.root,1438.0
root://dtn-eic.jlab.org//volatile/eic/EPIC/RECO/25.08.0/epic_craterlake/DIS/NC/5x41/minQ2=100/pythia8NCDIS_5x41_minQ2=100_beamEffects_xAngle=-0.025_hiDiv_5.0151.eicrecon.edm4eic.root,1438.0
root://dtn-eic.jlab.org//volatile/eic/EPIC/RECO/25.08.0/epic_craterlake/DIS/NC/5x41/minQ2=100/pythia8NCDIS_5x41_minQ2=100_beamEffects_xAngle=-0.025_hiDiv_5.0152.eicrecon.edm4eic.root,1438.0
root://dtn-eic.jlab.org//volatile/eic/EPIC/RECO/25.08.0/epic_craterlake/DIS/NC/5x41/minQ2=100/pythia8NCDIS_5x41_minQ2=100_beamEffects_xAngle=-0.025_hiDiv_5.0153.eicrecon.edm4eic.root,1438.0
root://dtn-eic.jlab.org//volatile/eic/EPIC/RECO/25.08.0/epic_craterlake/DIS/NC/5x41/minQ2=100/pythia8NCDIS_5x41_minQ2=100_beamEffects_xAngle=-0.025_hiDiv_5.0154.eicrecon.edm4eic.root,1438.0
root://dtn-eic.jlab.org//volatile/eic/EPIC/RECO/25.08.0/epic_craterlake/DIS/NC/5x41/minQ2=100/pythia8NCDIS_5x41_minQ2=100_beamEffects_xAngle=-0.025_hiDiv_5.0155.eicrecon.edm4eic.root,1438.0
root://dtn-eic.jlab.org//volatile/eic/EPIC/RECO/25.08.0/epic_craterlake/DIS/NC/5x41/minQ2=100/pythia8NCDIS_5x41_minQ2=100_beamEffects_xAngle=-0.025_hiDiv_5.0156.eicrecon.edm4eic.root,1438.0
root://dtn-eic.jlab.org//volatile/eic/EPIC/RECO/25.08.0/epic_craterlake/DIS/NC/5x41/minQ2=100/pythia8NCDIS_5x41_minQ2=100_beamEffects_xAngle=-0.025_hiDiv_5.0157.eicrecon.edm4eic.root,1438.0
root://dtn-eic.jlab.org//volatile/eic/EPIC/RECO/25.08.0/epic_craterlake/DIS/NC/5x41/minQ2=100/pythia8NCDIS_5x41_minQ2=100_beamEffects_xAngle=-0.025_hiDiv_5.0158.eicrecon.edm4eic.root,1438.0
root://dtn-eic.jlab.org//volatile/eic/EPIC/RECO/25.08.0/epic_craterlake/DIS/NC/5x41/minQ2=100/pythia8NCDIS_5x41_minQ2=100_beamEffects_xAngle=-0.025_hiDiv_5.0159.eicrecon.edm4eic.root,1438.0
root://dtn-eic.jlab.org//volatile/eic/EPIC/RECO/25.08.0/epic_craterlake/DIS/NC/5x41/minQ2=100/pythia8NCDIS_5x41_minQ2=100_beamEffects_xAngle=-0.025_hiDiv_5.0160.eicrecon.edm4eic.root,1438.0
root://dtn-eic.jlab.org//volatile/eic/EPIC/RECO/25.08.0/epic_craterlake/DIS/NC/5x41/minQ2=100/pythia8NCDIS_5x41_minQ2=100_beamEffects_xAngle=-0.025_hiDiv_5.0161.eicrecon.edm4eic.root,1438.0
root://dtn-eic.jlab.org//volatile/eic/EPIC/RECO/25.08.0/epic_craterlake/DIS/NC/5x41/minQ2=100/pythia8NCDIS_5x41_minQ2=100_beamEffects_xAngle=-0.025_hiDiv_5.0162.eicrecon.edm4eic.root,1438.0
root://dtn-eic.jlab.org//volatile/eic/EPIC/RECO/25.08.0/epic_craterlake/DIS/NC/5x41/minQ2=100/pythia8NCDIS_5x41_minQ2=100_beamEffects_xAngle=-0.025_hiDiv_5.0163.eicrecon.edm4eic.root,1438.0
root://dtn-eic.jlab.org//volatile/eic/EPIC/RECO/25.08.0/epic_craterlake/DIS/NC/5x41/minQ2=100/pythia8NCDIS_5x41_minQ2=100_beamEffects_xAngle=-0.025_hiDiv_5.0164.eicrecon.edm4eic.root,1438.0
root://dtn-eic.jlab.org//volatile/eic/EPIC/RECO/25.08.0/epic_craterlake/DIS/NC/5x41/minQ2=100/pythia8NCDIS_5x41_minQ2=100_beamEffects_xAngle=-0.025_hiDiv_5.0165.eicrecon.edm4eic.root,1438.0
root://dtn-eic.jlab.org//volatile/eic/EPIC/RECO/25.08.0/epic_craterlake/DIS/NC/5x41/minQ2=100/pythia8NCDIS_5x41_minQ2=100_beamEffects_xAngle=-0.025_hiDiv_5.0166.eicrecon.edm4eic.root,1438.0
root://dtn-eic.jlab.org//volatile/eic/EPIC/RECO/25.08.0/epic_craterlake/DIS/NC/5x41/minQ2=100/pythia8NCDIS_5x41_minQ2=100_beamEffects_xAngle=-0.025_hiDiv_5.0167.eicrecon.edm4eic.root,1438.0
root://dtn-eic.jlab.org//volatile/eic/EPIC/RECO/25.08.0/epic_craterlake/DIS/NC/5x41/minQ2=100/pythia8NCDIS_5x41_minQ2=100_beamEffects_xAngle=-0.025_hiDiv_5.0168.eicrecon.edm4eic.root,1438.0
root://dtn-eic.jlab.org//volatile/eic/EPIC/RECO/25.08.0/epic_craterlake/DIS/NC/5x41/minQ2=100/pythia8NCDIS_5x41_minQ2=100_beamEffects_xAngle=-0.025_hiDiv_5.0169.eicrecon.edm4eic.root,1438.0
root://dtn-eic.jlab.org//volatile/eic/EPIC/RECO/25.08.0/epic_craterlake/DIS/NC/5x41/minQ2=100/pythia8NCDIS_5x41_minQ2=100_beamEffects_xAngle=-0.025_hiDiv_5.0170.eicrecon.edm4eic.root,1438.0
root://dtn-eic.jlab.org//volatile/eic/EPIC/RECO/25.08.0/epic_craterlake/DIS/NC/5x41/minQ2=100/pythia8NCDIS_5x41_minQ2=100_beamEffects_xAngle=-0.025_hiDiv_5.0171.eicrecon.edm4eic.root,1438.0
root://dtn-eic.jlab.org//volatile/eic/EPIC/RECO/25.08.0/epic_craterlake/DIS/NC/5x41/minQ2=100/pythia8NCDIS_5x41_minQ2=100_beamEffects_xAngle=-0.025_hiDiv_5.0172.eicrecon.edm4eic.root,1438.0
root://dtn-eic.jlab.org//volatile/eic/EPIC/RECO/25.08.0/epic_craterlake/DIS/NC/5x41/minQ2=100/pythia8NCDIS_5x41_minQ2=100_beamEffects_xAngle=-0.025_hiDiv_5.0173.eicrecon.edm4eic.root,1438.0
root://dtn-eic.jlab.org//volatile/eic/EPIC/RECO/25.08.0/epic_craterlake/DIS/NC/5x41/minQ2=100/pythia8NCDIS_5x41_minQ2=100_beamEffects_xAngle=-0.025_hiDiv_5.0174.eicrecon.edm4eic.root,1438.0
root://dtn-eic.jlab.org//volatile/eic/EPIC/RECO/25.08.0/epic_craterlake/DIS/NC/5x41/minQ2=100/pythia8NCDIS_5x41_minQ2=100_beamEffects_xAngle=-0.025_hiDiv_5.0175.eicrecon.edm4eic.root,1438.0
root://dtn-eic.jlab.org//volatile/eic/EPIC/RECO/25.08.0/epic_craterlake/DIS/NC/5x41/minQ2=100/pythia8NCDIS_5x41_minQ2=100_beamEffects_xAngle=-0.025_hiDiv_5.0176.eicrecon.edm4eic.root,1438.0
root://dtn-eic.jlab.org//volatile/eic/EPIC/RECO/25.08.0/epic_craterlake/DIS/NC/5x41/minQ2=100/pythia8NCDIS_5x41_minQ2=100_beamEffects_xAngle=-0.025_hiDiv_5.0177.eicrecon.edm4eic.root,1438.0
root://dtn-eic.jlab.org//volatile/eic/EPIC/RECO/25.08.0/epic_craterlake/DIS/NC/5x41/minQ2=100/pythia8NCDIS_5x41_minQ2=100_beamEffects_xAngle=-0.025_hiDiv_5.0178.eicrecon.edm4eic.root,1438.0
root://dtn-eic.jlab.org//volatile/eic/EPIC/RECO/25.08.0/epic_craterlake/DIS/NC/5x41/minQ2=100/pythia8NCDIS_5x41_minQ2=100_beamEffects_xAngle=-0.025_hiDiv_5.0179.eicrecon.edm4eic.root,1438.0
root://dtn-eic.jlab.org//volatile/eic/EPIC/RECO/25.08.0/epic_craterlake/DIS/NC/5x41/minQ2=100/pythia8NCDIS_5x41_minQ2=100_beamEffects_xAngle=-0.025_hiDiv_5.0180.eicrecon.edm4eic.root,1438.0
root://dtn-eic.jlab.org//volatile/eic/EPIC/RECO/25.08.0/epic_craterlake/DIS/NC/5x41/minQ2=100/pythia8NCDIS_5x41_minQ2=100_beamEffects_xAngle=-0.025_hiDiv_5.0181.eicrecon.edm4eic.root,1438.0
root://dtn-eic.jlab.org//volatile/eic/EPIC/RECO/25.08.0/epic_craterlake/DIS/NC/5x41/minQ2=100/pythia8NCDIS_5x41_minQ2=100_beamEffects_xAngle=-0.025_hiDiv_5.0182.eicrecon.edm4eic.root,1438.0
root://dtn-eic.jlab.org//volatile/eic/EPIC/RECO/25.08.0/epic_craterlake/DIS/NC/5x41/minQ2=100/pythia8NCDIS_5x41_minQ2=100_beamEffects_xAngle=-0.025_hiDiv_5.0183.eicrecon.edm4eic.root,1438.0
root://dtn-eic.jlab.org//volatile/eic/EPIC/RECO/25.08.0/epic_craterlake/DIS/NC/5x41/minQ2=100/pythia8NCDIS_5x41_minQ2=100_beamEffects_xAngle=-0.025_hiDiv_5.0184.eicrecon.edm4eic.root,1438.0
root://dtn-eic.jlab.org//volatile/eic/EPIC/RECO/25.08.0/epic_craterlake/DIS/NC/5x41/minQ2=100/pythia8NCDIS_5x41_minQ2=100_beamEffects_xAngle=-0.025_hiDiv_5.0185.eicrecon.edm4eic.root,1438.0
root://dtn-eic.jlab.org//volatile/eic/EPIC/RECO/25.08.0/epic_craterlake/DIS/NC/5x41/minQ2=100/pythia8NCDIS_5x41_minQ2=100_beamEffects_xAngle=-0.025_hiDiv_5.0186.eicrecon.edm4eic.root,1438.0
root://dtn-eic.jlab.org//volatile/eic/EPIC/RECO/25.08.0/epic_craterlake/DIS/NC/5x41/minQ2=100/pythia8NCDIS_5x41_minQ2=100_beamEffects_xAngle=-0.025_hiDiv_5.0187.eicrecon.edm4eic.root,1438.0
root://dtn-eic.jlab.org//volatile/eic/EPIC/RECO/25.08.0/epic_craterlake/DIS/NC/5x41/minQ2=100/pythia8NCDIS_5x41_minQ2=100_beamEffects_xAngle=-0.025_hiDiv_5.0188.eicrecon.edm4eic.root,1438.0
root://dtn-eic.jlab.org//volatile/eic/EPIC/RECO/25.08.0/epic_craterlake/DIS/NC/5x41/minQ2=100/pythia8NCDIS_5x41_minQ2=100_beamEffects_xAngle=-0.025_hiDiv_5.0189.eicrecon.edm4eic.root,1438.0
root://dtn-eic.jlab.org//volatile/eic/EPIC/RECO/25.08.0/epic_craterlake/DIS/NC/5x41/minQ2=100/pythia8NCDIS_5x41_minQ2=100_beamEffects_xAngle=-0.025_hiDiv_5.0190.eicrecon.edm4eic.root,1438.0
root://dtn-eic.jlab.org//volatile/eic/EPIC/RECO/25.08.0/epic_craterlake/DIS/NC/5x41/minQ2=100/pythia8NCDIS_5x41_minQ2=100_beamEffects_xAngle=-0.025_hiDiv_5.0191.eicrecon.edm4eic.root,1438.0
root://dtn-eic.jlab.org//volatile/eic/EPIC/RECO/25.08.0/epic_craterlake/DIS/NC/5x41/minQ2=100/pythia8NCDIS_5x41_minQ2=100_beamEffects_xAngle=-0.025_hiDiv_5.0192.eicrecon.edm4eic.root,1438.0
root://dtn-eic.jlab.org//volatile/eic/EPIC/RECO/25.08.0/epic_craterlake/DIS/NC/5x41/minQ2=100/pythia8NCDIS_5x41_minQ2=100_beamEffects_xAngle=-0.025_hiDiv_5.0193.eicrecon.edm4eic.root,1438.0
root://dtn-eic.jlab.org//volatile/eic/EPIC/RECO/25.08.0/epic_craterlake/DIS/NC/5x41/minQ2=100/pythia8NCDIS_5x41_minQ2=100_beamEffects_xAngle=-0.025_hiDiv_5.0194.eicrecon.edm4eic.root,1438.0
root://dtn-eic.jlab.org//volatile/eic/EPIC/RECO/25.08.0/epic_craterlake/DIS/NC/5x41/minQ2=100/pythia8NCDIS_5x41_minQ2=100_beamEffects_xAngle=-0.025_hiDiv_5.0195.eicrecon.edm4eic.root,1438.0
root://dtn-eic.jlab.org//volatile/eic/EPIC/RECO/25.08.0/epic_craterlake/DIS/NC/5x41/minQ2=100/pythia8NCDIS_5x41_minQ2=100_beamEffects_xAngle=-0.025_hiDiv_5.0196.eicrecon.edm4eic.root,1438.0
root://dtn-eic.jlab.org//volatile/eic/EPIC/RECO/25.08.0/epic_craterlake/DIS/NC/5x41/minQ2=100/pythia8NCDIS_5x41_minQ2=100_beamEffects_xAngle=-0.025_hiDiv_5.0197.eicrecon.edm4eic.root,1438.0
root://dtn-eic.jlab.org//volatile/eic/EPIC/RECO/25.08.0/epic_craterlake/DIS/NC/5x41/minQ2=100/pythia8NCDIS_5x41_minQ2=100_beamEffects_xAngle=-0.025_hiDiv_5.0198.eicrecon.edm4eic.root,1438.0
root://dtn-eic.jlab.org//volatile/eic/EPIC/RECO/25.08.0/epic_craterlake/DIS/NC/5x41/minQ2=100/pythia8NCDIS_5x41_minQ2=100_beamEffects_xAngle=-0.025_hiDiv_5.0199.eicrecon.edm4eic.root,1438.0
root://dtn-eic.jlab.org//volatile/eic/EPIC/RECO/25.08.0/epic_craterlake/DIS/NC/5x41/minQ2=100/pythia8NCDIS_5x41_minQ2=100_beamEffects_xAngle=-0.025_hiDiv_5.0200.eicrecon.edm4eic.root,1438.0
root://dtn-eic.jlab.org//volatile/eic/EPIC/RECO/25.08.0/epic_craterlake/DIS/NC/5x41/minQ2=100/pythia8NCDIS_5x41_minQ2=100_beamEffects_xAngle=-0.025_hiDiv_5.0201.eicrecon.edm4eic.root,1438.0
root://dtn-eic.jlab.org//volatile/eic/EPIC/RECO/25.08.0/epic_craterlake/DIS/NC/5x41/minQ2=100/pythia8NCDIS_5x41_minQ2=100_beamEffects_xAngle=-0.025_hiDiv_5.0202.eicrecon.edm4eic.root,1438.0
root://dtn-eic.jlab.org//volatile/eic/EPIC/RECO/25.08.0/epic_craterlake/DIS/NC/5x41/minQ2=100/pythia8NCDIS_5x41_minQ2=100_beamEffects_xAngle=-0.025_hiDiv_5.0203.eicrecon.edm4eic.root,1438.0
root://dtn-eic.jlab.org//volatile/eic/EPIC/RECO/25.08.0/epic_craterlake/DIS/NC/5x41/minQ2=100/pythia8NCDIS_5x41_minQ2=100_beamEffects_xAngle=-0.025_hiDiv_5.0204.eicrecon.edm4eic.root,1438.0
root://dtn-eic.jlab.org//volatile/eic/EPIC/RECO/25.08.0/epic_craterlake/DIS/NC/5x41/minQ2=100/pythia8NCDIS_5x41_minQ2=100_beamEffects_xAngle=-0.025_hiDiv_5.0205.eicrecon.edm4eic.root,1438.0
root://dtn-eic.jlab.org//volatile/eic/EPIC/RECO/25.08.0/epic_craterlake/DIS/NC/5x41/minQ2=100/pythia8NCDIS_5x41_minQ2=100_beamEffects_xAngle=-0.025_hiDiv_5.0206.eicrecon.edm4eic.root,1438.0
root://dtn-eic.jlab.org//volatile/eic/EPIC/RECO/25.08.0/epic_craterlake/DIS/NC/5x41/minQ2=100/pythia8NCDIS_5x41_minQ2=100_beamEffects_xAngle=-0.025_hiDiv_5.0207.eicrecon.edm4eic.root,1438.0
root://dtn-eic.jlab.org//volatile/eic/EPIC/RECO/25.08.0/epic_craterlake/DIS/NC/5x41/minQ2=100/pythia8NCDIS_5x41_minQ2=100_beamEffects_xAngle=-0.025_hiDiv_5.0208.eicrecon.edm4eic.root,1438.0
root://dtn-eic.jlab.org//volatile/eic/EPIC/RECO/25.08.0/epic_craterlake/DIS/NC/5x41/minQ2=100/pythia8NCDIS_5x41_minQ2=100_beamEffects_xAngle=-0.025_hiDiv_5.0209.eicrecon.edm4eic.root,1438.0
root://dtn-eic.jlab.org//volatile/eic/EPIC/RECO/25.08.0/epic_craterlake/DIS/NC/5x41/minQ2=100/pythia8NCDIS_5x41_minQ2=100_beamEffects_xAngle=-0.025_hiDiv_5.0210.eicrecon.edm4eic.root,1438.0
root://dtn-eic.jlab.org//volatile/eic/EPIC/RECO/25.08.0/epic_craterlake/DIS/NC/5x41/minQ2=100/pythia8NCDIS_5x41_minQ2=100_beamEffects_xAngle=-0.025_hiDiv_5.0211.eicrecon.edm4eic.root,1438.0
root://dtn-eic.jlab.org//volatile/eic/EPIC/RECO/25.08.0/epic_craterlake/DIS/NC/5x41/minQ2=100/pythia8NCDIS_5x41_minQ2=100_beamEffects_xAngle=-0.025_hiDiv_5.0212.eicrecon.edm4eic.root,1438.0
root://dtn-eic.jlab.org//volatile/eic/EPIC/RECO/25.08.0/epic_craterlake/DIS/NC/5x41/minQ2=100/pythia8NCDIS_5x41_minQ2=100_beamEffects_xAngle=-0.025_hiDiv_5.0213.eicrecon.edm4eic.root,1438.0
root://dtn-eic.jlab.org//volatile/eic/EPIC/RECO/25.08.0/epic_craterlake/DIS/NC/5x41/minQ2=100/pythia8NCDIS_5x41_minQ2=100_beamEffects_xAngle=-0.025_hiDiv_5.0214.eicrecon.edm4eic.root,1438.0
root://dtn-eic.jlab.org//volatile/eic/EPIC/RECO/25.08.0/epic_craterlake/DIS/NC/5x41/minQ2=100/pythia8NCDIS_5x41_minQ2=100_beamEffects_xAngle=-0.025_hiDiv_5.0215.eicrecon.edm4eic.root,1438.0
root://dtn-eic.jlab.org//volatile/eic/EPIC/RECO/25.08.0/epic_craterlake/DIS/NC/5x41/minQ2=100/pythia8NCDIS_5x41_minQ2=100_beamEffects_xAngle=-0.025_hiDiv_5.0216.eicrecon.edm4eic.root,1438.0
root://dtn-eic.jlab.org//volatile/eic/EPIC/RECO/25.08.0/epic_craterlake/DIS/NC/5x41/minQ2=100/pythia8NCDIS_5x41_minQ2=100_beamEffects_xAngle=-0.025_hiDiv_5.0217.eicrecon.edm4eic.root,1438.0
root://dtn-eic.jlab.org//volatile/eic/EPIC/RECO/25.08.0/epic_craterlake/DIS/NC/5x41/minQ2=100/pythia8NCDIS_5x41_minQ2=100_beamEffects_xAngle=-0.025_hiDiv_5.0218.eicrecon.edm4eic.root,1438.0
root://dtn-eic.jlab.org//volatile/eic/EPIC/RECO/25.08.0/epic_craterlake/DIS/NC/5x41/minQ2=100/pythia8NCDIS_5x41_minQ2=100_beamEffects_xAngle=-0.025_hiDiv_5.0219.eicrecon.edm4eic.root,1438.0
root://dtn-eic.jlab.org//volatile/eic/EPIC/RECO/25.08.0/epic_craterlake/DIS/NC/5x41/minQ2=100/pythia8NCDIS_5x41_minQ2=100_beamEffects_xAngle=-0.025_hiDiv_5.0220.eicrecon.edm4eic.root,1438.0
root://dtn-eic.jlab.org//volatile/eic/EPIC/RECO/25.08.0/epic_craterlake/DIS/NC/5x41/minQ2=100/pythia8NCDIS_5x41_minQ2=100_beamEffects_xAngle=-0.025_hiDiv_5.0221.eicrecon.edm4eic.root,1438.0
root://dtn-eic.jlab.org//volatile/eic/EPIC/RECO/25.08.0/epic_craterlake/DIS/NC/5x41/minQ2=100/pythia8NCDIS_5x41_minQ2=100_beamEffects_xAngle=-0.025_hiDiv_5.0222.eicrecon.edm4eic.root,1438.0
root://dtn-eic.jlab.org//volatile/eic/EPIC/RECO/25.08.0/epic_craterlake/DIS/NC/5x41/minQ2=100/pythia8NCDIS_5x41_minQ2=100_beamEffects_xAngle=-0.025_hiDiv_5.0223.eicrecon.edm4eic.root,1438.0
root://dtn-eic.jlab.org//volatile/eic/EPIC/RECO/25.08.0/epic_craterlake/DIS/NC/5x41/minQ2=100/pythia8NCDIS_5x41_minQ2=100_beamEffects_xAngle=-0.025_hiDiv_5.0224.eicrecon.edm4eic.root,1438.0
root://dtn-eic.jlab.org//volatile/eic/EPIC/RECO/25.08.0/epic_craterlake/DIS/NC/5x41/minQ2=100/pythia8NCDIS_5x41_minQ2=100_beamEffects_xAngle=-0.025_hiDiv_5.0225.eicrecon.edm4eic.root,1438.0
root://dtn-eic.jlab.org//volatile/eic/EPIC/RECO/25.08.0/epic_craterlake/DIS/NC/5x41/minQ2=100/pythia8NCDIS_5x41_minQ2=100_beamEffects_xAngle=-0.025_hiDiv_5.0226.eicrecon.edm4eic.root,1438.0
root://dtn-eic.jlab.org//volatile/eic/EPIC/RECO/25.08.0/epic_craterlake/DIS/NC/5x41/minQ2=100/pythia8NCDIS_5x41_minQ2=100_beamEffects_xAngle=-0.025_hiDiv_5.0227.eicrecon.edm4eic.root,1438.0
root://dtn-eic.jlab.org//volatile/eic/EPIC/RECO/25.08.0/epic_craterlake/DIS/NC/5x41/minQ2=100/pythia8NCDIS_5x41_minQ2=100_beamEffects_xAngle=-0.025_hiDiv_5.0228.eicrecon.edm4eic.root,1438.0
root://dtn-eic.jlab.org//volatile/eic/EPIC/RECO/25.08.0/epic_craterlake/DIS/NC/5x41/minQ2=100/pythia8NCDIS_5x41_minQ2=100_beamEffects_xAngle=-0.025_hiDiv_5.0229.eicrecon.edm4eic.root,1438.0
root://dtn-eic.jlab.org//volatile/eic/EPIC/RECO/25.08.0/epic_craterlake/DIS/NC/5x41/minQ2=100/pythia8NCDIS_5x41_minQ2=100_beamEffects_xAngle=-0.025_hiDiv_5.0230.eicrecon.edm4eic.root,1438.0
root://dtn-eic.jlab.org//volatile/eic/EPIC/RECO/25.08.0/epic_craterlake/DIS/NC/5x41/minQ2=100/pythia8NCDIS_5x41_minQ2=100_beamEffects_xAngle=-0.025_hiDiv_5.0231.eicrecon.edm4eic.root,1438.0
root://dtn-eic.jlab.org//volatile/eic/EPIC/RECO/25.08.0/epic_craterlake/DIS/NC/5x41/minQ2=100/pythia8NCDIS_5x41_minQ2=100_beamEffects_xAngle=-0.025_hiDiv_5.0232.eicrecon.edm4eic.root,1438.0
root://dtn-eic.jlab.org//volatile/eic/EPIC/RECO/25.08.0/epic_craterlake/DIS/NC/5x41/minQ2=100/pythia8NCDIS_5x41_minQ2=100_beamEffects_xAngle=-0.025_hiDiv_5.0233.eicrecon.edm4eic.root,1438.0
root://dtn-eic.jlab.org//volatile/eic/EPIC/RECO/25.08.0/epic_craterlake/DIS/NC/5x41/minQ2=100/pythia8NCDIS_5x41_minQ2=100_beamEffects_xAngle=-0.025_hiDiv_5.0234.eicrecon.edm4eic.root,1438.0
root://dtn-eic.jlab.org//volatile/eic/EPIC/RECO/25.08.0/epic_craterlake/DIS/NC/5x41/minQ2=100/pythia8NCDIS_5x41_minQ2=100_beamEffects_xAngle=-0.025_hiDiv_5.0235.eicrecon.edm4eic.root,1438.0
root://dtn-eic.jlab.org//volatile/eic/EPIC/RECO/25.08.0/epic_craterlake/DIS/NC/5x41/minQ2=100/pythia8NCDIS_5x41_minQ2=100_beamEffects_xAngle=-0.025_hiDiv_5.0236.eicrecon.edm4eic.root,1438.0
root://dtn-eic.jlab.org//volatile/eic/EPIC/RECO/25.08.0/epic_craterlake/DIS/NC/5x41/minQ2=100/pythia8NCDIS_5x41_minQ2=100_beamEffects_xAngle=-0.025_hiDiv_5.0237.eicrecon.edm4eic.root,1438.0
root://dtn-eic.jlab.org//volatile/eic/EPIC/RECO/25.08.0/epic_craterlake/DIS/NC/5x41/minQ2=100/pythia8NCDIS_5x41_minQ2=100_beamEffects_xAngle=-0.025_hiDiv_5.0238.eicrecon.edm4eic.root,1438.0
root://dtn-eic.jlab.org//volatile/eic/EPIC/RECO/25.08.0/epic_craterlake/DIS/NC/5x41/minQ2=100/pythia8NCDIS_5x41_minQ2=100_beamEffects_xAngle=-0.025_hiDiv_5.0239.eicrecon.edm4eic.root,1438.0
root://dtn-eic.jlab.org//volatile/eic/EPIC/RECO/25.08.0/epic_craterlake/DIS/NC/5x41/minQ2=100/pythia8NCDIS_5x41_minQ2=100_beamEffects_xAngle=-0.025_hiDiv_5.0240.eicrecon.edm4eic.root,1438.0
root://dtn-eic.jlab.org//volatile/eic/EPIC/RECO/25.08.0/epic_craterlake/DIS/NC/5x41/minQ2=100/pythia8NCDIS_5x41_minQ2=100_beamEffects_xAngle=-0.025_hiDiv_5.0241.eicrecon.edm4eic.root,1438.0
root://dtn-eic.jlab.org//volatile/eic/EPIC/RECO/25.08.0/epic_craterlake/DIS/NC/5x41/minQ2=100/pythia8NCDIS_5x41_minQ2=100_beamEffects_xAngle=-0.025_hiDiv_5.0242.eicrecon.edm4eic.root,1438.0
root://dtn-eic.jlab.org//volatile/eic/EPIC/RECO/25.08.0/epic_craterlake/DIS/NC/5x41/minQ2=100/pythia8NCDIS_5x41_minQ2=100_beamEffects_xAngle=-0.025_hiDiv_5.0243.eicrecon.edm4eic.root,1438.0
root://dtn-eic.jlab.org//volatile/eic/EPIC/RECO/25.08.0/epic_craterlake/DIS/NC/5x41/minQ2=100/pythia8NCDIS_5x41_minQ2=100_beamEffects_xAngle=-0.025_hiDiv_5.0244.eicrecon.edm4eic.root,1438.0
root://dtn-eic.jlab.org//volatile/eic/EPIC/RECO/25.08.0/epic_craterlake/DIS/NC/5x41/minQ2=100/pythia8NCDIS_5x41_minQ2=100_beamEffects_xAngle=-0.025_hiDiv_5.0245.eicrecon.edm4eic.root,1438.0
root://dtn-eic.jlab.org//volatile/eic/EPIC/RECO/25.08.0/epic_craterlake/DIS/NC/5x41/minQ2=100/pythia8NCDIS_5x41_minQ2=100_beamEffects_xAngle=-0.025_hiDiv_5.0246.eicrecon.edm4eic.root,1438.0
root://dtn-eic.jlab.org//volatile/eic/EPIC/RECO/25.08.0/epic_craterlake/DIS/NC/5x41/minQ2=100/pythia8NCDIS_5x41_minQ2=100_beamEffects_xAngle=-0.025_hiDiv_5.0247.eicrecon.edm4eic.root,1438.0
root://dtn-eic.jlab.org//volatile/eic/EPIC/RECO/25.08.0/epic_craterlake/DIS/NC/5x41/minQ2=100/pythia8NCDIS_5x41_minQ2=100_beamEffects_xAngle=-0.025_hiDiv_5.0248.eicrecon.edm4eic.root,1438.0
root://dtn-eic.jlab.org//volatile/eic/EPIC/RECO/25.08.0/epic_craterlake/DIS/NC/5x41/minQ2=100/pythia8NCDIS_5x41_minQ2=100_beamEffects_xAngle=-0.025_hiDiv_5.0249.eicrecon.edm4eic.root,1438.0
root://dtn-eic.jlab.org//volatile/eic/EPIC/RECO/25.08.0/epic_craterlake/DIS/NC/5x41/minQ2=100/pythia8NCDIS_5x41_minQ2=100_beamEffects_xAngle=-0.025_hiDiv_5.0250.eicrecon.edm4eic.root,1438.0
root://dtn-eic.jlab.org//volatile/eic/EPIC/RECO/25.08.0/epic_craterlake/DIS/NC/5x41/minQ2=100/pythia8NCDIS_5x41_minQ2=100_beamEffects_xAngle=-0.025_hiDiv_5.0251.eicrecon.edm4eic.root,1438.0
root://dtn-eic.jlab.org//volatile/eic/EPIC/RECO/25.08.0/epic_craterlake/DIS/NC/5x41/minQ2=100/pythia8NCDIS_5x41_minQ2=100_beamEffects_xAngle=-0.025_hiDiv_5.0252.eicrecon.edm4eic.root,1438.0
root://dtn-eic.jlab.org//volatile/eic/EPIC/RECO/25.08.0/epic_craterlake/DIS/NC/5x41/minQ2=100/pythia8NCDIS_5x41_minQ2=100_beamEffects_xAngle=-0.025_hiDiv_5.0253.eicrecon.edm4eic.root,1438.0
root://dtn-eic.jlab.org//volatile/eic/EPIC/RECO/25.08.0/epic_craterlake/DIS/NC/5x41/minQ2=100/pythia8NCDIS_5x41_minQ2=100_beamEffects_xAngle=-0.025_hiDiv_5.0254.eicrecon.edm4eic.root,1438.0
root://dtn-eic.jlab.org//volatile/eic/EPIC/RECO/25.08.0/epic_craterlake/DIS/NC/5x41/minQ2=100/pythia8NCDIS_5x41_minQ2=100_beamEffects_xAngle=-0.025_hiDiv_5.0255.eicrecon.edm4eic.root,1438.0
root://dtn-eic.jlab.org//volatile/eic/EPIC/RECO/25.08.0/epic_craterlake/DIS/NC/5x41/minQ2=100/pythia8NCDIS_5x41_minQ2=100_beamEffects_xAngle=-0.025_hiDiv_5.0256.eicrecon.edm4eic.root,1438.0
root://dtn-eic.jlab.org//volatile/eic/EPIC/RECO/25.08.0/epic_craterlake/DIS/NC/5x41/minQ2=100/pythia8NCDIS_5x41_minQ2=100_beamEffects_xAngle=-0.025_hiDiv_5.0257.eicrecon.edm4eic.root,1438.0
root://dtn-eic.jlab.org//volatile/eic/EPIC/RECO/25.08.0/epic_craterlake/DIS/NC/5x41/minQ2=100/pythia8NCDIS_5x41_minQ2=100_beamEffects_xAngle=-0.025_hiDiv_5.0258.eicrecon.edm4eic.root,1438.0
root://dtn-eic.jlab.org//volatile/eic/EPIC/RECO/25.08.0/epic_craterlake/DIS/NC/5x41/minQ2=100/pythia8NCDIS_5x41_minQ2=100_beamEffects_xAngle=-0.025_hiDiv_5.0259.eicrecon.edm4eic.root,1438.0
root://dtn-eic.jlab.org//volatile/eic/EPIC/RECO/25.08.0/epic_craterlake/DIS/NC/5x41/minQ2=100/pythia8NCDIS_5x41_minQ2=100_beamEffects_xAngle=-0.025_hiDiv_5.0260.eicrecon.edm4eic.root,1438.0
root://dtn-eic.jlab.org//volatile/eic/EPIC/RECO/25.08.0/epic_craterlake/DIS/NC/5x41/minQ2=100/pythia8NCDIS_5x41_minQ2=100_beamEffects_xAngle=-0.025_hiDiv_5.0261.eicrecon.edm4eic.root,1438.0
root://dtn-eic.jlab.org//volatile/eic/EPIC/RECO/25.08.0/epic_craterlake/DIS/NC/5x41/minQ2=100/pythia8NCDIS_5x41_minQ2=100_beamEffects_xAngle=-0.025_hiDiv_5.0262.eicrecon.edm4eic.root,1438.0
root://dtn-eic.jlab.org//volatile/eic/EPIC/RECO/25.08.0/epic_craterlake/DIS/NC/5x41/minQ2=100/pythia8NCDIS_5x41_minQ2=100_beamEffects_xAngle=-0.025_hiDiv_5.0263.eicrecon.edm4eic.root,1438.0
root://dtn-eic.jlab.org//volatile/eic/EPIC/RECO/25.08.0/epic_craterlake/DIS/NC/5x41/minQ2=100/pythia8NCDIS_5x41_minQ2=100_beamEffects_xAngle=-0.025_hiDiv_5.0264.eicrecon.edm4eic.root,1438.0
root://dtn-eic.jlab.org//volatile/eic/EPIC/RECO/25.08.0/epic_craterlake/DIS/NC/5x41/minQ2=100/pythia8NCDIS_5x41_minQ2=100_beamEffects_xAngle=-0.025_hiDiv_5.0265.eicrecon.edm4eic.root,1438.0
root://dtn-eic.jlab.org//volatile/eic/EPIC/RECO/25.08.0/epic_craterlake/DIS/NC/5x41/minQ2=100/pythia8NCDIS_5x41_minQ2=100_beamEffects_xAngle=-0.025_hiDiv_5.0266.eicrecon.edm4eic.root,1438.0
root://dtn-eic.jlab.org//volatile/eic/EPIC/RECO/25.08.0/epic_craterlake/DIS/NC/5x41/minQ2=100/pythia8NCDIS_5x41_minQ2=100_beamEffects_xAngle=-0.025_hiDiv_5.0267.eicrecon.edm4eic.root,1438.0
root://dtn-eic.jlab.org//volatile/eic/EPIC/RECO/25.08.0/epic_craterlake/DIS/NC/5x41/minQ2=100/pythia8NCDIS_5x41_minQ2=100_beamEffects_xAngle=-0.025_hiDiv_5.0268.eicrecon.edm4eic.root,1438.0
root://dtn-eic.jlab.org//volatile/eic/EPIC/RECO/25.08.0/epic_craterlake/DIS/NC/5x41/minQ2=100/pythia8NCDIS_5x41_minQ2=100_beamEffects_xAngle=-0.025_hiDiv_5.0269.eicrecon.edm4eic.root,1438.0
root://dtn-eic.jlab.org//volatile/eic/EPIC/RECO/25.08.0/epic_craterlake/DIS/NC/5x41/minQ2=100/pythia8NCDIS_5x41_minQ2=100_beamEffects_xAngle=-0.025_hiDiv_5.0270.eicrecon.edm4eic.root,1438.0
root://dtn-eic.jlab.org//volatile/eic/EPIC/RECO/25.08.0/epic_craterlake/DIS/NC/5x41/minQ2=100/pythia8NCDIS_5x41_minQ2=100_beamEffects_xAngle=-0.025_hiDiv_5.0271.eicrecon.edm4eic.root,1438.0
root://dtn-eic.jlab.org//volatile/eic/EPIC/RECO/25.08.0/epic_craterlake/DIS/NC/5x41/minQ2=100/pythia8NCDIS_5x41_minQ2=100_beamEffects_xAngle=-0.025_hiDiv_5.0272.eicrecon.edm4eic.root,1438.0
root://dtn-eic.jlab.org//volatile/eic/EPIC/RECO/25.08.0/epic_craterlake/DIS/NC/5x41/minQ2=100/pythia8NCDIS_5x41_minQ2=100_beamEffects_xAngle=-0.025_hiDiv_5.0273.eicrecon.edm4eic.root,1438.0
root://dtn-eic.jlab.org//volatile/eic/EPIC/RECO/25.08.0/epic_craterlake/DIS/NC/5x41/minQ2=100/pythia8NCDIS_5x41_minQ2=100_beamEffects_xAngle=-0.025_hiDiv_5.0274.eicrecon.edm4eic.root,1438.0
root://dtn-eic.jlab.org//volatile/eic/EPIC/RECO/25.08.0/epic_craterlake/DIS/NC/5x41/minQ2=100/pythia8NCDIS_5x41_minQ2=100_beamEffects_xAngle=-0.025_hiDiv_5.0275.eicrecon.edm4eic.root,1438.0
root://dtn-eic.jlab.org//volatile/eic/EPIC/RECO/25.08.0/epic_craterlake/DIS/NC/5x41/minQ2=100/pythia8NCDIS_5x41_minQ2=100_beamEffects_xAngle=-0.025_hiDiv_5.0276.eicrecon.edm4eic.root,1438.0
root://dtn-eic.jlab.org//volatile/eic/EPIC/RECO/25.08.0/epic_craterlake/DIS/NC/5x41/minQ2=100/pythia8NCDIS_5x41_minQ2=100_beamEffects_xAngle=-0.025_hiDiv_5.0277.eicrecon.edm4eic.root,1438.0
root://dtn-eic.jlab.org//volatile/eic/EPIC/RECO/25.08.0/epic_craterlake/DIS/NC/5x41/minQ2=100/pythia8NCDIS_5x41_minQ2=100_beamEffects_xAngle=-0.025_hiDiv_5.0278.eicrecon.edm4eic.root,1438.0
root://dtn-eic.jlab.org//volatile/eic/EPIC/RECO/25.08.0/epic_craterlake/DIS/NC/5x41/minQ2=100/pythia8NCDIS_5x41_minQ2=100_beamEffects_xAngle=-0.025_hiDiv_5.0279.eicrecon.edm4eic.root,1438.0
root://dtn-eic.jlab.org//volatile/eic/EPIC/RECO/25.08.0/epic_craterlake/DIS/NC/5x41/minQ2=100/pythia8NCDIS_5x41_minQ2=100_beamEffects_xAngle=-0.025_hiDiv_5.0280.eicrecon.edm4eic.root,1438.0
root://dtn-eic.jlab.org//volatile/eic/EPIC/RECO/25.08.0/epic_craterlake/DIS/NC/5x41/minQ2=100/pythia8NCDIS_5x41_minQ2=100_beamEffects_xAngle=-0.025_hiDiv_5.0281.eicrecon.edm4eic.root,1438.0
root://dtn-eic.jlab.org//volatile/eic/EPIC/RECO/25.08.0/epic_craterlake/DIS/NC/5x41/minQ2=100/pythia8NCDIS_5x41_minQ2=100_beamEffects_xAngle=-0.025_hiDiv_5.0282.eicrecon.edm4eic.root,1438.0
root://dtn-eic.jlab.org//volatile/eic/EPIC/RECO/25.08.0/epic_craterlake/DIS/NC/5x41/minQ2=100/pythia8NCDIS_5x41_minQ2=100_beamEffects_xAngle=-0.025_hiDiv_5.0283.eicrecon.edm4eic.root,1438.0
root://dtn-eic.jlab.org//volatile/eic/EPIC/RECO/25.08.0/epic_craterlake/DIS/NC/5x41/minQ2=100/pythia8NCDIS_5x41_minQ2=100_beamEffects_xAngle=-0.025_hiDiv_5.0284.eicrecon.edm4eic.root,1438.0
root://dtn-eic.jlab.org//volatile/eic/EPIC/RECO/25.08.0/epic_craterlake/DIS/NC/5x41/minQ2=100/pythia8NCDIS_5x41_minQ2=100_beamEffects_xAngle=-0.025_hiDiv_5.0285.eicrecon.edm4eic.root,1438.0
root://dtn-eic.jlab.org//volatile/eic/EPIC/RECO/25.08.0/epic_craterlake/DIS/NC/5x41/minQ2=100/pythia8NCDIS_5x41_minQ2=100_beamEffects_xAngle=-0.025_hiDiv_5.0286.eicrecon.edm4eic.root,1438.0
root://dtn-eic.jlab.org//volatile/eic/EPIC/RECO/25.08.0/epic_craterlake/DIS/NC/5x41/minQ2=100/pythia8NCDIS_5x41_minQ2=100_beamEffects_xAngle=-0.025_hiDiv_5.0287.eicrecon.edm4eic.root,1438.0
root://dtn-eic.jlab.org//volatile/eic/EPIC/RECO/25.08.0/epic_craterlake/DIS/NC/5x41/minQ2=100/pythia8NCDIS_5x41_minQ2=100_beamEffects_xAngle=-0.025_hiDiv_5.0288.eicrecon.edm4eic.root,1438.0
root://dtn-eic.jlab.org//volatile/eic/EPIC/RECO/25.08.0/epic_craterlake/DIS/NC/5x41/minQ2=100/pythia8NCDIS_5x41_minQ2=100_beamEffects_xAngle=-0.025_hiDiv_5.0289.eicrecon.edm4eic.root,1438.0
root://dtn-eic.jlab.org//volatile/eic/EPIC/RECO/25.08.0/epic_craterlake/DIS/NC/5x41/minQ2=100/pythia8NCDIS_5x41_minQ2=100_beamEffects_xAngle=-0.025_hiDiv_5.0290.eicrecon.edm4eic.root,1438.0
root://dtn-eic.jlab.org//volatile/eic/EPIC/RECO/25.08.0/epic_craterlake/DIS/NC/5x41/minQ2=100/pythia8NCDIS_5x41_minQ2=100_beamEffects_xAngle=-0.025_hiDiv_5.0291.eicrecon.edm4eic.root,1438.0
root://dtn-eic.jlab.org//volatile/eic/EPIC/RECO/25.08.0/epic_craterlake/DIS/NC/5x41/minQ2=100/pythia8NCDIS_5x41_minQ2=100_beamEffects_xAngle=-0.025_hiDiv_5.0292.eicrecon.edm4eic.root,1438.0
root://dtn-eic.jlab.org//volatile/eic/EPIC/RECO/25.08.0/epic_craterlake/DIS/NC/5x41/minQ2=100/pythia8NCDIS_5x41_minQ2=100_beamEffects_xAngle=-0.025_hiDiv_5.0293.eicrecon.edm4eic.root,1438.0
root://dtn-eic.jlab.org//volatile/eic/EPIC/RECO/25.08.0/epic_craterlake/DIS/NC/5x41/minQ2=100/pythia8NCDIS_5x41_minQ2=100_beamEffects_xAngle=-0.025_hiDiv_5.0294.eicrecon.edm4eic.root,1438.0
root://dtn-eic.jlab.org//volatile/eic/EPIC/RECO/25.08.0/epic_craterlake/DIS/NC/5x41/minQ2=100/pythia8NCDIS_5x41_minQ2=100_beamEffects_xAngle=-0.025_hiDiv_5.0295.eicrecon.edm4eic.root,1438.0
root://dtn-eic.jlab.org//volatile/eic/EPIC/RECO/25.08.0/epic_craterlake/DIS/NC/5x41/minQ2=100/pythia8NCDIS_5x41_minQ2=100_beamEffects_xAngle=-0.025_hiDiv_5.0296.eicrecon.edm4eic.root,1438.0
root://dtn-eic.jlab.org//volatile/eic/EPIC/RECO/25.08.0/epic_craterlake/DIS/NC/5x41/minQ2=100/pythia8NCDIS_5x41_minQ2=100_beamEffects_xAngle=-0.025_hiDiv_5.0297.eicrecon.edm4eic.root,1438.0
root://dtn-eic.jlab.org//volatile/eic/EPIC/RECO/25.08.0/epic_craterlake/DIS/NC/5x41/minQ2=100/pythia8NCDIS_5x41_minQ2=100_beamEffects_xAngle=-0.025_hiDiv_5.0298.eicrecon.edm4eic.root,1438.0
root://dtn-eic.jlab.org//volatile/eic/EPIC/RECO/25.08.0/epic_craterlake/DIS/NC/5x41/minQ2=100/pythia8NCDIS_5x41_minQ2=100_beamEffects_xAngle=-0.025_hiDiv_5.0299.eicrecon.edm4eic.root,1438.0
root://dtn-eic.jlab.org//volatile/eic/EPIC/RECO/25.08.0/epic_craterlake/DIS/NC/5x41/minQ2=100/pythia8NCDIS_5x41_minQ2=100_beamEffects_xAngle=-0.025_hiDiv_5.0300.eicrecon.edm4eic.root,1438.0
root://dtn-eic.jlab.org//volatile/eic/EPIC/RECO/25.08.0/epic_craterlake/DIS/NC/5x41/minQ2=100/pythia8NCDIS_5x41_minQ2=100_beamEffects_xAngle=-0.025_hiDiv_5.0301.eicrecon.edm4eic.root,1438.0
root://dtn-eic.jlab.org//volatile/eic/EPIC/RECO/25.08.0/epic_craterlake/DIS/NC/5x41/minQ2=100/pythia8NCDIS_5x41_minQ2=100_beamEffects_xAngle=-0.025_hiDiv_5.0302.eicrecon.edm4eic.root,1438.0
root://dtn-eic.jlab.org//volatile/eic/EPIC/RECO/25.08.0/epic_craterlake/DIS/NC/5x41/minQ2=100/pythia8NCDIS_5x41_minQ2=100_beamEffects_xAngle=-0.025_hiDiv_5.0303.eicrecon.edm4eic.root,1438.0
root://dtn-eic.jlab.org//volatile/eic/EPIC/RECO/25.08.0/epic_craterlake/DIS/NC/5x41/minQ2=100/pythia8NCDIS_5x41_minQ2=100_beamEffects_xAngle=-0.025_hiDiv_5.0304.eicrecon.edm4eic.root,1438.0
root://dtn-eic.jlab.org//volatile/eic/EPIC/RECO/25.08.0/epic_craterlake/DIS/NC/5x41/minQ2=100/pythia8NCDIS_5x41_minQ2=100_beamEffects_xAngle=-0.025_hiDiv_5.0305.eicrecon.edm4eic.root,1438.0
root://dtn-eic.jlab.org//volatile/eic/EPIC/RECO/25.08.0/epic_craterlake/DIS/NC/5x41/minQ2=100/pythia8NCDIS_5x41_minQ2=100_beamEffects_xAngle=-0.025_hiDiv_5.0306.eicrecon.edm4eic.root,1438.0
root://dtn-eic.jlab.org//volatile/eic/EPIC/RECO/25.08.0/epic_craterlake/DIS/NC/5x41/minQ2=100/pythia8NCDIS_5x41_minQ2=100_beamEffects_xAngle=-0.025_hiDiv_5.0307.eicrecon.edm4eic.root,1438.0
root://dtn-eic.jlab.org//volatile/eic/EPIC/RECO/25.08.0/epic_craterlake/DIS/NC/5x41/minQ2=100/pythia8NCDIS_5x41_minQ2=100_beamEffects_xAngle=-0.025_hiDiv_5.0308.eicrecon.edm4eic.root,1438.0
root://dtn-eic.jlab.org//volatile/eic/EPIC/RECO/25.08.0/epic_craterlake/DIS/NC/5x41/minQ2=100/pythia8NCDIS_5x41_minQ2=100_beamEffects_xAngle=-0.025_hiDiv_5.0309.eicrecon.edm4eic.root,1438.0
root://dtn-eic.jlab.org//volatile/eic/EPIC/RECO/25.08.0/epic_craterlake/DIS/NC/5x41/minQ2=100/pythia8NCDIS_5x41_minQ2=100_beamEffects_xAngle=-0.025_hiDiv_5.0310.eicrecon.edm4eic.root,1438.0
root://dtn-eic.jlab.org//volatile/eic/EPIC/RECO/25.08.0/epic_craterlake/DIS/NC/5x41/minQ2=100/pythia8NCDIS_5x41_minQ2=100_beamEffects_xAngle=-0.025_hiDiv_5.0311.eicrecon.edm4eic.root,1438.0
root://dtn-eic.jlab.org//volatile/eic/EPIC/RECO/25.08.0/epic_craterlake/DIS/NC/5x41/minQ2=100/pythia8NCDIS_5x41_minQ2=100_beamEffects_xAngle=-0.025_hiDiv_5.0312.eicrecon.edm4eic.root,1438.0
root://dtn-eic.jlab.org//volatile/eic/EPIC/RECO/25.08.0/epic_craterlake/DIS/NC/5x41/minQ2=100/pythia8NCDIS_5x41_minQ2=100_beamEffects_xAngle=-0.025_hiDiv_5.0313.eicrecon.edm4eic.root,1438.0
root://dtn-eic.jlab.org//volatile/eic/EPIC/RECO/25.08.0/epic_craterlake/DIS/NC/5x41/minQ2=100/pythia8NCDIS_5x41_minQ2=100_beamEffects_xAngle=-0.025_hiDiv_5.0314.eicrecon.edm4eic.root,1438.0
root://dtn-eic.jlab.org//volatile/eic/EPIC/RECO/25.08.0/epic_craterlake/DIS/NC/5x41/minQ2=100/pythia8NCDIS_5x41_minQ2=100_beamEffects_xAngle=-0.025_hiDiv_5.0315.eicrecon.edm4eic.root,1438.0
root://dtn-eic.jlab.org//volatile/eic/EPIC/RECO/25.08.0/epic_craterlake/DIS/NC/5x41/minQ2=100/pythia8NCDIS_5x41_minQ2=100_beamEffects_xAngle=-0.025_hiDiv_5.0316.eicrecon.edm4eic.root,1438.0
root://dtn-eic.jlab.org//volatile/eic/EPIC/RECO/25.08.0/epic_craterlake/DIS/NC/5x41/minQ2=100/pythia8NCDIS_5x41_minQ2=100_beamEffects_xAngle=-0.025_hiDiv_5.0317.eicrecon.edm4eic.root,1438.0
root://dtn-eic.jlab.org//volatile/eic/EPIC/RECO/25.08.0/epic_craterlake/DIS/NC/5x41/minQ2=100/pythia8NCDIS_5x41_minQ2=100_beamEffects_xAngle=-0.025_hiDiv_5.0318.eicrecon.edm4eic.root,1438.0
root://dtn-eic.jlab.org//volatile/eic/EPIC/RECO/25.08.0/epic_craterlake/DIS/NC/5x41/minQ2=100/pythia8NCDIS_5x41_minQ2=100_beamEffects_xAngle=-0.025_hiDiv_5.0319.eicrecon.edm4eic.root,1438.0
root://dtn-eic.jlab.org//volatile/eic/EPIC/RECO/25.08.0/epic_craterlake/DIS/NC/5x41/minQ2=100/pythia8NCDIS_5x41_minQ2=100_beamEffects_xAngle=-0.025_hiDiv_5.0320.eicrecon.edm4eic.root,1438.0
root://dtn-eic.jlab.org//volatile/eic/EPIC/RECO/25.08.0/epic_craterlake/DIS/NC/5x41/minQ2=100/pythia8NCDIS_5x41_minQ2=100_beamEffects_xAngle=-0.025_hiDiv_5.0321.eicrecon.edm4eic.root,1438.0
root://dtn-eic.jlab.org//volatile/eic/EPIC/RECO/25.08.0/epic_craterlake/DIS/NC/5x41/minQ2=100/pythia8NCDIS_5x41_minQ2=100_beamEffects_xAngle=-0.025_hiDiv_5.0322.eicrecon.edm4eic.root,1438.0
root://dtn-eic.jlab.org//volatile/eic/EPIC/RECO/25.08.0/epic_craterlake/DIS/NC/5x41/minQ2=100/pythia8NCDIS_5x41_minQ2=100_beamEffects_xAngle=-0.025_hiDiv_5.0323.eicrecon.edm4eic.root,1438.0
root://dtn-eic.jlab.org//volatile/eic/EPIC/RECO/25.08.0/epic_craterlake/DIS/NC/5x41/minQ2=100/pythia8NCDIS_5x41_minQ2=100_beamEffects_xAngle=-0.025_hiDiv_5.0324.eicrecon.edm4eic.root,1438.0
root://dtn-eic.jlab.org//volatile/eic/EPIC/RECO/25.08.0/epic_craterlake/DIS/NC/5x41/minQ2=100/pythia8NCDIS_5x41_minQ2=100_beamEffects_xAngle=-0.025_hiDiv_5.0325.eicrecon.edm4eic.root,1438.0
root://dtn-eic.jlab.org//volatile/eic/EPIC/RECO/25.08.0/epic_craterlake/DIS/NC/5x41/minQ2=100/pythia8NCDIS_5x41_minQ2=100_beamEffects_xAngle=-0.025_hiDiv_5.0326.eicrecon.edm4eic.root,1438.0
root://dtn-eic.jlab.org//volatile/eic/EPIC/RECO/25.08.0/epic_craterlake/DIS/NC/5x41/minQ2=100/pythia8NCDIS_5x41_minQ2=100_beamEffects_xAngle=-0.025_hiDiv_5.0327.eicrecon.edm4eic.root,1438.0
root://dtn-eic.jlab.org//volatile/eic/EPIC/RECO/25.08.0/epic_craterlake/DIS/NC/5x41/minQ2=100/pythia8NCDIS_5x41_minQ2=100_beamEffects_xAngle=-0.025_hiDiv_5.0328.eicrecon.edm4eic.root,1438.0
root://dtn-eic.jlab.org//volatile/eic/EPIC/RECO/25.08.0/epic_craterlake/DIS/NC/5x41/minQ2=100/pythia8NCDIS_5x41_minQ2=100_beamEffects_xAngle=-0.025_hiDiv_5.0329.eicrecon.edm4eic.root,1438.0
root://dtn-eic.jlab.org//volatile/eic/EPIC/RECO/25.08.0/epic_craterlake/DIS/NC/5x41/minQ2=100/pythia8NCDIS_5x41_minQ2=100_beamEffects_xAngle=-0.025_hiDiv_5.0330.eicrecon.edm4eic.root,1438.0
root://dtn-eic.jlab.org//volatile/eic/EPIC/RECO/25.08.0/epic_craterlake/DIS/NC/5x41/minQ2=100/pythia8NCDIS_5x41_minQ2=100_beamEffects_xAngle=-0.025_hiDiv_5.0331.eicrecon.edm4eic.root,1438.0
root://dtn-eic.jlab.org//volatile/eic/EPIC/RECO/25.08.0/epic_craterlake/DIS/NC/5x41/minQ2=100/pythia8NCDIS_5x41_minQ2=100_beamEffects_xAngle=-0.025_hiDiv_5.0332.eicrecon.edm4eic.root,1438.0
root://dtn-eic.jlab.org//volatile/eic/EPIC/RECO/25.08.0/epic_craterlake/DIS/NC/5x41/minQ2=100/pythia8NCDIS_5x41_minQ2=100_beamEffects_xAngle=-0.025_hiDiv_5.0333.eicrecon.edm4eic.root,1438.0
root://dtn-eic.jlab.org//volatile/eic/EPIC/RECO/25.08.0/epic_craterlake/DIS/NC/5x41/minQ2=100/pythia8NCDIS_5x41_minQ2=100_beamEffects_xAngle=-0.025_hiDiv_5.0334.eicrecon.edm4eic.root,1438.0
root://dtn-eic.jlab.org//volatile/eic/EPIC/RECO/25.08.0/epic_craterlake/DIS/NC/5x41/minQ2=100/pythia8NCDIS_5x41_minQ2=100_beamEffects_xAngle=-0.025_hiDiv_5.0335.eicrecon.edm4eic.root,1438.0
root://dtn-eic.jlab.org//volatile/eic/EPIC/RECO/25.08.0/epic_craterlake/DIS/NC/5x41/minQ2=100/pythia8NCDIS_5x41_minQ2=100_beamEffects_xAngle=-0.025_hiDiv_5.0336.eicrecon.edm4eic.root,1438.0
root://dtn-eic.jlab.org//volatile/eic/EPIC/RECO/25.08.0/epic_craterlake/DIS/NC/5x41/minQ2=100/pythia8NCDIS_5x41_minQ2=100_beamEffects_xAngle=-0.025_hiDiv_5.0337.eicrecon.edm4eic.root,1438.0
root://dtn-eic.jlab.org//volatile/eic/EPIC/RECO/25.08.0/epic_craterlake/DIS/NC/5x41/minQ2=100/pythia8NCDIS_5x41_minQ2=100_beamEffects_xAngle=-0.025_hiDiv_5.0338.eicrecon.edm4eic.root,1438.0
root://dtn-eic.jlab.org//volatile/eic/EPIC/RECO/25.08.0/epic_craterlake/DIS/NC/5x41/minQ2=100/pythia8NCDIS_5x41_minQ2=100_beamEffects_xAngle=-0.025_hiDiv_5.0339.eicrecon.edm4eic.root,1438.0
root://dtn-eic.jlab.org//volatile/eic/EPIC/RECO/25.08.0/epic_craterlake/DIS/NC/5x41/minQ2=100/pythia8NCDIS_5x41_minQ2=100_beamEffects_xAngle=-0.025_hiDiv_5.0340.eicrecon.edm4eic.root,1438.0
root://dtn-eic.jlab.org//volatile/eic/EPIC/RECO/25.08.0/epic_craterlake/DIS/NC/5x41/minQ2=100/pythia8NCDIS_5x41_minQ2=100_beamEffects_xAngle=-0.025_hiDiv_5.0341.eicrecon.edm4eic.root,1438.0
root://dtn-eic.jlab.org//volatile/eic/EPIC/RECO/25.08.0/epic_craterlake/DIS/NC/5x41/minQ2=100/pythia8NCDIS_5x41_minQ2=100_beamEffects_xAngle=-0.025_hiDiv_5.0342.eicrecon.edm4eic.root,1438.0
root://dtn-eic.jlab.org//volatile/eic/EPIC/RECO/25.08.0/epic_craterlake/DIS/NC/5x41/minQ2=100/pythia8NCDIS_5x41_minQ2=100_beamEffects_xAngle=-0.025_hiDiv_5.0343.eicrecon.edm4eic.root,1438.0
root://dtn-eic.jlab.org//volatile/eic/EPIC/RECO/25.08.0/epic_craterlake/DIS/NC/5x41/minQ2=100/pythia8NCDIS_5x41_minQ2=100_beamEffects_xAngle=-0.025_hiDiv_5.0344.eicrecon.edm4eic.root,1438.0
root://dtn-eic.jlab.org//volatile/eic/EPIC/RECO/25.08.0/epic_craterlake/DIS/NC/5x41/minQ2=100/pythia8NCDIS_5x41_minQ2=100_beamEffects_xAngle=-0.025_hiDiv_5.0345.eicrecon.edm4eic.root,1438.0
root://dtn-eic.jlab.org//volatile/eic/EPIC/RECO/25.08.0/epic_craterlake/DIS/NC/5x41/minQ2=100/pythia8NCDIS_5x41_minQ2=100_beamEffects_xAngle=-0.025_hiDiv_5.0346.eicrecon.edm4eic.root,1438.0
root://dtn-eic.jlab.org//volatile/eic/EPIC/RECO/25.08.0/epic_craterlake/DIS/NC/5x41/minQ2=100/pythia8NCDIS_5x41_minQ2=100_beamEffects_xAngle=-0.025_hiDiv_5.0347.eicrecon.edm4eic.root,1438.0
root://dtn-eic.jlab.org//volatile/eic/EPIC/RECO/25.08.0/epic_craterlake/DIS/NC/5x41/minQ2=100/pythia8NCDIS_5x41_minQ2=100_beamEffects_xAngle=-0.025_hiDiv_5.0348.eicrecon.edm4eic.root,1438.0
root://dtn-eic.jlab.org//volatile/eic/EPIC/RECO/25.08.0/epic_craterlake/DIS/NC/5x41/minQ2=100/pythia8NCDIS_5x41_minQ2=100_beamEffects_xAngle=-0.025_hiDiv_5.0349.eicrecon.edm4eic.root,1438.0
root://dtn-eic.jlab.org//volatile/eic/EPIC/RECO/25.08.0/epic_craterlake/DIS/NC/5x41/minQ2=100/pythia8NCDIS_5x41_minQ2=100_beamEffects_xAngle=-0.025_hiDiv_5.0350.eicrecon.edm4eic.root,1438.0
root://dtn-eic.jlab.org//volatile/eic/EPIC/RECO/25.08.0/epic_craterlake/DIS/NC/5x41/minQ2=100/pythia8NCDIS_5x41_minQ2=100_beamEffects_xAngle=-0.025_hiDiv_5.0351.eicrecon.edm4eic.root,1438.0
root://dtn-eic.jlab.org//volatile/eic/EPIC/RECO/25.08.0/epic_craterlake/DIS/NC/5x41/minQ2=100/pythia8NCDIS_5x41_minQ2=100_beamEffects_xAngle=-0.025_hiDiv_5.0352.eicrecon.edm4eic.root,1438.0
root://dtn-eic.jlab.org//volatile/eic/EPIC/RECO/25.08.0/epic_craterlake/DIS/NC/5x41/minQ2=100/pythia8NCDIS_5x41_minQ2=100_beamEffects_xAngle=-0.025_hiDiv_5.0353.eicrecon.edm4eic.root,1438.0
root://dtn-eic.jlab.org//volatile/eic/EPIC/RECO/25.08.0/epic_craterlake/DIS/NC/5x41/minQ2=100/pythia8NCDIS_5x41_minQ2=100_beamEffects_xAngle=-0.025_hiDiv_5.0354.eicrecon.edm4eic.root,1438.0
root://dtn-eic.jlab.org//volatile/eic/EPIC/RECO/25.08.0/epic_craterlake/DIS/NC/5x41/minQ2=100/pythia8NCDIS_5x41_minQ2=100_beamEffects_xAngle=-0.025_hiDiv_5.0355.eicrecon.edm4eic.root,1438.0
root://dtn-eic.jlab.org//volatile/eic/EPIC/RECO/25.08.0/epic_craterlake/DIS/NC/5x41/minQ2=100/pythia8NCDIS_5x41_minQ2=100_beamEffects_xAngle=-0.025_hiDiv_5.0356.eicrecon.edm4eic.root,1438.0
root://dtn-eic.jlab.org//volatile/eic/EPIC/RECO/25.08.0/epic_craterlake/DIS/NC/5x41/minQ2=100/pythia8NCDIS_5x41_minQ2=100_beamEffects_xAngle=-0.025_hiDiv_5.0357.eicrecon.edm4eic.root,1438.0
root://dtn-eic.jlab.org//volatile/eic/EPIC/RECO/25.08.0/epic_craterlake/DIS/NC/5x41/minQ2=100/pythia8NCDIS_5x41_minQ2=100_beamEffects_xAngle=-0.025_hiDiv_5.0358.eicrecon.edm4eic.root,1438.0
root://dtn-eic.jlab.org//volatile/eic/EPIC/RECO/25.08.0/epic_craterlake/DIS/NC/5x41/minQ2=100/pythia8NCDIS_5x41_minQ2=100_beamEffects_xAngle=-0.025_hiDiv_5.0359.eicrecon.edm4eic.root,1438.0
root://dtn-eic.jlab.org//volatile/eic/EPIC/RECO/25.08.0/epic_craterlake/DIS/NC/5x41/minQ2=100/pythia8NCDIS_5x41_minQ2=100_beamEffects_xAngle=-0.025_hiDiv_5.0360.eicrecon.edm4eic.root,1438.0
root://dtn-eic.jlab.org//volatile/eic/EPIC/RECO/25.08.0/epic_craterlake/DIS/NC/5x41/minQ2=100/pythia8NCDIS_5x41_minQ2=100_beamEffects_xAngle=-0.025_hiDiv_5.0361.eicrecon.edm4eic.root,1438.0
root://dtn-eic.jlab.org//volatile/eic/EPIC/RECO/25.08.0/epic_craterlake/DIS/NC/5x41/minQ2=100/pythia8NCDIS_5x41_minQ2=100_beamEffects_xAngle=-0.025_hiDiv_5.0362.eicrecon.edm4eic.root,1438.0
root://dtn-eic.jlab.org//volatile/eic/EPIC/RECO/25.08.0/epic_craterlake/DIS/NC/5x41/minQ2=100/pythia8NCDIS_5x41_minQ2=100_beamEffects_xAngle=-0.025_hiDiv_5.0363.eicrecon.edm4eic.root,1438.0
root://dtn-eic.jlab.org//volatile/eic/EPIC/RECO/25.08.0/epic_craterlake/DIS/NC/5x41/minQ2=100/pythia8NCDIS_5x41_minQ2=100_beamEffects_xAngle=-0.025_hiDiv_5.0364.eicrecon.edm4eic.root,1438.0
root://dtn-eic.jlab.org//volatile/eic/EPIC/RECO/25.08.0/epic_craterlake/DIS/NC/5x41/minQ2=100/pythia8NCDIS_5x41_minQ2=100_beamEffects_xAngle=-0.025_hiDiv_5.0365.eicrecon.edm4eic.root,1438.0
root://dtn-eic.jlab.org//volatile/eic/EPIC/RECO/25.08.0/epic_craterlake/DIS/NC/5x41/minQ2=100/pythia8NCDIS_5x41_minQ2=100_beamEffects_xAngle=-0.025_hiDiv_5.0366.eicrecon.edm4eic.root,1438.0
root://dtn-eic.jlab.org//volatile/eic/EPIC/RECO/25.08.0/epic_craterlake/DIS/NC/5x41/minQ2=100/pythia8NCDIS_5x41_minQ2=100_beamEffects_xAngle=-0.025_hiDiv_5.0367.eicrecon.edm4eic.root,1438.0
root://dtn-eic.jlab.org//volatile/eic/EPIC/RECO/25.08.0/epic_craterlake/DIS/NC/5x41/minQ2=100/pythia8NCDIS_5x41_minQ2=100_beamEffects_xAngle=-0.025_hiDiv_5.0368.eicrecon.edm4eic.root,1438.0
root://dtn-eic.jlab.org//volatile/eic/EPIC/RECO/25.08.0/epic_craterlake/DIS/NC/5x41/minQ2=100/pythia8NCDIS_5x41_minQ2=100_beamEffects_xAngle=-0.025_hiDiv_5.0369.eicrecon.edm4eic.root,1438.0
root://dtn-eic.jlab.org//volatile/eic/EPIC/RECO/25.08.0/epic_craterlake/DIS/NC/5x41/minQ2=100/pythia8NCDIS_5x41_minQ2=100_beamEffects_xAngle=-0.025_hiDiv_5.0370.eicrecon.edm4eic.root,1438.0
root://dtn-eic.jlab.org//volatile/eic/EPIC/RECO/25.08.0/epic_craterlake/DIS/NC/5x41/minQ2=100/pythia8NCDIS_5x41_minQ2=100_beamEffects_xAngle=-0.025_hiDiv_5.0371.eicrecon.edm4eic.root,1438.0
root://dtn-eic.jlab.org//volatile/eic/EPIC/RECO/25.08.0/epic_craterlake/DIS/NC/5x41/minQ2=100/pythia8NCDIS_5x41_minQ2=100_beamEffects_xAngle=-0.025_hiDiv_5.0372.eicrecon.edm4eic.root,1438.0
root://dtn-eic.jlab.org//volatile/eic/EPIC/RECO/25.08.0/epic_craterlake/DIS/NC/5x41/minQ2=100/pythia8NCDIS_5x41_minQ2=100_beamEffects_xAngle=-0.025_hiDiv_5.0373.eicrecon.edm4eic.root,1438.0
root://dtn-eic.jlab.org//volatile/eic/EPIC/RECO/25.08.0/epic_craterlake/DIS/NC/5x41/minQ2=100/pythia8NCDIS_5x41_minQ2=100_beamEffects_xAngle=-0.025_hiDiv_5.0374.eicrecon.edm4eic.root,1438.0
root://dtn-eic.jlab.org//volatile/eic/EPIC/RECO/25.08.0/epic_craterlake/DIS/NC/5x41/minQ2=100/pythia8NCDIS_5x41_minQ2=100_beamEffects_xAngle=-0.025_hiDiv_5.0375.eicrecon.edm4eic.root,1438.0
root://dtn-eic.jlab.org//volatile/eic/EPIC/RECO/25.08.0/epic_craterlake/DIS/NC/5x41/minQ2=100/pythia8NCDIS_5x41_minQ2=100_beamEffects_xAngle=-0.025_hiDiv_5.0376.eicrecon.edm4eic.root,1438.0
root://dtn-eic.jlab.org//volatile/eic/EPIC/RECO/25.08.0/epic_craterlake/DIS/NC/5x41/minQ2=100/pythia8NCDIS_5x41_minQ2=100_beamEffects_xAngle=-0.025_hiDiv_5.0377.eicrecon.edm4eic.root,1438.0
root://dtn-eic.jlab.org//volatile/eic/EPIC/RECO/25.08.0/epic_craterlake/DIS/NC/5x41/minQ2=100/pythia8NCDIS_5x41_minQ2=100_beamEffects_xAngle=-0.025_hiDiv_5.0378.eicrecon.edm4eic.root,1438.0
root://dtn-eic.jlab.org//volatile/eic/EPIC/RECO/25.08.0/epic_craterlake/DIS/NC/5x41/minQ2=100/pythia8NCDIS_5x41_minQ2=100_beamEffects_xAngle=-0.025_hiDiv_5.0379.eicrecon.edm4eic.root,1438.0
root://dtn-eic.jlab.org//volatile/eic/EPIC/RECO/25.08.0/epic_craterlake/DIS/NC/5x41/minQ2=100/pythia8NCDIS_5x41_minQ2=100_beamEffects_xAngle=-0.025_hiDiv_5.0380.eicrecon.edm4eic.root,1438.0
root://dtn-eic.jlab.org//volatile/eic/EPIC/RECO/25.08.0/epic_craterlake/DIS/NC/5x41/minQ2=100/pythia8NCDIS_5x41_minQ2=100_beamEffects_xAngle=-0.025_hiDiv_5.0381.eicrecon.edm4eic.root,1438.0
root://dtn-eic.jlab.org//volatile/eic/EPIC/RECO/25.08.0/epic_craterlake/DIS/NC/5x41/minQ2=100/pythia8NCDIS_5x41_minQ2=100_beamEffects_xAngle=-0.025_hiDiv_5.0382.eicrecon.edm4eic.root,1438.0
root://dtn-eic.jlab.org//volatile/eic/EPIC/RECO/25.08.0/epic_craterlake/DIS/NC/5x41/minQ2=100/pythia8NCDIS_5x41_minQ2=100_beamEffects_xAngle=-0.025_hiDiv_5.0383.eicrecon.edm4eic.root,1438.0
root://dtn-eic.jlab.org//volatile/eic/EPIC/RECO/25.08.0/epic_craterlake/DIS/NC/5x41/minQ2=100/pythia8NCDIS_5x41_minQ2=100_beamEffects_xAngle=-0.025_hiDiv_5.0384.eicrecon.edm4eic.root,1438.0
root://dtn-eic.jlab.org//volatile/eic/EPIC/RECO/25.08.0/epic_craterlake/DIS/NC/5x41/minQ2=100/pythia8NCDIS_5x41_minQ2=100_beamEffects_xAngle=-0.025_hiDiv_5.0385.eicrecon.edm4eic.root,1438.0
root://dtn-eic.jlab.org//volatile/eic/EPIC/RECO/25.08.0/epic_craterlake/DIS/NC/5x41/minQ2=100/pythia8NCDIS_5x41_minQ2=100_beamEffects_xAngle=-0.025_hiDiv_5.0386.eicrecon.edm4eic.root,1438.0
root://dtn-eic.jlab.org//volatile/eic/EPIC/RECO/25.08.0/epic_craterlake/DIS/NC/5x41/minQ2=100/pythia8NCDIS_5x41_minQ2=100_beamEffects_xAngle=-0.025_hiDiv_5.0387.eicrecon.edm4eic.root,1438.0
root://dtn-eic.jlab.org//volatile/eic/EPIC/RECO/25.08.0/epic_craterlake/DIS/NC/5x41/minQ2=100/pythia8NCDIS_5x41_minQ2=100_beamEffects_xAngle=-0.025_hiDiv_5.0388.eicrecon.edm4eic.root,1438.0
root://dtn-eic.jlab.org//volatile/eic/EPIC/RECO/25.08.0/epic_craterlake/DIS/NC/5x41/minQ2=100/pythia8NCDIS_5x41_minQ2=100_beamEffects_xAngle=-0.025_hiDiv_5.0389.eicrecon.edm4eic.root,1438.0
root://dtn-eic.jlab.org//volatile/eic/EPIC/RECO/25.08.0/epic_craterlake/DIS/NC/5x41/minQ2=100/pythia8NCDIS_5x41_minQ2=100_beamEffects_xAngle=-0.025_hiDiv_5.0390.eicrecon.edm4eic.root,1438.0
root://dtn-eic.jlab.org//volatile/eic/EPIC/RECO/25.08.0/epic_craterlake/DIS/NC/5x41/minQ2=100/pythia8NCDIS_5x41_minQ2=100_beamEffects_xAngle=-0.025_hiDiv_5.0391.eicrecon.edm4eic.root,1438.0
root://dtn-eic.jlab.org//volatile/eic/EPIC/RECO/25.08.0/epic_craterlake/DIS/NC/5x41/minQ2=100/pythia8NCDIS_5x41_minQ2=100_beamEffects_xAngle=-0.025_hiDiv_5.0392.eicrecon.edm4eic.root,1438.0
root://dtn-eic.jlab.org//volatile/eic/EPIC/RECO/25.08.0/epic_craterlake/DIS/NC/5x41/minQ2=100/pythia8NCDIS_5x41_minQ2=100_beamEffects_xAngle=-0.025_hiDiv_5.0393.eicrecon.edm4eic.root,1438.0
root://dtn-eic.jlab.org//volatile/eic/EPIC/RECO/25.08.0/epic_craterlake/DIS/NC/5x41/minQ2=100/pythia8NCDIS_5x41_minQ2=100_beamEffects_xAngle=-0.025_hiDiv_5.0394.eicrecon.edm4eic.root,1438.0
root://dtn-eic.jlab.org//volatile/eic/EPIC/RECO/25.08.0/epic_craterlake/DIS/NC/5x41/minQ2=100/pythia8NCDIS_5x41_minQ2=100_beamEffects_xAngle=-0.025_hiDiv_5.0395.eicrecon.edm4eic.root,1438.0
root://dtn-eic.jlab.org//volatile/eic/EPIC/RECO/25.08.0/epic_craterlake/DIS/NC/5x41/minQ2=100/pythia8NCDIS_5x41_minQ2=100_beamEffects_xAngle=-0.025_hiDiv_5.0396.eicrecon.edm4eic.root,1438.0
root://dtn-eic.jlab.org//volatile/eic/EPIC/RECO/25.08.0/epic_craterlake/DIS/NC/5x41/minQ2=100/pythia8NCDIS_5x41_minQ2=100_beamEffects_xAngle=-0.025_hiDiv_5.0397.eicrecon.edm4eic.root,1438.0
root://dtn-eic.jlab.org//volatile/eic/EPIC/RECO/25.08.0/epic_craterlake/DIS/NC/5x41/minQ2=100/pythia8NCDIS_5x41_minQ2=100_beamEffects_xAngle=-0.025_hiDiv_5.0398.eicrecon.edm4eic.root,1438.0
root://dtn-eic.jlab.org//volatile/eic/EPIC/RECO/25.08.0/epic_craterlake/DIS/NC/5x41/minQ2=100/pythia8NCDIS_5x41_minQ2=100_beamEffects_xAngle=-0.025_hiDiv_5.0399.eicrecon.edm4eic.root,1438.0
root://dtn-eic.jlab.org//volatile/eic/EPIC/RECO/25.08.0/epic_craterlake/DIS/NC/5x41/minQ2=100/pythia8NCDIS_5x41_minQ2=100_beamEffects_xAngle=-0.025_hiDiv_5.0400.eicrecon.edm4eic.root,1438.0
root://dtn-eic.jlab.org//volatile/eic/EPIC/RECO/25.08.0/epic_craterlake/DIS/NC/5x41/minQ2=100/pythia8NCDIS_5x41_minQ2=100_beamEffects_xAngle=-0.025_hiDiv_5.0401.eicrecon.edm4eic.root,1438.0
root://dtn-eic.jlab.org//volatile/eic/EPIC/RECO/25.08.0/epic_craterlake/DIS/NC/5x41/minQ2=100/pythia8NCDIS_5x41_minQ2=100_beamEffects_xAngle=-0.025_hiDiv_5.0402.eicrecon.edm4eic.root,1438.0
root://dtn-eic.jlab.org//volatile/eic/EPIC/RECO/25.08.0/epic_craterlake/DIS/NC/5x41/minQ2=100/pythia8NCDIS_5x41_minQ2=100_beamEffects_xAngle=-0.025_hiDiv_5.0403.eicrecon.edm4eic.root,1438.0
root://dtn-eic.jlab.org//volatile/eic/EPIC/RECO/25.08.0/epic_craterlake/DIS/NC/5x41/minQ2=100/pythia8NCDIS_5x41_minQ2=100_beamEffects_xAngle=-0.025_hiDiv_5.0404.eicrecon.edm4eic.root,1438.0
root://dtn-eic.jlab.org//volatile/eic/EPIC/RECO/25.08.0/epic_craterlake/DIS/NC/5x41/minQ2=100/pythia8NCDIS_5x41_minQ2=100_beamEffects_xAngle=-0.025_hiDiv_5.0405.eicrecon.edm4eic.root,1438.0
root://dtn-eic.jlab.org//volatile/eic/EPIC/RECO/25.08.0/epic_craterlake/DIS/NC/5x41/minQ2=100/pythia8NCDIS_5x41_minQ2=100_beamEffects_xAngle=-0.025_hiDiv_5.0406.eicrecon.edm4eic.root,1438.0
root://dtn-eic.jlab.org//volatile/eic/EPIC/RECO/25.08.0/epic_craterlake/DIS/NC/5x41/minQ2=100/pythia8NCDIS_5x41_minQ2=100_beamEffects_xAngle=-0.025_hiDiv_5.0407.eicrecon.edm4eic.root,1438.0
root://dtn-eic.jlab.org//volatile/eic/EPIC/RECO/25.08.0/epic_craterlake/DIS/NC/5x41/minQ2=100/pythia8NCDIS_5x41_minQ2=100_beamEffects_xAngle=-0.025_hiDiv_5.0408.eicrecon.edm4eic.root,1438.0
root://dtn-eic.jlab.org//volatile/eic/EPIC/RECO/25.08.0/epic_craterlake/DIS/NC/5x41/minQ2=100/pythia8NCDIS_5x41_minQ2=100_beamEffects_xAngle=-0.025_hiDiv_5.0409.eicrecon.edm4eic.root,1438.0
root://dtn-eic.jlab.org//volatile/eic/EPIC/RECO/25.08.0/epic_craterlake/DIS/NC/5x41/minQ2=100/pythia8NCDIS_5x41_minQ2=100_beamEffects_xAngle=-0.025_hiDiv_5.0410.eicrecon.edm4eic.root,1438.0
root://dtn-eic.jlab.org//volatile/eic/EPIC/RECO/25.08.0/epic_craterlake/DIS/NC/5x41/minQ2=100/pythia8NCDIS_5x41_minQ2=100_beamEffects_xAngle=-0.025_hiDiv_5.0411.eicrecon.edm4eic.root,1438.0
root://dtn-eic.jlab.org//volatile/eic/EPIC/RECO/25.08.0/epic_craterlake/DIS/NC/5x41/minQ2=100/pythia8NCDIS_5x41_minQ2=100_beamEffects_xAngle=-0.025_hiDiv_5.0412.eicrecon.edm4eic.root,1438.0
root://dtn-eic.jlab.org//volatile/eic/EPIC/RECO/25.08.0/epic_craterlake/DIS/NC/5x41/minQ2=100/pythia8NCDIS_5x41_minQ2=100_beamEffects_xAngle=-0.025_hiDiv_5.0413.eicrecon.edm4eic.root,1438.0
root://dtn-eic.jlab.org//volatile/eic/EPIC/RECO/25.08.0/epic_craterlake/DIS/NC/5x41/minQ2=100/pythia8NCDIS_5x41_minQ2=100_beamEffects_xAngle=-0.025_hiDiv_5.0414.eicrecon.edm4eic.root,1438.0
root://dtn-eic.jlab.org//volatile/eic/EPIC/RECO/25.08.0/epic_craterlake/DIS/NC/5x41/minQ2=100/pythia8NCDIS_5x41_minQ2=100_beamEffects_xAngle=-0.025_hiDiv_5.0415.eicrecon.edm4eic.root,1438.0
root://dtn-eic.jlab.org//volatile/eic/EPIC/RECO/25.08.0/epic_craterlake/DIS/NC/5x41/minQ2=100/pythia8NCDIS_5x41_minQ2=100_beamEffects_xAngle=-0.025_hiDiv_5.0416.eicrecon.edm4eic.root,1438.0
root://dtn-eic.jlab.org//volatile/eic/EPIC/RECO/25.08.0/epic_craterlake/DIS/NC/5x41/minQ2=100/pythia8NCDIS_5x41_minQ2=100_beamEffects_xAngle=-0.025_hiDiv_5.0417.eicrecon.edm4eic.root,1438.0
root://dtn-eic.jlab.org//volatile/eic/EPIC/RECO/25.08.0/epic_craterlake/DIS/NC/5x41/minQ2=100/pythia8NCDIS_5x41_minQ2=100_beamEffects_xAngle=-0.025_hiDiv_5.0418.eicrecon.edm4eic.root,1438.0
root://dtn-eic.jlab.org//volatile/eic/EPIC/RECO/25.08.0/epic_craterlake/DIS/NC/5x41/minQ2=100/pythia8NCDIS_5x41_minQ2=100_beamEffects_xAngle=-0.025_hiDiv_5.0419.eicrecon.edm4eic.root,1438.0
root://dtn-eic.jlab.org//volatile/eic/EPIC/RECO/25.08.0/epic_craterlake/DIS/NC/5x41/minQ2=100/pythia8NCDIS_5x41_minQ2=100_beamEffects_xAngle=-0.025_hiDiv_5.0420.eicrecon.edm4eic.root,1438.0
root://dtn-eic.jlab.org//volatile/eic/EPIC/RECO/25.08.0/epic_craterlake/DIS/NC/5x41/minQ2=100/pythia8NCDIS_5x41_minQ2=100_beamEffects_xAngle=-0.025_hiDiv_5.0421.eicrecon.edm4eic.root,1438.0
root://dtn-eic.jlab.org//volatile/eic/EPIC/RECO/25.08.0/epic_craterlake/DIS/NC/5x41/minQ2=100/pythia8NCDIS_5x41_minQ2=100_beamEffects_xAngle=-0.025_hiDiv_5.0422.eicrecon.edm4eic.root,1438.0
root://dtn-eic.jlab.org//volatile/eic/EPIC/RECO/25.08.0/epic_craterlake/DIS/NC/5x41/minQ2=100/pythia8NCDIS_5x41_minQ2=100_beamEffects_xAngle=-0.025_hiDiv_5.0423.eicrecon.edm4eic.root,1438.0
root://dtn-eic.jlab.org//volatile/eic/EPIC/RECO/25.08.0/epic_craterlake/DIS/NC/5x41/minQ2=100/pythia8NCDIS_5x41_minQ2=100_beamEffects_xAngle=-0.025_hiDiv_5.0424.eicrecon.edm4eic.root,1438.0
root://dtn-eic.jlab.org//volatile/eic/EPIC/RECO/25.08.0/epic_craterlake/DIS/NC/5x41/minQ2=100/pythia8NCDIS_5x41_minQ2=100_beamEffects_xAngle=-0.025_hiDiv_5.0425.eicrecon.edm4eic.root,1438.0
root://dtn-eic.jlab.org//volatile/eic/EPIC/RECO/25.08.0/epic_craterlake/DIS/NC/5x41/minQ2=100/pythia8NCDIS_5x41_minQ2=100_beamEffects_xAngle=-0.025_hiDiv_5.0426.eicrecon.edm4eic.root,1438.0
root://dtn-eic.jlab.org//volatile/eic/EPIC/RECO/25.08.0/epic_craterlake/DIS/NC/5x41/minQ2=100/pythia8NCDIS_5x41_minQ2=100_beamEffects_xAngle=-0.025_hiDiv_5.0427.eicrecon.edm4eic.root,1438.0
root://dtn-eic.jlab.org//volatile/eic/EPIC/RECO/25.08.0/epic_craterlake/DIS/NC/5x41/minQ2=100/pythia8NCDIS_5x41_minQ2=100_beamEffects_xAngle=-0.025_hiDiv_5.0428.eicrecon.edm4eic.root,1438.0
root://dtn-eic.jlab.org//volatile/eic/EPIC/RECO/25.08.0/epic_craterlake/DIS/NC/5x41/minQ2=100/pythia8NCDIS_5x41_minQ2=100_beamEffects_xAngle=-0.025_hiDiv_5.0429.eicrecon.edm4eic.root,1438.0
root://dtn-eic.jlab.org//volatile/eic/EPIC/RECO/25.08.0/epic_craterlake/DIS/NC/5x41/minQ2=100/pythia8NCDIS_5x41_minQ2=100_beamEffects_xAngle=-0.025_hiDiv_5.0430.eicrecon.edm4eic.root,1438.0
root://dtn-eic.jlab.org//volatile/eic/EPIC/RECO/25.08.0/epic_craterlake/DIS/NC/5x41/minQ2=100/pythia8NCDIS_5x41_minQ2=100_beamEffects_xAngle=-0.025_hiDiv_5.0431.eicrecon.edm4eic.root,1438.0
root://dtn-eic.jlab.org//volatile/eic/EPIC/RECO/25.08.0/epic_craterlake/DIS/NC/5x41/minQ2=100/pythia8NCDIS_5x41_minQ2=100_beamEffects_xAngle=-0.025_hiDiv_5.0432.eicrecon.edm4eic.root,1438.0
root://dtn-eic.jlab.org//volatile/eic/EPIC/RECO/25.08.0/epic_craterlake/DIS/NC/5x41/minQ2=100/pythia8NCDIS_5x41_minQ2=100_beamEffects_xAngle=-0.025_hiDiv_5.0433.eicrecon.edm4eic.root,1438.0
root://dtn-eic.jlab.org//volatile/eic/EPIC/RECO/25.08.0/epic_craterlake/DIS/NC/5x41/minQ2=100/pythia8NCDIS_5x41_minQ2=100_beamEffects_xAngle=-0.025_hiDiv_5.0434.eicrecon.edm4eic.root,1438.0
root://dtn-eic.jlab.org//volatile/eic/EPIC/RECO/25.08.0/epic_craterlake/DIS/NC/5x41/minQ2=100/pythia8NCDIS_5x41_minQ2=100_beamEffects_xAngle=-0.025_hiDiv_5.0435.eicrecon.edm4eic.root,1438.0
root://dtn-eic.jlab.org//volatile/eic/EPIC/RECO/25.08.0/epic_craterlake/DIS/NC/5x41/minQ2=100/pythia8NCDIS_5x41_minQ2=100_beamEffects_xAngle=-0.025_hiDiv_5.0436.eicrecon.edm4eic.root,1438.0
root://dtn-eic.jlab.org//volatile/eic/EPIC/RECO/25.08.0/epic_craterlake/DIS/NC/5x41/minQ2=100/pythia8NCDIS_5x41_minQ2=100_beamEffects_xAngle=-0.025_hiDiv_5.0437.eicrecon.edm4eic.root,1438.0
root://dtn-eic.jlab.org//volatile/eic/EPIC/RECO/25.08.0/epic_craterlake/DIS/NC/5x41/minQ2=100/pythia8NCDIS_5x41_minQ2=100_beamEffects_xAngle=-0.025_hiDiv_5.0438.eicrecon.edm4eic.root,1438.0
root://dtn-eic.jlab.org//volatile/eic/EPIC/RECO/25.08.0/epic_craterlake/DIS/NC/5x41/minQ2=100/pythia8NCDIS_5x41_minQ2=100_beamEffects_xAngle=-0.025_hiDiv_5.0439.eicrecon.edm4eic.root,1438.0
root://dtn-eic.jlab.org//volatile/eic/EPIC/RECO/25.08.0/epic_craterlake/DIS/NC/5x41/minQ2=100/pythia8NCDIS_5x41_minQ2=100_beamEffects_xAngle=-0.025_hiDiv_5.0440.eicrecon.edm4eic.root,1438.0
root://dtn-eic.jlab.org//volatile/eic/EPIC/RECO/25.08.0/epic_craterlake/DIS/NC/5x41/minQ2=100/pythia8NCDIS_5x41_minQ2=100_beamEffects_xAngle=-0.025_hiDiv_5.0441.eicrecon.edm4eic.root,1438.0
root://dtn-eic.jlab.org//volatile/eic/EPIC/RECO/25.08.0/epic_craterlake/DIS/NC/5x41/minQ2=100/pythia8NCDIS_5x41_minQ2=100_beamEffects_xAngle=-0.025_hiDiv_5.0442.eicrecon.edm4eic.root,1438.0
root://dtn-eic.jlab.org//volatile/eic/EPIC/RECO/25.08.0/epic_craterlake/DIS/NC/5x41/minQ2=100/pythia8NCDIS_5x41_minQ2=100_beamEffects_xAngle=-0.025_hiDiv_5.0443.eicrecon.edm4eic.root,1438.0
root://dtn-eic.jlab.org//volatile/eic/EPIC/RECO/25.08.0/epic_craterlake/DIS/NC/5x41/minQ2=100/pythia8NCDIS_5x41_minQ2=100_beamEffects_xAngle=-0.025_hiDiv_5.0444.eicrecon.edm4eic.root,1438.0
root://dtn-eic.jlab.org//volatile/eic/EPIC/RECO/25.08.0/epic_craterlake/DIS/NC/5x41/minQ2=100/pythia8NCDIS_5x41_minQ2=100_beamEffects_xAngle=-0.025_hiDiv_5.0445.eicrecon.edm4eic.root,1438.0
root://dtn-eic.jlab.org//volatile/eic/EPIC/RECO/25.08.0/epic_craterlake/DIS/NC/5x41/minQ2=100/pythia8NCDIS_5x41_minQ2=100_beamEffects_xAngle=-0.025_hiDiv_5.0446.eicrecon.edm4eic.root,1438.0
root://dtn-eic.jlab.org//volatile/eic/EPIC/RECO/25.08.0/epic_craterlake/DIS/NC/5x41/minQ2=100/pythia8NCDIS_5x41_minQ2=100_beamEffects_xAngle=-0.025_hiDiv_5.0447.eicrecon.edm4eic.root,1438.0
root://dtn-eic.jlab.org//volatile/eic/EPIC/RECO/25.08.0/epic_craterlake/DIS/NC/5x41/minQ2=100/pythia8NCDIS_5x41_minQ2=100_beamEffects_xAngle=-0.025_hiDiv_5.0448.eicrecon.edm4eic.root,1438.0
root://dtn-eic.jlab.org//volatile/eic/EPIC/RECO/25.08.0/epic_craterlake/DIS/NC/5x41/minQ2=100/pythia8NCDIS_5x41_minQ2=100_beamEffects_xAngle=-0.025_hiDiv_5.0449.eicrecon.edm4eic.root,1438.0
root://dtn-eic.jlab.org//volatile/eic/EPIC/RECO/25.08.0/epic_craterlake/DIS/NC/5x41/minQ2=100/pythia8NCDIS_5x41_minQ2=100_beamEffects_xAngle=-0.025_hiDiv_5.0450.eicrecon.edm4eic.root,1438.0
root://dtn-eic.jlab.org//volatile/eic/EPIC/RECO/25.08.0/epic_craterlake/DIS/NC/5x41/minQ2=100/pythia8NCDIS_5x41_minQ2=100_beamEffects_xAngle=-0.025_hiDiv_5.0451.eicrecon.edm4eic.root,1438.0
root://dtn-eic.jlab.org//volatile/eic/EPIC/RECO/25.08.0/epic_craterlake/DIS/NC/5x41/minQ2=100/pythia8NCDIS_5x41_minQ2=100_beamEffects_xAngle=-0.025_hiDiv_5.0452.eicrecon.edm4eic.root,1438.0
root://dtn-eic.jlab.org//volatile/eic/EPIC/RECO/25.08.0/epic_craterlake/DIS/NC/5x41/minQ2=100/pythia8NCDIS_5x41_minQ2=100_beamEffects_xAngle=-0.025_hiDiv_5.0453.eicrecon.edm4eic.root,1438.0
root://dtn-eic.jlab.org//volatile/eic/EPIC/RECO/25.08.0/epic_craterlake/DIS/NC/5x41/minQ2=100/pythia8NCDIS_5x41_minQ2=100_beamEffects_xAngle=-0.025_hiDiv_5.0454.eicrecon.edm4eic.root,1438.0
root://dtn-eic.jlab.org//volatile/eic/EPIC/RECO/25.08.0/epic_craterlake/DIS/NC/5x41/minQ2=100/pythia8NCDIS_5x41_minQ2=100_beamEffects_xAngle=-0.025_hiDiv_5.0455.eicrecon.edm4eic.root,1438.0
root://dtn-eic.jlab.org//volatile/eic/EPIC/RECO/25.08.0/epic_craterlake/DIS/NC/5x41/minQ2=100/pythia8NCDIS_5x41_minQ2=100_beamEffects_xAngle=-0.025_hiDiv_5.0456.eicrecon.edm4eic.root,1438.0
root://dtn-eic.jlab.org//volatile/eic/EPIC/RECO/25.08.0/epic_craterlake/DIS/NC/5x41/minQ2=100/pythia8NCDIS_5x41_minQ2=100_beamEffects_xAngle=-0.025_hiDiv_5.0457.eicrecon.edm4eic.root,1438.0
root://dtn-eic.jlab.org//volatile/eic/EPIC/RECO/25.08.0/epic_craterlake/DIS/NC/5x41/minQ2=100/pythia8NCDIS_5x41_minQ2=100_beamEffects_xAngle=-0.025_hiDiv_5.0458.eicrecon.edm4eic.root,1438.0
root://dtn-eic.jlab.org//volatile/eic/EPIC/RECO/25.08.0/epic_craterlake/DIS/NC/5x41/minQ2=100/pythia8NCDIS_5x41_minQ2=100_beamEffects_xAngle=-0.025_hiDiv_5.0459.eicrecon.edm4eic.root,1438.0
root://dtn-eic.jlab.org//volatile/eic/EPIC/RECO/25.08.0/epic_craterlake/DIS/NC/5x41/minQ2=100/pythia8NCDIS_5x41_minQ2=100_beamEffects_xAngle=-0.025_hiDiv_5.0460.eicrecon.edm4eic.root,1438.0
root://dtn-eic.jlab.org//volatile/eic/EPIC/RECO/25.08.0/epic_craterlake/DIS/NC/5x41/minQ2=100/pythia8NCDIS_5x41_minQ2=100_beamEffects_xAngle=-0.025_hiDiv_5.0461.eicrecon.edm4eic.root,1438.0
root://dtn-eic.jlab.org//volatile/eic/EPIC/RECO/25.08.0/epic_craterlake/DIS/NC/5x41/minQ2=100/pythia8NCDIS_5x41_minQ2=100_beamEffects_xAngle=-0.025_hiDiv_5.0462.eicrecon.edm4eic.root,1438.0
root://dtn-eic.jlab.org//volatile/eic/EPIC/RECO/25.08.0/epic_craterlake/DIS/NC/5x41/minQ2=100/pythia8NCDIS_5x41_minQ2=100_beamEffects_xAngle=-0.025_hiDiv_5.0463.eicrecon.edm4eic.root,1438.0
root://dtn-eic.jlab.org//volatile/eic/EPIC/RECO/25.08.0/epic_craterlake/DIS/NC/5x41/minQ2=100/pythia8NCDIS_5x41_minQ2=100_beamEffects_xAngle=-0.025_hiDiv_5.0464.eicrecon.edm4eic.root,1438.0
root://dtn-eic.jlab.org//volatile/eic/EPIC/RECO/25.08.0/epic_craterlake/DIS/NC/5x41/minQ2=100/pythia8NCDIS_5x41_minQ2=100_beamEffects_xAngle=-0.025_hiDiv_5.0465.eicrecon.edm4eic.root,1438.0
root://dtn-eic.jlab.org//volatile/eic/EPIC/RECO/25.08.0/epic_craterlake/DIS/NC/5x41/minQ2=100/pythia8NCDIS_5x41_minQ2=100_beamEffects_xAngle=-0.025_hiDiv_5.0466.eicrecon.edm4eic.root,1438.0
root://dtn-eic.jlab.org//volatile/eic/EPIC/RECO/25.08.0/epic_craterlake/DIS/NC/5x41/minQ2=100/pythia8NCDIS_5x41_minQ2=100_beamEffects_xAngle=-0.025_hiDiv_5.0467.eicrecon.edm4eic.root,1438.0
root://dtn-eic.jlab.org//volatile/eic/EPIC/RECO/25.08.0/epic_craterlake/DIS/NC/5x41/minQ2=100/pythia8NCDIS_5x41_minQ2=100_beamEffects_xAngle=-0.025_hiDiv_5.0468.eicrecon.edm4eic.root,1438.0
root://dtn-eic.jlab.org//volatile/eic/EPIC/RECO/25.08.0/epic_craterlake/DIS/NC/5x41/minQ2=100/pythia8NCDIS_5x41_minQ2=100_beamEffects_xAngle=-0.025_hiDiv_5.0469.eicrecon.edm4eic.root,1438.0
root://dtn-eic.jlab.org//volatile/eic/EPIC/RECO/25.08.0/epic_craterlake/DIS/NC/5x41/minQ2=100/pythia8NCDIS_5x41_minQ2=100_beamEffects_xAngle=-0.025_hiDiv_5.0470.eicrecon.edm4eic.root,1438.0
root://dtn-eic.jlab.org//volatile/eic/EPIC/RECO/25.08.0/epic_craterlake/DIS/NC/5x41/minQ2=100/pythia8NCDIS_5x41_minQ2=100_beamEffects_xAngle=-0.025_hiDiv_5.0471.eicrecon.edm4eic.root,1438.0
root://dtn-eic.jlab.org//volatile/eic/EPIC/RECO/25.08.0/epic_craterlake/DIS/NC/5x41/minQ2=100/pythia8NCDIS_5x41_minQ2=100_beamEffects_xAngle=-0.025_hiDiv_5.0472.eicrecon.edm4eic.root,1438.0
root://dtn-eic.jlab.org//volatile/eic/EPIC/RECO/25.08.0/epic_craterlake/DIS/NC/5x41/minQ2=100/pythia8NCDIS_5x41_minQ2=100_beamEffects_xAngle=-0.025_hiDiv_5.0473.eicrecon.edm4eic.root,1438.0
root://dtn-eic.jlab.org//volatile/eic/EPIC/RECO/25.08.0/epic_craterlake/DIS/NC/5x41/minQ2=100/pythia8NCDIS_5x41_minQ2=100_beamEffects_xAngle=-0.025_hiDiv_5.0474.eicrecon.edm4eic.root,1438.0
root://dtn-eic.jlab.org//volatile/eic/EPIC/RECO/25.08.0/epic_craterlake/DIS/NC/5x41/minQ2=100/pythia8NCDIS_5x41_minQ2=100_beamEffects_xAngle=-0.025_hiDiv_5.0475.eicrecon.edm4eic.root,1438.0
root://dtn-eic.jlab.org//volatile/eic/EPIC/RECO/25.08.0/epic_craterlake/DIS/NC/5x41/minQ2=100/pythia8NCDIS_5x41_minQ2=100_beamEffects_xAngle=-0.025_hiDiv_5.0476.eicrecon.edm4eic.root,1438.0
root://dtn-eic.jlab.org//volatile/eic/EPIC/RECO/25.08.0/epic_craterlake/DIS/NC/5x41/minQ2=100/pythia8NCDIS_5x41_minQ2=100_beamEffects_xAngle=-0.025_hiDiv_5.0477.eicrecon.edm4eic.root,1438.0
root://dtn-eic.jlab.org//volatile/eic/EPIC/RECO/25.08.0/epic_craterlake/DIS/NC/5x41/minQ2=100/pythia8NCDIS_5x41_minQ2=100_beamEffects_xAngle=-0.025_hiDiv_5.0478.eicrecon.edm4eic.root,1438.0
root://dtn-eic.jlab.org//volatile/eic/EPIC/RECO/25.08.0/epic_craterlake/DIS/NC/5x41/minQ2=100/pythia8NCDIS_5x41_minQ2=100_beamEffects_xAngle=-0.025_hiDiv_5.0479.eicrecon.edm4eic.root,1438.0
root://dtn-eic.jlab.org//volatile/eic/EPIC/RECO/25.08.0/epic_craterlake/DIS/NC/5x41/minQ2=100/pythia8NCDIS_5x41_minQ2=100_beamEffects_xAngle=-0.025_hiDiv_5.0480.eicrecon.edm4eic.root,1438.0
root://dtn-eic.jlab.org//volatile/eic/EPIC/RECO/25.08.0/epic_craterlake/DIS/NC/5x41/minQ2=100/pythia8NCDIS_5x41_minQ2=100_beamEffects_xAngle=-0.025_hiDiv_5.0481.eicrecon.edm4eic.root,1438.0
root://dtn-eic.jlab.org//volatile/eic/EPIC/RECO/25.08.0/epic_craterlake/DIS/NC/5x41/minQ2=100/pythia8NCDIS_5x41_minQ2=100_beamEffects_xAngle=-0.025_hiDiv_5.0482.eicrecon.edm4eic.root,1438.0
root://dtn-eic.jlab.org//volatile/eic/EPIC/RECO/25.08.0/epic_craterlake/DIS/NC/5x41/minQ2=100/pythia8NCDIS_5x41_minQ2=100_beamEffects_xAngle=-0.025_hiDiv_5.0483.eicrecon.edm4eic.root,1438.0
root://dtn-eic.jlab.org//volatile/eic/EPIC/RECO/25.08.0/epic_craterlake/DIS/NC/5x41/minQ2=100/pythia8NCDIS_5x41_minQ2=100_beamEffects_xAngle=-0.025_hiDiv_5.0484.eicrecon.edm4eic.root,1438.0
root://dtn-eic.jlab.org//volatile/eic/EPIC/RECO/25.08.0/epic_craterlake/DIS/NC/5x41/minQ2=100/pythia8NCDIS_5x41_minQ2=100_beamEffects_xAngle=-0.025_hiDiv_5.0485.eicrecon.edm4eic.root,1438.0
root://dtn-eic.jlab.org//volatile/eic/EPIC/RECO/25.08.0/epic_craterlake/DIS/NC/5x41/minQ2=100/pythia8NCDIS_5x41_minQ2=100_beamEffects_xAngle=-0.025_hiDiv_5.0486.eicrecon.edm4eic.root,1438.0
root://dtn-eic.jlab.org//volatile/eic/EPIC/RECO/25.08.0/epic_craterlake/DIS/NC/5x41/minQ2=100/pythia8NCDIS_5x41_minQ2=100_beamEffects_xAngle=-0.025_hiDiv_5.0487.eicrecon.edm4eic.root,1438.0
root://dtn-eic.jlab.org//volatile/eic/EPIC/RECO/25.08.0/epic_craterlake/DIS/NC/5x41/minQ2=100/pythia8NCDIS_5x41_minQ2=100_beamEffects_xAngle=-0.025_hiDiv_5.0488.eicrecon.edm4eic.root,1438.0
root://dtn-eic.jlab.org//volatile/eic/EPIC/RECO/25.08.0/epic_craterlake/DIS/NC/5x41/minQ2=100/pythia8NCDIS_5x41_minQ2=100_beamEffects_xAngle=-0.025_hiDiv_5.0489.eicrecon.edm4eic.root,1438.0
root://dtn-eic.jlab.org//volatile/eic/EPIC/RECO/25.08.0/epic_craterlake/DIS/NC/5x41/minQ2=100/pythia8NCDIS_5x41_minQ2=100_beamEffects_xAngle=-0.025_hiDiv_5.0490.eicrecon.edm4eic.root,1438.0
root://dtn-eic.jlab.org//volatile/eic/EPIC/RECO/25.08.0/epic_craterlake/DIS/NC/5x41/minQ2=100/pythia8NCDIS_5x41_minQ2=100_beamEffects_xAngle=-0.025_hiDiv_5.0491.eicrecon.edm4eic.root,1438.0
root://dtn-eic.jlab.org//volatile/eic/EPIC/RECO/25.08.0/epic_craterlake/DIS/NC/5x41/minQ2=100/pythia8NCDIS_5x41_minQ2=100_beamEffects_xAngle=-0.025_hiDiv_5.0492.eicrecon.edm4eic.root,1438.0
root://dtn-eic.jlab.org//volatile/eic/EPIC/RECO/25.08.0/epic_craterlake/DIS/NC/5x41/minQ2=100/pythia8NCDIS_5x41_minQ2=100_beamEffects_xAngle=-0.025_hiDiv_5.0493.eicrecon.edm4eic.root,1438.0
root://dtn-eic.jlab.org//volatile/eic/EPIC/RECO/25.08.0/epic_craterlake/DIS/NC/5x41/minQ2=100/pythia8NCDIS_5x41_minQ2=100_beamEffects_xAngle=-0.025_hiDiv_5.0494.eicrecon.edm4eic.root,1438.0
root://dtn-eic.jlab.org//volatile/eic/EPIC/RECO/25.08.0/epic_craterlake/DIS/NC/5x41/minQ2=100/pythia8NCDIS_5x41_minQ2=100_beamEffects_xAngle=-0.025_hiDiv_5.0495.eicrecon.edm4eic.root,1438.0
root://dtn-eic.jlab.org//volatile/eic/EPIC/RECO/25.08.0/epic_craterlake/DIS/NC/5x41/minQ2=100/pythia8NCDIS_5x41_minQ2=100_beamEffects_xAngle=-0.025_hiDiv_5.0496.eicrecon.edm4eic.root,1438.0
root://dtn-eic.jlab.org//volatile/eic/EPIC/RECO/25.08.0/epic_craterlake/DIS/NC/5x41/minQ2=100/pythia8NCDIS_5x41_minQ2=100_beamEffects_xAngle=-0.025_hiDiv_5.0497.eicrecon.edm4eic.root,1438.0
root://dtn-eic.jlab.org//volatile/eic/EPIC/RECO/25.08.0/epic_craterlake/DIS/NC/5x41/minQ2=100/pythia8NCDIS_5x41_minQ2=100_beamEffects_xAngle=-0.025_hiDiv_5.0498.eicrecon.edm4eic.root,1438.0
root://dtn-eic.jlab.org//volatile/eic/EPIC/RECO/25.08.0/epic_craterlake/DIS/NC/5x41/minQ2=100/pythia8NCDIS_5x41_minQ2=100_beamEffects_xAngle=-0.025_hiDiv_5.0499.eicrecon.edm4eic.root,1438.0
root://dtn-eic.jlab.org//volatile/eic/EPIC/RECO/25.08.0/epic_craterlake/DIS/NC/5x41/minQ2=100/pythia8NCDIS_5x41_minQ2=100_beamEffects_xAngle=-0.025_hiDiv_5.0500.eicrecon.edm4eic.root,1438.0
root://dtn-eic.jlab.org//volatile/eic/EPIC/RECO/25.08.0/epic_craterlake/DIS/NC/5x41/minQ2=100/pythia8NCDIS_5x41_minQ2=100_beamEffects_xAngle=-0.025_hiDiv_5.0501.eicrecon.edm4eic.root,1438.0
root://dtn-eic.jlab.org//volatile/eic/EPIC/RECO/25.08.0/epic_craterlake/DIS/NC/5x41/minQ2=100/pythia8NCDIS_5x41_minQ2=100_beamEffects_xAngle=-0.025_hiDiv_5.0502.eicrecon.edm4eic.root,1438.0
root://dtn-eic.jlab.org//volatile/eic/EPIC/RECO/25.08.0/epic_craterlake/DIS/NC/5x41/minQ2=100/pythia8NCDIS_5x41_minQ2=100_beamEffects_xAngle=-0.025_hiDiv_5.0503.eicrecon.edm4eic.root,1438.0
root://dtn-eic.jlab.org//volatile/eic/EPIC/RECO/25.08.0/epic_craterlake/DIS/NC/5x41/minQ2=100/pythia8NCDIS_5x41_minQ2=100_beamEffects_xAngle=-0.025_hiDiv_5.0504.eicrecon.edm4eic.root,1438.0
root://dtn-eic.jlab.org//volatile/eic/EPIC/RECO/25.08.0/epic_craterlake/DIS/NC/5x41/minQ2=100/pythia8NCDIS_5x41_minQ2=100_beamEffects_xAngle=-0.025_hiDiv_5.0505.eicrecon.edm4eic.root,1438.0
root://dtn-eic.jlab.org//volatile/eic/EPIC/RECO/25.08.0/epic_craterlake/DIS/NC/5x41/minQ2=100/pythia8NCDIS_5x41_minQ2=100_beamEffects_xAngle=-0.025_hiDiv_5.0506.eicrecon.edm4eic.root,1438.0
root://dtn-eic.jlab.org//volatile/eic/EPIC/RECO/25.08.0/epic_craterlake/DIS/NC/5x41/minQ2=100/pythia8NCDIS_5x41_minQ2=100_beamEffects_xAngle=-0.025_hiDiv_5.0507.eicrecon.edm4eic.root,1438.0
root://dtn-eic.jlab.org//volatile/eic/EPIC/RECO/25.08.0/epic_craterlake/DIS/NC/5x41/minQ2=100/pythia8NCDIS_5x41_minQ2=100_beamEffects_xAngle=-0.025_hiDiv_5.0508.eicrecon.edm4eic.root,1438.0
root://dtn-eic.jlab.org//volatile/eic/EPIC/RECO/25.08.0/epic_craterlake/DIS/NC/5x41/minQ2=100/pythia8NCDIS_5x41_minQ2=100_beamEffects_xAngle=-0.025_hiDiv_5.0509.eicrecon.edm4eic.root,1438.0
root://dtn-eic.jlab.org//volatile/eic/EPIC/RECO/25.08.0/epic_craterlake/DIS/NC/5x41/minQ2=100/pythia8NCDIS_5x41_minQ2=100_beamEffects_xAngle=-0.025_hiDiv_5.0510.eicrecon.edm4eic.root,1438.0
root://dtn-eic.jlab.org//volatile/eic/EPIC/RECO/25.08.0/epic_craterlake/DIS/NC/5x41/minQ2=100/pythia8NCDIS_5x41_minQ2=100_beamEffects_xAngle=-0.025_hiDiv_5.0511.eicrecon.edm4eic.root,1438.0
root://dtn-eic.jlab.org//volatile/eic/EPIC/RECO/25.08.0/epic_craterlake/DIS/NC/5x41/minQ2=100/pythia8NCDIS_5x41_minQ2=100_beamEffects_xAngle=-0.025_hiDiv_5.0512.eicrecon.edm4eic.root,1438.0
root://dtn-eic.jlab.org//volatile/eic/EPIC/RECO/25.08.0/epic_craterlake/DIS/NC/5x41/minQ2=100/pythia8NCDIS_5x41_minQ2=100_beamEffects_xAngle=-0.025_hiDiv_5.0513.eicrecon.edm4eic.root,1438.0
root://dtn-eic.jlab.org//volatile/eic/EPIC/RECO/25.08.0/epic_craterlake/DIS/NC/5x41/minQ2=100/pythia8NCDIS_5x41_minQ2=100_beamEffects_xAngle=-0.025_hiDiv_5.0514.eicrecon.edm4eic.root,1438.0
root://dtn-eic.jlab.org//volatile/eic/EPIC/RECO/25.08.0/epic_craterlake/DIS/NC/5x41/minQ2=100/pythia8NCDIS_5x41_minQ2=100_beamEffects_xAngle=-0.025_hiDiv_5.0515.eicrecon.edm4eic.root,1438.0
root://dtn-eic.jlab.org//volatile/eic/EPIC/RECO/25.08.0/epic_craterlake/DIS/NC/5x41/minQ2=100/pythia8NCDIS_5x41_minQ2=100_beamEffects_xAngle=-0.025_hiDiv_5.0516.eicrecon.edm4eic.root,1438.0
root://dtn-eic.jlab.org//volatile/eic/EPIC/RECO/25.08.0/epic_craterlake/DIS/NC/5x41/minQ2=100/pythia8NCDIS_5x41_minQ2=100_beamEffects_xAngle=-0.025_hiDiv_5.0517.eicrecon.edm4eic.root,1438.0
root://dtn-eic.jlab.org//volatile/eic/EPIC/RECO/25.08.0/epic_craterlake/DIS/NC/5x41/minQ2=100/pythia8NCDIS_5x41_minQ2=100_beamEffects_xAngle=-0.025_hiDiv_5.0518.eicrecon.edm4eic.root,1438.0
root://dtn-eic.jlab.org//volatile/eic/EPIC/RECO/25.08.0/epic_craterlake/DIS/NC/5x41/minQ2=100/pythia8NCDIS_5x41_minQ2=100_beamEffects_xAngle=-0.025_hiDiv_5.0519.eicrecon.edm4eic.root,1438.0
root://dtn-eic.jlab.org//volatile/eic/EPIC/RECO/25.08.0/epic_craterlake/DIS/NC/5x41/minQ2=100/pythia8NCDIS_5x41_minQ2=100_beamEffects_xAngle=-0.025_hiDiv_5.0520.eicrecon.edm4eic.root,1438.0
root://dtn-eic.jlab.org//volatile/eic/EPIC/RECO/25.08.0/epic_craterlake/DIS/NC/5x41/minQ2=100/pythia8NCDIS_5x41_minQ2=100_beamEffects_xAngle=-0.025_hiDiv_5.0521.eicrecon.edm4eic.root,1438.0
root://dtn-eic.jlab.org//volatile/eic/EPIC/RECO/25.08.0/epic_craterlake/DIS/NC/5x41/minQ2=100/pythia8NCDIS_5x41_minQ2=100_beamEffects_xAngle=-0.025_hiDiv_5.0522.eicrecon.edm4eic.root,1438.0
root://dtn-eic.jlab.org//volatile/eic/EPIC/RECO/25.08.0/epic_craterlake/DIS/NC/5x41/minQ2=100/pythia8NCDIS_5x41_minQ2=100_beamEffects_xAngle=-0.025_hiDiv_5.0523.eicrecon.edm4eic.root,1438.0
root://dtn-eic.jlab.org//volatile/eic/EPIC/RECO/25.08.0/epic_craterlake/DIS/NC/5x41/minQ2=100/pythia8NCDIS_5x41_minQ2=100_beamEffects_xAngle=-0.025_hiDiv_5.0524.eicrecon.edm4eic.root,1438.0
root://dtn-eic.jlab.org//volatile/eic/EPIC/RECO/25.08.0/epic_craterlake/DIS/NC/5x41/minQ2=100/pythia8NCDIS_5x41_minQ2=100_beamEffects_xAngle=-0.025_hiDiv_5.0525.eicrecon.edm4eic.root,1438.0
root://dtn-eic.jlab.org//volatile/eic/EPIC/RECO/25.08.0/epic_craterlake/DIS/NC/5x41/minQ2=100/pythia8NCDIS_5x41_minQ2=100_beamEffects_xAngle=-0.025_hiDiv_5.0526.eicrecon.edm4eic.root,1438.0
root://dtn-eic.jlab.org//volatile/eic/EPIC/RECO/25.08.0/epic_craterlake/DIS/NC/5x41/minQ2=100/pythia8NCDIS_5x41_minQ2=100_beamEffects_xAngle=-0.025_hiDiv_5.0527.eicrecon.edm4eic.root,1438.0
root://dtn-eic.jlab.org//volatile/eic/EPIC/RECO/25.08.0/epic_craterlake/DIS/NC/5x41/minQ2=100/pythia8NCDIS_5x41_minQ2=100_beamEffects_xAngle=-0.025_hiDiv_5.0528.eicrecon.edm4eic.root,1438.0
root://dtn-eic.jlab.org//volatile/eic/EPIC/RECO/25.08.0/epic_craterlake/DIS/NC/5x41/minQ2=100/pythia8NCDIS_5x41_minQ2=100_beamEffects_xAngle=-0.025_hiDiv_5.0529.eicrecon.edm4eic.root,1438.0
root://dtn-eic.jlab.org//volatile/eic/EPIC/RECO/25.08.0/epic_craterlake/DIS/NC/5x41/minQ2=100/pythia8NCDIS_5x41_minQ2=100_beamEffects_xAngle=-0.025_hiDiv_5.0530.eicrecon.edm4eic.root,1438.0
root://dtn-eic.jlab.org//volatile/eic/EPIC/RECO/25.08.0/epic_craterlake/DIS/NC/5x41/minQ2=100/pythia8NCDIS_5x41_minQ2=100_beamEffects_xAngle=-0.025_hiDiv_5.0531.eicrecon.edm4eic.root,1438.0
root://dtn-eic.jlab.org//volatile/eic/EPIC/RECO/25.08.0/epic_craterlake/DIS/NC/5x41/minQ2=100/pythia8NCDIS_5x41_minQ2=100_beamEffects_xAngle=-0.025_hiDiv_5.0532.eicrecon.edm4eic.root,1438.0
root://dtn-eic.jlab.org//volatile/eic/EPIC/RECO/25.08.0/epic_craterlake/DIS/NC/5x41/minQ2=100/pythia8NCDIS_5x41_minQ2=100_beamEffects_xAngle=-0.025_hiDiv_5.0533.eicrecon.edm4eic.root,1438.0
root://dtn-eic.jlab.org//volatile/eic/EPIC/RECO/25.08.0/epic_craterlake/DIS/NC/5x41/minQ2=100/pythia8NCDIS_5x41_minQ2=100_beamEffects_xAngle=-0.025_hiDiv_5.0534.eicrecon.edm4eic.root,1438.0
root://dtn-eic.jlab.org//volatile/eic/EPIC/RECO/25.08.0/epic_craterlake/DIS/NC/5x41/minQ2=100/pythia8NCDIS_5x41_minQ2=100_beamEffects_xAngle=-0.025_hiDiv_5.0535.eicrecon.edm4eic.root,1438.0
root://dtn-eic.jlab.org//volatile/eic/EPIC/RECO/25.08.0/epic_craterlake/DIS/NC/5x41/minQ2=100/pythia8NCDIS_5x41_minQ2=100_beamEffects_xAngle=-0.025_hiDiv_5.0536.eicrecon.edm4eic.root,1438.0
root://dtn-eic.jlab.org//volatile/eic/EPIC/RECO/25.08.0/epic_craterlake/DIS/NC/5x41/minQ2=100/pythia8NCDIS_5x41_minQ2=100_beamEffects_xAngle=-0.025_hiDiv_5.0537.eicrecon.edm4eic.root,1438.0
root://dtn-eic.jlab.org//volatile/eic/EPIC/RECO/25.08.0/epic_craterlake/DIS/NC/5x41/minQ2=100/pythia8NCDIS_5x41_minQ2=100_beamEffects_xAngle=-0.025_hiDiv_5.0538.eicrecon.edm4eic.root,1438.0
root://dtn-eic.jlab.org//volatile/eic/EPIC/RECO/25.08.0/epic_craterlake/DIS/NC/5x41/minQ2=100/pythia8NCDIS_5x41_minQ2=100_beamEffects_xAngle=-0.025_hiDiv_5.0539.eicrecon.edm4eic.root,1438.0
root://dtn-eic.jlab.org//volatile/eic/EPIC/RECO/25.08.0/epic_craterlake/DIS/NC/5x41/minQ2=100/pythia8NCDIS_5x41_minQ2=100_beamEffects_xAngle=-0.025_hiDiv_5.0540.eicrecon.edm4eic.root,1438.0
root://dtn-eic.jlab.org//volatile/eic/EPIC/RECO/25.08.0/epic_craterlake/DIS/NC/5x41/minQ2=100/pythia8NCDIS_5x41_minQ2=100_beamEffects_xAngle=-0.025_hiDiv_5.0541.eicrecon.edm4eic.root,1438.0
root://dtn-eic.jlab.org//volatile/eic/EPIC/RECO/25.08.0/epic_craterlake/DIS/NC/5x41/minQ2=100/pythia8NCDIS_5x41_minQ2=100_beamEffects_xAngle=-0.025_hiDiv_5.0542.eicrecon.edm4eic.root,1438.0
root://dtn-eic.jlab.org//volatile/eic/EPIC/RECO/25.08.0/epic_craterlake/DIS/NC/5x41/minQ2=100/pythia8NCDIS_5x41_minQ2=100_beamEffects_xAngle=-0.025_hiDiv_5.0543.eicrecon.edm4eic.root,1438.0
root://dtn-eic.jlab.org//volatile/eic/EPIC/RECO/25.08.0/epic_craterlake/DIS/NC/5x41/minQ2=100/pythia8NCDIS_5x41_minQ2=100_beamEffects_xAngle=-0.025_hiDiv_5.0544.eicrecon.edm4eic.root,1438.0
root://dtn-eic.jlab.org//volatile/eic/EPIC/RECO/25.08.0/epic_craterlake/DIS/NC/5x41/minQ2=100/pythia8NCDIS_5x41_minQ2=100_beamEffects_xAngle=-0.025_hiDiv_5.0545.eicrecon.edm4eic.root,1438.0
root://dtn-eic.jlab.org//volatile/eic/EPIC/RECO/25.08.0/epic_craterlake/DIS/NC/5x41/minQ2=100/pythia8NCDIS_5x41_minQ2=100_beamEffects_xAngle=-0.025_hiDiv_5.0546.eicrecon.edm4eic.root,1438.0
root://dtn-eic.jlab.org//volatile/eic/EPIC/RECO/25.08.0/epic_craterlake/DIS/NC/5x41/minQ2=100/pythia8NCDIS_5x41_minQ2=100_beamEffects_xAngle=-0.025_hiDiv_5.0547.eicrecon.edm4eic.root,1438.0
root://dtn-eic.jlab.org//volatile/eic/EPIC/RECO/25.08.0/epic_craterlake/DIS/NC/5x41/minQ2=100/pythia8NCDIS_5x41_minQ2=100_beamEffects_xAngle=-0.025_hiDiv_5.0548.eicrecon.edm4eic.root,1438.0
root://dtn-eic.jlab.org//volatile/eic/EPIC/RECO/25.08.0/epic_craterlake/DIS/NC/5x41/minQ2=100/pythia8NCDIS_5x41_minQ2=100_beamEffects_xAngle=-0.025_hiDiv_5.0549.eicrecon.edm4eic.root,1438.0
root://dtn-eic.jlab.org//volatile/eic/EPIC/RECO/25.08.0/epic_craterlake/DIS/NC/5x41/minQ2=100/pythia8NCDIS_5x41_minQ2=100_beamEffects_xAngle=-0.025_hiDiv_5.0550.eicrecon.edm4eic.root,1438.0
root://dtn-eic.jlab.org//volatile/eic/EPIC/RECO/25.08.0/epic_craterlake/DIS/NC/5x41/minQ2=100/pythia8NCDIS_5x41_minQ2=100_beamEffects_xAngle=-0.025_hiDiv_5.0551.eicrecon.edm4eic.root,1438.0
root://dtn-eic.jlab.org//volatile/eic/EPIC/RECO/25.08.0/epic_craterlake/DIS/NC/5x41/minQ2=100/pythia8NCDIS_5x41_minQ2=100_beamEffects_xAngle=-0.025_hiDiv_5.0552.eicrecon.edm4eic.root,1438.0
root://dtn-eic.jlab.org//volatile/eic/EPIC/RECO/25.08.0/epic_craterlake/DIS/NC/5x41/minQ2=100/pythia8NCDIS_5x41_minQ2=100_beamEffects_xAngle=-0.025_hiDiv_5.0553.eicrecon.edm4eic.root,1438.0
root://dtn-eic.jlab.org//volatile/eic/EPIC/RECO/25.08.0/epic_craterlake/DIS/NC/5x41/minQ2=100/pythia8NCDIS_5x41_minQ2=100_beamEffects_xAngle=-0.025_hiDiv_5.0554.eicrecon.edm4eic.root,1438.0
root://dtn-eic.jlab.org//volatile/eic/EPIC/RECO/25.08.0/epic_craterlake/DIS/NC/5x41/minQ2=100/pythia8NCDIS_5x41_minQ2=100_beamEffects_xAngle=-0.025_hiDiv_5.0555.eicrecon.edm4eic.root,1438.0
root://dtn-eic.jlab.org//volatile/eic/EPIC/RECO/25.08.0/epic_craterlake/DIS/NC/5x41/minQ2=100/pythia8NCDIS_5x41_minQ2=100_beamEffects_xAngle=-0.025_hiDiv_5.0556.eicrecon.edm4eic.root,1438.0
root://dtn-eic.jlab.org//volatile/eic/EPIC/RECO/25.08.0/epic_craterlake/DIS/NC/5x41/minQ2=100/pythia8NCDIS_5x41_minQ2=100_beamEffects_xAngle=-0.025_hiDiv_5.0557.eicrecon.edm4eic.root,1438.0
root://dtn-eic.jlab.org//volatile/eic/EPIC/RECO/25.08.0/epic_craterlake/DIS/NC/5x41/minQ2=100/pythia8NCDIS_5x41_minQ2=100_beamEffects_xAngle=-0.025_hiDiv_5.0558.eicrecon.edm4eic.root,1438.0
root://dtn-eic.jlab.org//volatile/eic/EPIC/RECO/25.08.0/epic_craterlake/DIS/NC/5x41/minQ2=100/pythia8NCDIS_5x41_minQ2=100_beamEffects_xAngle=-0.025_hiDiv_5.0560.eicrecon.edm4eic.root,1438.0
root://dtn-eic.jlab.org//volatile/eic/EPIC/RECO/25.08.0/epic_craterlake/DIS/NC/5x41/minQ2=100/pythia8NCDIS_5x41_minQ2=100_beamEffects_xAngle=-0.025_hiDiv_5.0561.eicrecon.edm4eic.root,1438.0
root://dtn-eic.jlab.org//volatile/eic/EPIC/RECO/25.08.0/epic_craterlake/DIS/NC/5x41/minQ2=100/pythia8NCDIS_5x41_minQ2=100_beamEffects_xAngle=-0.025_hiDiv_5.0562.eicrecon.edm4eic.root,1438.0
root://dtn-eic.jlab.org//volatile/eic/EPIC/RECO/25.08.0/epic_craterlake/DIS/NC/5x41/minQ2=100/pythia8NCDIS_5x41_minQ2=100_beamEffects_xAngle=-0.025_hiDiv_5.0563.eicrecon.edm4eic.root,1438.0
root://dtn-eic.jlab.org//volatile/eic/EPIC/RECO/25.08.0/epic_craterlake/DIS/NC/5x41/minQ2=100/pythia8NCDIS_5x41_minQ2=100_beamEffects_xAngle=-0.025_hiDiv_5.0564.eicrecon.edm4eic.root,1438.0
root://dtn-eic.jlab.org//volatile/eic/EPIC/RECO/25.08.0/epic_craterlake/DIS/NC/5x41/minQ2=100/pythia8NCDIS_5x41_minQ2=100_beamEffects_xAngle=-0.025_hiDiv_5.0565.eicrecon.edm4eic.root,1438.0
root://dtn-eic.jlab.org//volatile/eic/EPIC/RECO/25.08.0/epic_craterlake/DIS/NC/5x41/minQ2=100/pythia8NCDIS_5x41_minQ2=100_beamEffects_xAngle=-0.025_hiDiv_5.0566.eicrecon.edm4eic.root,1438.0
root://dtn-eic.jlab.org//volatile/eic/EPIC/RECO/25.08.0/epic_craterlake/DIS/NC/5x41/minQ2=100/pythia8NCDIS_5x41_minQ2=100_beamEffects_xAngle=-0.025_hiDiv_5.0567.eicrecon.edm4eic.root,1438.0
root://dtn-eic.jlab.org//volatile/eic/EPIC/RECO/25.08.0/epic_craterlake/DIS/NC/5x41/minQ2=100/pythia8NCDIS_5x41_minQ2=100_beamEffects_xAngle=-0.025_hiDiv_5.0568.eicrecon.edm4eic.root,1438.0
root://dtn-eic.jlab.org//volatile/eic/EPIC/RECO/25.08.0/epic_craterlake/DIS/NC/5x41/minQ2=100/pythia8NCDIS_5x41_minQ2=100_beamEffects_xAngle=-0.025_hiDiv_5.0569.eicrecon.edm4eic.root,1438.0
root://dtn-eic.jlab.org//volatile/eic/EPIC/RECO/25.08.0/epic_craterlake/DIS/NC/5x41/minQ2=100/pythia8NCDIS_5x41_minQ2=100_beamEffects_xAngle=-0.025_hiDiv_5.0570.eicrecon.edm4eic.root,1438.0
root://dtn-eic.jlab.org//volatile/eic/EPIC/RECO/25.08.0/epic_craterlake/DIS/NC/5x41/minQ2=100/pythia8NCDIS_5x41_minQ2=100_beamEffects_xAngle=-0.025_hiDiv_5.0571.eicrecon.edm4eic.root,1438.0
root://dtn-eic.jlab.org//volatile/eic/EPIC/RECO/25.08.0/epic_craterlake/DIS/NC/5x41/minQ2=100/pythia8NCDIS_5x41_minQ2=100_beamEffects_xAngle=-0.025_hiDiv_5.0572.eicrecon.edm4eic.root,1438.0
root://dtn-eic.jlab.org//volatile/eic/EPIC/RECO/25.08.0/epic_craterlake/DIS/NC/5x41/minQ2=100/pythia8NCDIS_5x41_minQ2=100_beamEffects_xAngle=-0.025_hiDiv_5.0573.eicrecon.edm4eic.root,1438.0
root://dtn-eic.jlab.org//volatile/eic/EPIC/RECO/25.08.0/epic_craterlake/DIS/NC/5x41/minQ2=100/pythia8NCDIS_5x41_minQ2=100_beamEffects_xAngle=-0.025_hiDiv_5.0574.eicrecon.edm4eic.root,1438.0
root://dtn-eic.jlab.org//volatile/eic/EPIC/RECO/25.08.0/epic_craterlake/DIS/NC/5x41/minQ2=100/pythia8NCDIS_5x41_minQ2=100_beamEffects_xAngle=-0.025_hiDiv_5.0575.eicrecon.edm4eic.root,1438.0
root://dtn-eic.jlab.org//volatile/eic/EPIC/RECO/25.08.0/epic_craterlake/DIS/NC/5x41/minQ2=100/pythia8NCDIS_5x41_minQ2=100_beamEffects_xAngle=-0.025_hiDiv_5.0576.eicrecon.edm4eic.root,1438.0
root://dtn-eic.jlab.org//volatile/eic/EPIC/RECO/25.08.0/epic_craterlake/DIS/NC/5x41/minQ2=100/pythia8NCDIS_5x41_minQ2=100_beamEffects_xAngle=-0.025_hiDiv_5.0577.eicrecon.edm4eic.root,1438.0
root://dtn-eic.jlab.org//volatile/eic/EPIC/RECO/25.08.0/epic_craterlake/DIS/NC/5x41/minQ2=100/pythia8NCDIS_5x41_minQ2=100_beamEffects_xAngle=-0.025_hiDiv_5.0578.eicrecon.edm4eic.root,1438.0
root://dtn-eic.jlab.org//volatile/eic/EPIC/RECO/25.08.0/epic_craterlake/DIS/NC/5x41/minQ2=100/pythia8NCDIS_5x41_minQ2=100_beamEffects_xAngle=-0.025_hiDiv_5.0579.eicrecon.edm4eic.root,1438.0
root://dtn-eic.jlab.org//volatile/eic/EPIC/RECO/25.08.0/epic_craterlake/DIS/NC/5x41/minQ2=100/pythia8NCDIS_5x41_minQ2=100_beamEffects_xAngle=-0.025_hiDiv_5.0580.eicrecon.edm4eic.root,1438.0
root://dtn-eic.jlab.org//volatile/eic/EPIC/RECO/25.08.0/epic_craterlake/DIS/NC/5x41/minQ2=100/pythia8NCDIS_5x41_minQ2=100_beamEffects_xAngle=-0.025_hiDiv_5.0581.eicrecon.edm4eic.root,1438.0
root://dtn-eic.jlab.org//volatile/eic/EPIC/RECO/25.08.0/epic_craterlake/DIS/NC/5x41/minQ2=100/pythia8NCDIS_5x41_minQ2=100_beamEffects_xAngle=-0.025_hiDiv_5.0582.eicrecon.edm4eic.root,1438.0
root://dtn-eic.jlab.org//volatile/eic/EPIC/RECO/25.08.0/epic_craterlake/DIS/NC/5x41/minQ2=100/pythia8NCDIS_5x41_minQ2=100_beamEffects_xAngle=-0.025_hiDiv_5.0583.eicrecon.edm4eic.root,1438.0
root://dtn-eic.jlab.org//volatile/eic/EPIC/RECO/25.08.0/epic_craterlake/DIS/NC/5x41/minQ2=100/pythia8NCDIS_5x41_minQ2=100_beamEffects_xAngle=-0.025_hiDiv_5.0584.eicrecon.edm4eic.root,1438.0
root://dtn-eic.jlab.org//volatile/eic/EPIC/RECO/25.08.0/epic_craterlake/DIS/NC/5x41/minQ2=100/pythia8NCDIS_5x41_minQ2=100_beamEffects_xAngle=-0.025_hiDiv_5.0585.eicrecon.edm4eic.root,1438.0
root://dtn-eic.jlab.org//volatile/eic/EPIC/RECO/25.08.0/epic_craterlake/DIS/NC/5x41/minQ2=100/pythia8NCDIS_5x41_minQ2=100_beamEffects_xAngle=-0.025_hiDiv_5.0586.eicrecon.edm4eic.root,1438.0
root://dtn-eic.jlab.org//volatile/eic/EPIC/RECO/25.08.0/epic_craterlake/DIS/NC/5x41/minQ2=100/pythia8NCDIS_5x41_minQ2=100_beamEffects_xAngle=-0.025_hiDiv_5.0587.eicrecon.edm4eic.root,1438.0
root://dtn-eic.jlab.org//volatile/eic/EPIC/RECO/25.08.0/epic_craterlake/DIS/NC/5x41/minQ2=100/pythia8NCDIS_5x41_minQ2=100_beamEffects_xAngle=-0.025_hiDiv_5.0588.eicrecon.edm4eic.root,1438.0
root://dtn-eic.jlab.org//volatile/eic/EPIC/RECO/25.08.0/epic_craterlake/DIS/NC/5x41/minQ2=100/pythia8NCDIS_5x41_minQ2=100_beamEffects_xAngle=-0.025_hiDiv_5.0589.eicrecon.edm4eic.root,1438.0
root://dtn-eic.jlab.org//volatile/eic/EPIC/RECO/25.08.0/epic_craterlake/DIS/NC/5x41/minQ2=100/pythia8NCDIS_5x41_minQ2=100_beamEffects_xAngle=-0.025_hiDiv_5.0590.eicrecon.edm4eic.root,1438.0
root://dtn-eic.jlab.org//volatile/eic/EPIC/RECO/25.08.0/epic_craterlake/DIS/NC/5x41/minQ2=100/pythia8NCDIS_5x41_minQ2=100_beamEffects_xAngle=-0.025_hiDiv_5.0591.eicrecon.edm4eic.root,1438.0
root://dtn-eic.jlab.org//volatile/eic/EPIC/RECO/25.08.0/epic_craterlake/DIS/NC/5x41/minQ2=100/pythia8NCDIS_5x41_minQ2=100_beamEffects_xAngle=-0.025_hiDiv_5.0592.eicrecon.edm4eic.root,1438.0
root://dtn-eic.jlab.org//volatile/eic/EPIC/RECO/25.08.0/epic_craterlake/DIS/NC/5x41/minQ2=100/pythia8NCDIS_5x41_minQ2=100_beamEffects_xAngle=-0.025_hiDiv_5.0593.eicrecon.edm4eic.root,1438.0
root://dtn-eic.jlab.org//volatile/eic/EPIC/RECO/25.08.0/epic_craterlake/DIS/NC/5x41/minQ2=100/pythia8NCDIS_5x41_minQ2=100_beamEffects_xAngle=-0.025_hiDiv_5.0594.eicrecon.edm4eic.root,1438.0
root://dtn-eic.jlab.org//volatile/eic/EPIC/RECO/25.08.0/epic_craterlake/DIS/NC/5x41/minQ2=100/pythia8NCDIS_5x41_minQ2=100_beamEffects_xAngle=-0.025_hiDiv_5.0595.eicrecon.edm4eic.root,1438.0
root://dtn-eic.jlab.org//volatile/eic/EPIC/RECO/25.08.0/epic_craterlake/DIS/NC/5x41/minQ2=100/pythia8NCDIS_5x41_minQ2=100_beamEffects_xAngle=-0.025_hiDiv_5.0596.eicrecon.edm4eic.root,1438.0
root://dtn-eic.jlab.org//volatile/eic/EPIC/RECO/25.08.0/epic_craterlake/DIS/NC/5x41/minQ2=100/pythia8NCDIS_5x41_minQ2=100_beamEffects_xAngle=-0.025_hiDiv_5.0597.eicrecon.edm4eic.root,1438.0
root://dtn-eic.jlab.org//volatile/eic/EPIC/RECO/25.08.0/epic_craterlake/DIS/NC/5x41/minQ2=100/pythia8NCDIS_5x41_minQ2=100_beamEffects_xAngle=-0.025_hiDiv_5.0598.eicrecon.edm4eic.root,1438.0
root://dtn-eic.jlab.org//volatile/eic/EPIC/RECO/25.08.0/epic_craterlake/DIS/NC/5x41/minQ2=100/pythia8NCDIS_5x41_minQ2=100_beamEffects_xAngle=-0.025_hiDiv_5.0599.eicrecon.edm4eic.root,1438.0
root://dtn-eic.jlab.org//volatile/eic/EPIC/RECO/25.08.0/epic_craterlake/DIS/NC/5x41/minQ2=100/pythia8NCDIS_5x41_minQ2=100_beamEffects_xAngle=-0.025_hiDiv_5.0600.eicrecon.edm4eic.root,1438.0
root://dtn-eic.jlab.org//volatile/eic/EPIC/RECO/25.08.0/epic_craterlake/DIS/NC/5x41/minQ2=100/pythia8NCDIS_5x41_minQ2=100_beamEffects_xAngle=-0.025_hiDiv_5.0601.eicrecon.edm4eic.root,1438.0
root://dtn-eic.jlab.org//volatile/eic/EPIC/RECO/25.08.0/epic_craterlake/DIS/NC/5x41/minQ2=100/pythia8NCDIS_5x41_minQ2=100_beamEffects_xAngle=-0.025_hiDiv_5.0602.eicrecon.edm4eic.root,1438.0
root://dtn-eic.jlab.org//volatile/eic/EPIC/RECO/25.08.0/epic_craterlake/DIS/NC/5x41/minQ2=100/pythia8NCDIS_5x41_minQ2=100_beamEffects_xAngle=-0.025_hiDiv_5.0603.eicrecon.edm4eic.root,1438.0
root://dtn-eic.jlab.org//volatile/eic/EPIC/RECO/25.08.0/epic_craterlake/DIS/NC/5x41/minQ2=100/pythia8NCDIS_5x41_minQ2=100_beamEffects_xAngle=-0.025_hiDiv_5.0604.eicrecon.edm4eic.root,1438.0
root://dtn-eic.jlab.org//volatile/eic/EPIC/RECO/25.08.0/epic_craterlake/DIS/NC/5x41/minQ2=100/pythia8NCDIS_5x41_minQ2=100_beamEffects_xAngle=-0.025_hiDiv_5.0605.eicrecon.edm4eic.root,1438.0
root://dtn-eic.jlab.org//volatile/eic/EPIC/RECO/25.08.0/epic_craterlake/DIS/NC/5x41/minQ2=100/pythia8NCDIS_5x41_minQ2=100_beamEffects_xAngle=-0.025_hiDiv_5.0606.eicrecon.edm4eic.root,1438.0
root://dtn-eic.jlab.org//volatile/eic/EPIC/RECO/25.08.0/epic_craterlake/DIS/NC/5x41/minQ2=100/pythia8NCDIS_5x41_minQ2=100_beamEffects_xAngle=-0.025_hiDiv_5.0607.eicrecon.edm4eic.root,1438.0
root://dtn-eic.jlab.org//volatile/eic/EPIC/RECO/25.08.0/epic_craterlake/DIS/NC/5x41/minQ2=100/pythia8NCDIS_5x41_minQ2=100_beamEffects_xAngle=-0.025_hiDiv_5.0608.eicrecon.edm4eic.root,1438.0
root://dtn-eic.jlab.org//volatile/eic/EPIC/RECO/25.08.0/epic_craterlake/DIS/NC/5x41/minQ2=100/pythia8NCDIS_5x41_minQ2=100_beamEffects_xAngle=-0.025_hiDiv_5.0609.eicrecon.edm4eic.root,1438.0
root://dtn-eic.jlab.org//volatile/eic/EPIC/RECO/25.08.0/epic_craterlake/DIS/NC/5x41/minQ2=100/pythia8NCDIS_5x41_minQ2=100_beamEffects_xAngle=-0.025_hiDiv_5.0610.eicrecon.edm4eic.root,1438.0
root://dtn-eic.jlab.org//volatile/eic/EPIC/RECO/25.08.0/epic_craterlake/DIS/NC/5x41/minQ2=100/pythia8NCDIS_5x41_minQ2=100_beamEffects_xAngle=-0.025_hiDiv_5.0611.eicrecon.edm4eic.root,1438.0
root://dtn-eic.jlab.org//volatile/eic/EPIC/RECO/25.08.0/epic_craterlake/DIS/NC/5x41/minQ2=100/pythia8NCDIS_5x41_minQ2=100_beamEffects_xAngle=-0.025_hiDiv_5.0612.eicrecon.edm4eic.root,1438.0
root://dtn-eic.jlab.org//volatile/eic/EPIC/RECO/25.08.0/epic_craterlake/DIS/NC/5x41/minQ2=100/pythia8NCDIS_5x41_minQ2=100_beamEffects_xAngle=-0.025_hiDiv_5.0613.eicrecon.edm4eic.root,1438.0
root://dtn-eic.jlab.org//volatile/eic/EPIC/RECO/25.08.0/epic_craterlake/DIS/NC/5x41/minQ2=100/pythia8NCDIS_5x41_minQ2=100_beamEffects_xAngle=-0.025_hiDiv_5.0614.eicrecon.edm4eic.root,1438.0
root://dtn-eic.jlab.org//volatile/eic/EPIC/RECO/25.08.0/epic_craterlake/DIS/NC/5x41/minQ2=100/pythia8NCDIS_5x41_minQ2=100_beamEffects_xAngle=-0.025_hiDiv_5.0615.eicrecon.edm4eic.root,1438.0
root://dtn-eic.jlab.org//volatile/eic/EPIC/RECO/25.08.0/epic_craterlake/DIS/NC/5x41/minQ2=100/pythia8NCDIS_5x41_minQ2=100_beamEffects_xAngle=-0.025_hiDiv_5.0616.eicrecon.edm4eic.root,1438.0
root://dtn-eic.jlab.org//volatile/eic/EPIC/RECO/25.08.0/epic_craterlake/DIS/NC/5x41/minQ2=100/pythia8NCDIS_5x41_minQ2=100_beamEffects_xAngle=-0.025_hiDiv_5.0617.eicrecon.edm4eic.root,1438.0
root://dtn-eic.jlab.org//volatile/eic/EPIC/RECO/25.08.0/epic_craterlake/DIS/NC/5x41/minQ2=100/pythia8NCDIS_5x41_minQ2=100_beamEffects_xAngle=-0.025_hiDiv_5.0618.eicrecon.edm4eic.root,1438.0
root://dtn-eic.jlab.org//volatile/eic/EPIC/RECO/25.08.0/epic_craterlake/DIS/NC/5x41/minQ2=100/pythia8NCDIS_5x41_minQ2=100_beamEffects_xAngle=-0.025_hiDiv_5.0619.eicrecon.edm4eic.root,1438.0
root://dtn-eic.jlab.org//volatile/eic/EPIC/RECO/25.08.0/epic_craterlake/DIS/NC/5x41/minQ2=100/pythia8NCDIS_5x41_minQ2=100_beamEffects_xAngle=-0.025_hiDiv_5.0620.eicrecon.edm4eic.root,1438.0
root://dtn-eic.jlab.org//volatile/eic/EPIC/RECO/25.08.0/epic_craterlake/DIS/NC/5x41/minQ2=100/pythia8NCDIS_5x41_minQ2=100_beamEffects_xAngle=-0.025_hiDiv_5.0621.eicrecon.edm4eic.root,1438.0
root://dtn-eic.jlab.org//volatile/eic/EPIC/RECO/25.08.0/epic_craterlake/DIS/NC/5x41/minQ2=100/pythia8NCDIS_5x41_minQ2=100_beamEffects_xAngle=-0.025_hiDiv_5.0622.eicrecon.edm4eic.root,1438.0
root://dtn-eic.jlab.org//volatile/eic/EPIC/RECO/25.08.0/epic_craterlake/DIS/NC/5x41/minQ2=100/pythia8NCDIS_5x41_minQ2=100_beamEffects_xAngle=-0.025_hiDiv_5.0623.eicrecon.edm4eic.root,1438.0
root://dtn-eic.jlab.org//volatile/eic/EPIC/RECO/25.08.0/epic_craterlake/DIS/NC/5x41/minQ2=100/pythia8NCDIS_5x41_minQ2=100_beamEffects_xAngle=-0.025_hiDiv_5.0624.eicrecon.edm4eic.root,1438.0
root://dtn-eic.jlab.org//volatile/eic/EPIC/RECO/25.08.0/epic_craterlake/DIS/NC/5x41/minQ2=100/pythia8NCDIS_5x41_minQ2=100_beamEffects_xAngle=-0.025_hiDiv_5.0625.eicrecon.edm4eic.root,1438.0
root://dtn-eic.jlab.org//volatile/eic/EPIC/RECO/25.08.0/epic_craterlake/DIS/NC/5x41/minQ2=100/pythia8NCDIS_5x41_minQ2=100_beamEffects_xAngle=-0.025_hiDiv_5.0626.eicrecon.edm4eic.root,1438.0
root://dtn-eic.jlab.org//volatile/eic/EPIC/RECO/25.08.0/epic_craterlake/DIS/NC/5x41/minQ2=100/pythia8NCDIS_5x41_minQ2=100_beamEffects_xAngle=-0.025_hiDiv_5.0627.eicrecon.edm4eic.root,1438.0
root://dtn-eic.jlab.org//volatile/eic/EPIC/RECO/25.08.0/epic_craterlake/DIS/NC/5x41/minQ2=100/pythia8NCDIS_5x41_minQ2=100_beamEffects_xAngle=-0.025_hiDiv_5.0628.eicrecon.edm4eic.root,1438.0
root://dtn-eic.jlab.org//volatile/eic/EPIC/RECO/25.08.0/epic_craterlake/DIS/NC/5x41/minQ2=100/pythia8NCDIS_5x41_minQ2=100_beamEffects_xAngle=-0.025_hiDiv_5.0629.eicrecon.edm4eic.root,1438.0
root://dtn-eic.jlab.org//volatile/eic/EPIC/RECO/25.08.0/epic_craterlake/DIS/NC/5x41/minQ2=100/pythia8NCDIS_5x41_minQ2=100_beamEffects_xAngle=-0.025_hiDiv_5.0630.eicrecon.edm4eic.root,1438.0
root://dtn-eic.jlab.org//volatile/eic/EPIC/RECO/25.08.0/epic_craterlake/DIS/NC/5x41/minQ2=100/pythia8NCDIS_5x41_minQ2=100_beamEffects_xAngle=-0.025_hiDiv_5.0631.eicrecon.edm4eic.root,1438.0
root://dtn-eic.jlab.org//volatile/eic/EPIC/RECO/25.08.0/epic_craterlake/DIS/NC/5x41/minQ2=100/pythia8NCDIS_5x41_minQ2=100_beamEffects_xAngle=-0.025_hiDiv_5.0632.eicrecon.edm4eic.root,1438.0
root://dtn-eic.jlab.org//volatile/eic/EPIC/RECO/25.08.0/epic_craterlake/DIS/NC/5x41/minQ2=100/pythia8NCDIS_5x41_minQ2=100_beamEffects_xAngle=-0.025_hiDiv_5.0633.eicrecon.edm4eic.root,1438.0
root://dtn-eic.jlab.org//volatile/eic/EPIC/RECO/25.08.0/epic_craterlake/DIS/NC/5x41/minQ2=100/pythia8NCDIS_5x41_minQ2=100_beamEffects_xAngle=-0.025_hiDiv_5.0634.eicrecon.edm4eic.root,1438.0
root://dtn-eic.jlab.org//volatile/eic/EPIC/RECO/25.08.0/epic_craterlake/DIS/NC/5x41/minQ2=100/pythia8NCDIS_5x41_minQ2=100_beamEffects_xAngle=-0.025_hiDiv_5.0635.eicrecon.edm4eic.root,1438.0
root://dtn-eic.jlab.org//volatile/eic/EPIC/RECO/25.08.0/epic_craterlake/DIS/NC/5x41/minQ2=100/pythia8NCDIS_5x41_minQ2=100_beamEffects_xAngle=-0.025_hiDiv_5.0636.eicrecon.edm4eic.root,1438.0
root://dtn-eic.jlab.org//volatile/eic/EPIC/RECO/25.08.0/epic_craterlake/DIS/NC/5x41/minQ2=100/pythia8NCDIS_5x41_minQ2=100_beamEffects_xAngle=-0.025_hiDiv_5.0637.eicrecon.edm4eic.root,1438.0
root://dtn-eic.jlab.org//volatile/eic/EPIC/RECO/25.08.0/epic_craterlake/DIS/NC/5x41/minQ2=100/pythia8NCDIS_5x41_minQ2=100_beamEffects_xAngle=-0.025_hiDiv_5.0638.eicrecon.edm4eic.root,1438.0
root://dtn-eic.jlab.org//volatile/eic/EPIC/RECO/25.08.0/epic_craterlake/DIS/NC/5x41/minQ2=100/pythia8NCDIS_5x41_minQ2=100_beamEffects_xAngle=-0.025_hiDiv_5.0639.eicrecon.edm4eic.root,1438.0
root://dtn-eic.jlab.org//volatile/eic/EPIC/RECO/25.08.0/epic_craterlake/DIS/NC/5x41/minQ2=100/pythia8NCDIS_5x41_minQ2=100_beamEffects_xAngle=-0.025_hiDiv_5.0640.eicrecon.edm4eic.root,1438.0
root://dtn-eic.jlab.org//volatile/eic/EPIC/RECO/25.08.0/epic_craterlake/DIS/NC/5x41/minQ2=100/pythia8NCDIS_5x41_minQ2=100_beamEffects_xAngle=-0.025_hiDiv_5.0641.eicrecon.edm4eic.root,1438.0
root://dtn-eic.jlab.org//volatile/eic/EPIC/RECO/25.08.0/epic_craterlake/DIS/NC/5x41/minQ2=100/pythia8NCDIS_5x41_minQ2=100_beamEffects_xAngle=-0.025_hiDiv_5.0642.eicrecon.edm4eic.root,1438.0
root://dtn-eic.jlab.org//volatile/eic/EPIC/RECO/25.08.0/epic_craterlake/DIS/NC/5x41/minQ2=100/pythia8NCDIS_5x41_minQ2=100_beamEffects_xAngle=-0.025_hiDiv_5.0643.eicrecon.edm4eic.root,1438.0
root://dtn-eic.jlab.org//volatile/eic/EPIC/RECO/25.08.0/epic_craterlake/DIS/NC/5x41/minQ2=100/pythia8NCDIS_5x41_minQ2=100_beamEffects_xAngle=-0.025_hiDiv_5.0644.eicrecon.edm4eic.root,1438.0
root://dtn-eic.jlab.org//volatile/eic/EPIC/RECO/25.08.0/epic_craterlake/DIS/NC/5x41/minQ2=100/pythia8NCDIS_5x41_minQ2=100_beamEffects_xAngle=-0.025_hiDiv_5.0645.eicrecon.edm4eic.root,1438.0
root://dtn-eic.jlab.org//volatile/eic/EPIC/RECO/25.08.0/epic_craterlake/DIS/NC/5x41/minQ2=100/pythia8NCDIS_5x41_minQ2=100_beamEffects_xAngle=-0.025_hiDiv_5.0646.eicrecon.edm4eic.root,1438.0
root://dtn-eic.jlab.org//volatile/eic/EPIC/RECO/25.08.0/epic_craterlake/DIS/NC/5x41/minQ2=100/pythia8NCDIS_5x41_minQ2=100_beamEffects_xAngle=-0.025_hiDiv_5.0647.eicrecon.edm4eic.root,1438.0
root://dtn-eic.jlab.org//volatile/eic/EPIC/RECO/25.08.0/epic_craterlake/DIS/NC/5x41/minQ2=100/pythia8NCDIS_5x41_minQ2=100_beamEffects_xAngle=-0.025_hiDiv_5.0648.eicrecon.edm4eic.root,1438.0
root://dtn-eic.jlab.org//volatile/eic/EPIC/RECO/25.08.0/epic_craterlake/DIS/NC/5x41/minQ2=100/pythia8NCDIS_5x41_minQ2=100_beamEffects_xAngle=-0.025_hiDiv_5.0649.eicrecon.edm4eic.root,1438.0
root://dtn-eic.jlab.org//volatile/eic/EPIC/RECO/25.08.0/epic_craterlake/DIS/NC/5x41/minQ2=100/pythia8NCDIS_5x41_minQ2=100_beamEffects_xAngle=-0.025_hiDiv_5.0650.eicrecon.edm4eic.root,1438.0
root://dtn-eic.jlab.org//volatile/eic/EPIC/RECO/25.08.0/epic_craterlake/DIS/NC/5x41/minQ2=100/pythia8NCDIS_5x41_minQ2=100_beamEffects_xAngle=-0.025_hiDiv_5.0651.eicrecon.edm4eic.root,1438.0
root://dtn-eic.jlab.org//volatile/eic/EPIC/RECO/25.08.0/epic_craterlake/DIS/NC/5x41/minQ2=100/pythia8NCDIS_5x41_minQ2=100_beamEffects_xAngle=-0.025_hiDiv_5.0652.eicrecon.edm4eic.root,1438.0
root://dtn-eic.jlab.org//volatile/eic/EPIC/RECO/25.08.0/epic_craterlake/DIS/NC/5x41/minQ2=100/pythia8NCDIS_5x41_minQ2=100_beamEffects_xAngle=-0.025_hiDiv_5.0653.eicrecon.edm4eic.root,1438.0
root://dtn-eic.jlab.org//volatile/eic/EPIC/RECO/25.08.0/epic_craterlake/DIS/NC/5x41/minQ2=100/pythia8NCDIS_5x41_minQ2=100_beamEffects_xAngle=-0.025_hiDiv_5.0654.eicrecon.edm4eic.root,1438.0
root://dtn-eic.jlab.org//volatile/eic/EPIC/RECO/25.08.0/epic_craterlake/DIS/NC/5x41/minQ2=100/pythia8NCDIS_5x41_minQ2=100_beamEffects_xAngle=-0.025_hiDiv_5.0655.eicrecon.edm4eic.root,1438.0
root://dtn-eic.jlab.org//volatile/eic/EPIC/RECO/25.08.0/epic_craterlake/DIS/NC/5x41/minQ2=100/pythia8NCDIS_5x41_minQ2=100_beamEffects_xAngle=-0.025_hiDiv_5.0656.eicrecon.edm4eic.root,1438.0
root://dtn-eic.jlab.org//volatile/eic/EPIC/RECO/25.08.0/epic_craterlake/DIS/NC/5x41/minQ2=100/pythia8NCDIS_5x41_minQ2=100_beamEffects_xAngle=-0.025_hiDiv_5.0657.eicrecon.edm4eic.root,1438.0
root://dtn-eic.jlab.org//volatile/eic/EPIC/RECO/25.08.0/epic_craterlake/DIS/NC/5x41/minQ2=100/pythia8NCDIS_5x41_minQ2=100_beamEffects_xAngle=-0.025_hiDiv_5.0658.eicrecon.edm4eic.root,1438.0
root://dtn-eic.jlab.org//volatile/eic/EPIC/RECO/25.08.0/epic_craterlake/DIS/NC/5x41/minQ2=100/pythia8NCDIS_5x41_minQ2=100_beamEffects_xAngle=-0.025_hiDiv_5.0659.eicrecon.edm4eic.root,1438.0
root://dtn-eic.jlab.org//volatile/eic/EPIC/RECO/25.08.0/epic_craterlake/DIS/NC/5x41/minQ2=100/pythia8NCDIS_5x41_minQ2=100_beamEffects_xAngle=-0.025_hiDiv_5.0660.eicrecon.edm4eic.root,1438.0
root://dtn-eic.jlab.org//volatile/eic/EPIC/RECO/25.08.0/epic_craterlake/DIS/NC/5x41/minQ2=100/pythia8NCDIS_5x41_minQ2=100_beamEffects_xAngle=-0.025_hiDiv_5.0661.eicrecon.edm4eic.root,1438.0
root://dtn-eic.jlab.org//volatile/eic/EPIC/RECO/25.08.0/epic_craterlake/DIS/NC/5x41/minQ2=100/pythia8NCDIS_5x41_minQ2=100_beamEffects_xAngle=-0.025_hiDiv_5.0662.eicrecon.edm4eic.root,1438.0
root://dtn-eic.jlab.org//volatile/eic/EPIC/RECO/25.08.0/epic_craterlake/DIS/NC/5x41/minQ2=100/pythia8NCDIS_5x41_minQ2=100_beamEffects_xAngle=-0.025_hiDiv_5.0663.eicrecon.edm4eic.root,1438.0
root://dtn-eic.jlab.org//volatile/eic/EPIC/RECO/25.08.0/epic_craterlake/DIS/NC/5x41/minQ2=100/pythia8NCDIS_5x41_minQ2=100_beamEffects_xAngle=-0.025_hiDiv_5.0664.eicrecon.edm4eic.root,1438.0
root://dtn-eic.jlab.org//volatile/eic/EPIC/RECO/25.08.0/epic_craterlake/DIS/NC/5x41/minQ2=100/pythia8NCDIS_5x41_minQ2=100_beamEffects_xAngle=-0.025_hiDiv_5.0665.eicrecon.edm4eic.root,1438.0
root://dtn-eic.jlab.org//volatile/eic/EPIC/RECO/25.08.0/epic_craterlake/DIS/NC/5x41/minQ2=100/pythia8NCDIS_5x41_minQ2=100_beamEffects_xAngle=-0.025_hiDiv_5.0666.eicrecon.edm4eic.root,1438.0
root://dtn-eic.jlab.org//volatile/eic/EPIC/RECO/25.08.0/epic_craterlake/DIS/NC/5x41/minQ2=100/pythia8NCDIS_5x41_minQ2=100_beamEffects_xAngle=-0.025_hiDiv_5.0667.eicrecon.edm4eic.root,1438.0
root://dtn-eic.jlab.org//volatile/eic/EPIC/RECO/25.08.0/epic_craterlake/DIS/NC/5x41/minQ2=100/pythia8NCDIS_5x41_minQ2=100_beamEffects_xAngle=-0.025_hiDiv_5.0668.eicrecon.edm4eic.root,1438.0
root://dtn-eic.jlab.org//volatile/eic/EPIC/RECO/25.08.0/epic_craterlake/DIS/NC/5x41/minQ2=100/pythia8NCDIS_5x41_minQ2=100_beamEffects_xAngle=-0.025_hiDiv_5.0669.eicrecon.edm4eic.root,1438.0
root://dtn-eic.jlab.org//volatile/eic/EPIC/RECO/25.08.0/epic_craterlake/DIS/NC/5x41/minQ2=100/pythia8NCDIS_5x41_minQ2=100_beamEffects_xAngle=-0.025_hiDiv_5.0670.eicrecon.edm4eic.root,1438.0
root://dtn-eic.jlab.org//volatile/eic/EPIC/RECO/25.08.0/epic_craterlake/DIS/NC/5x41/minQ2=100/pythia8NCDIS_5x41_minQ2=100_beamEffects_xAngle=-0.025_hiDiv_5.0671.eicrecon.edm4eic.root,1438.0
root://dtn-eic.jlab.org//volatile/eic/EPIC/RECO/25.08.0/epic_craterlake/DIS/NC/5x41/minQ2=100/pythia8NCDIS_5x41_minQ2=100_beamEffects_xAngle=-0.025_hiDiv_5.0672.eicrecon.edm4eic.root,1438.0
root://dtn-eic.jlab.org//volatile/eic/EPIC/RECO/25.08.0/epic_craterlake/DIS/NC/5x41/minQ2=100/pythia8NCDIS_5x41_minQ2=100_beamEffects_xAngle=-0.025_hiDiv_5.0673.eicrecon.edm4eic.root,1438.0
root://dtn-eic.jlab.org//volatile/eic/EPIC/RECO/25.08.0/epic_craterlake/DIS/NC/5x41/minQ2=100/pythia8NCDIS_5x41_minQ2=100_beamEffects_xAngle=-0.025_hiDiv_5.0674.eicrecon.edm4eic.root,1438.0
root://dtn-eic.jlab.org//volatile/eic/EPIC/RECO/25.08.0/epic_craterlake/DIS/NC/5x41/minQ2=100/pythia8NCDIS_5x41_minQ2=100_beamEffects_xAngle=-0.025_hiDiv_5.0675.eicrecon.edm4eic.root,1438.0
root://dtn-eic.jlab.org//volatile/eic/EPIC/RECO/25.08.0/epic_craterlake/DIS/NC/5x41/minQ2=100/pythia8NCDIS_5x41_minQ2=100_beamEffects_xAngle=-0.025_hiDiv_5.0676.eicrecon.edm4eic.root,1438.0
root://dtn-eic.jlab.org//volatile/eic/EPIC/RECO/25.08.0/epic_craterlake/DIS/NC/5x41/minQ2=100/pythia8NCDIS_5x41_minQ2=100_beamEffects_xAngle=-0.025_hiDiv_5.0677.eicrecon.edm4eic.root,1438.0
root://dtn-eic.jlab.org//volatile/eic/EPIC/RECO/25.08.0/epic_craterlake/DIS/NC/5x41/minQ2=100/pythia8NCDIS_5x41_minQ2=100_beamEffects_xAngle=-0.025_hiDiv_5.0678.eicrecon.edm4eic.root,1438.0
root://dtn-eic.jlab.org//volatile/eic/EPIC/RECO/25.08.0/epic_craterlake/DIS/NC/5x41/minQ2=100/pythia8NCDIS_5x41_minQ2=100_beamEffects_xAngle=-0.025_hiDiv_5.0679.eicrecon.edm4eic.root,1438.0
root://dtn-eic.jlab.org//volatile/eic/EPIC/RECO/25.08.0/epic_craterlake/DIS/NC/5x41/minQ2=100/pythia8NCDIS_5x41_minQ2=100_beamEffects_xAngle=-0.025_hiDiv_5.0680.eicrecon.edm4eic.root,1438.0
root://dtn-eic.jlab.org//volatile/eic/EPIC/RECO/25.08.0/epic_craterlake/DIS/NC/5x41/minQ2=100/pythia8NCDIS_5x41_minQ2=100_beamEffects_xAngle=-0.025_hiDiv_5.0681.eicrecon.edm4eic.root,1438.0
root://dtn-eic.jlab.org//volatile/eic/EPIC/RECO/25.08.0/epic_craterlake/DIS/NC/5x41/minQ2=100/pythia8NCDIS_5x41_minQ2=100_beamEffects_xAngle=-0.025_hiDiv_5.0682.eicrecon.edm4eic.root,1438.0
root://dtn-eic.jlab.org//volatile/eic/EPIC/RECO/25.08.0/epic_craterlake/DIS/NC/5x41/minQ2=100/pythia8NCDIS_5x41_minQ2=100_beamEffects_xAngle=-0.025_hiDiv_5.0683.eicrecon.edm4eic.root,1438.0
root://dtn-eic.jlab.org//volatile/eic/EPIC/RECO/25.08.0/epic_craterlake/DIS/NC/5x41/minQ2=100/pythia8NCDIS_5x41_minQ2=100_beamEffects_xAngle=-0.025_hiDiv_5.0684.eicrecon.edm4eic.root,1438.0
root://dtn-eic.jlab.org//volatile/eic/EPIC/RECO/25.08.0/epic_craterlake/DIS/NC/5x41/minQ2=100/pythia8NCDIS_5x41_minQ2=100_beamEffects_xAngle=-0.025_hiDiv_5.0685.eicrecon.edm4eic.root,1438.0
root://dtn-eic.jlab.org//volatile/eic/EPIC/RECO/25.08.0/epic_craterlake/DIS/NC/5x41/minQ2=100/pythia8NCDIS_5x41_minQ2=100_beamEffects_xAngle=-0.025_hiDiv_5.0686.eicrecon.edm4eic.root,1438.0
root://dtn-eic.jlab.org//volatile/eic/EPIC/RECO/25.08.0/epic_craterlake/DIS/NC/5x41/minQ2=100/pythia8NCDIS_5x41_minQ2=100_beamEffects_xAngle=-0.025_hiDiv_5.0687.eicrecon.edm4eic.root,1438.0
root://dtn-eic.jlab.org//volatile/eic/EPIC/RECO/25.08.0/epic_craterlake/DIS/NC/5x41/minQ2=100/pythia8NCDIS_5x41_minQ2=100_beamEffects_xAngle=-0.025_hiDiv_5.0688.eicrecon.edm4eic.root,1438.0
root://dtn-eic.jlab.org//volatile/eic/EPIC/RECO/25.08.0/epic_craterlake/DIS/NC/5x41/minQ2=100/pythia8NCDIS_5x41_minQ2=100_beamEffects_xAngle=-0.025_hiDiv_5.0689.eicrecon.edm4eic.root,1438.0
root://dtn-eic.jlab.org//volatile/eic/EPIC/RECO/25.08.0/epic_craterlake/DIS/NC/5x41/minQ2=100/pythia8NCDIS_5x41_minQ2=100_beamEffects_xAngle=-0.025_hiDiv_5.0690.eicrecon.edm4eic.root,1438.0
root://dtn-eic.jlab.org//volatile/eic/EPIC/RECO/25.08.0/epic_craterlake/DIS/NC/5x41/minQ2=100/pythia8NCDIS_5x41_minQ2=100_beamEffects_xAngle=-0.025_hiDiv_5.0691.eicrecon.edm4eic.root,1438.0
root://dtn-eic.jlab.org//volatile/eic/EPIC/RECO/25.08.0/epic_craterlake/DIS/NC/5x41/minQ2=100/pythia8NCDIS_5x41_minQ2=100_beamEffects_xAngle=-0.025_hiDiv_5.0692.eicrecon.edm4eic.root,1438.0
root://dtn-eic.jlab.org//volatile/eic/EPIC/RECO/25.08.0/epic_craterlake/DIS/NC/5x41/minQ2=100/pythia8NCDIS_5x41_minQ2=100_beamEffects_xAngle=-0.025_hiDiv_5.0693.eicrecon.edm4eic.root,1438.0
root://dtn-eic.jlab.org//volatile/eic/EPIC/RECO/25.08.0/epic_craterlake/DIS/NC/5x41/minQ2=100/pythia8NCDIS_5x41_minQ2=100_beamEffects_xAngle=-0.025_hiDiv_5.0694.eicrecon.edm4eic.root,1438.0
